Date,Open,High,Low,Close,Volume,Name,Market_Cap
2021-01-01,29000.0,29574.0,28677.55,29533.16,3834122,BTC-USD,95640943774.39156
2021-01-02,29533.16,30152.78,29394.51,29851.13,4287781,BTC-USD,109960409137.75342
2021-01-03,29851.13,29990.16,28628.8,29396.81,5257598,BTC-USD,150113006034.55338
2021-01-04,29396.81,30727.46,29129.88,30266.24,1613390,BTC-USD,42887660739.8492
2021-01-05,30266.24,31921.0,29491.58,31849.09,3981290,BTC-USD,102852916703.51689
2021-01-06,31849.09,32182.21,31657.79,32017.18,2825379,BTC-USD,101497407934.75713
2021-01-07,32017.18,32610.23,31207.49,31374.92,3259994,BTC-USD,82624364188.71063
2021-01-08,31374.92,31497.08,31089.26,31154.33,1227100,BTC-USD,43286314783.06908
2021-01-09,31154.33,31215.67,29672.22,29737.23,5080298,BTC-USD,129567336349.16252
2021-01-10,29737.23,30208.06,28584.43,28716.71,5545853,BTC-USD,189497309896.73807
2021-01-11,28716.71,29603.68,28549.54,29090.79,5095529,BTC-USD,154391979214.05545
2021-01-12,29090.79,30257.2,28846.66,30030.47,2800738,BTC-USD,92013008579.31595
2021-01-13,30030.47,30705.33,29977.1,30408.68,2662585,BTC-USD,68350709690.57153
2021-01-14,30408.68,31979.35,30386.79,31694.67,5399227,BTC-USD,195912990688.67297
2021-01-15,31694.67,32334.79,31220.7,32127.53,3871260,BTC-USD,141248708124.82385
2021-01-16,32127.53,36282.58,32099.57,35951.68,2815066,BTC-USD,107399886508.28687
2021-01-17,35951.68,36820.67,35759.55,36103.1,1547998,BTC-USD,55938381216.0288
2021-01-18,36103.1,36371.6,34857.77,35141.89,2543677,BTC-USD,97309150301.0797
2021-01-19,35141.89,36422.29,34659.79,36302.94,3568930,BTC-USD,103957351442.80922
2021-01-20,36302.94,36547.31,35805.32,35946.26,1572602,BTC-USD,58619399683.122665
2021-01-21,35946.26,40233.88,35475.39,40129.12,14243791,BTC-USD,651020458292.4832
2021-01-22,40129.12,40496.26,38442.9,38629.52,2458558,BTC-USD,89536661466.68616
2021-01-23,38629.52,39117.7,35537.03,35840.24,2166785,BTC-USD,65490293571.25641
2021-01-24,35840.24,37613.53,35817.17,37239.28,3884291,BTC-USD,140070214784.23953
2021-01-25,37239.28,37329.17,37046.49,37172.14,8773844,BTC-USD,355769927840.9475
2021-01-26,37172.14,40537.29,37092.47,39765.87,2316117,BTC-USD,77635005943.70302
2021-01-27,39765.87,41071.33,39747.81,40818.64,3643547,BTC-USD,131237505278.05132
2021-01-28,40818.64,41817.58,40029.27,41591.53,3404080,BTC-USD,121620925393.19487
2021-01-29,41591.53,41948.18,40662.77,41026.88,4424826,BTC-USD,203099584080.85028
2021-01-30,41026.88,41137.63,39862.26,40033.61,950887,BTC-USD,31411615885.010788
2021-01-31,40033.61,41126.5,39951.28,40748.98,1588432,BTC-USD,69557856399.17607
2021-02-01,40748.98,41051.03,39318.86,39323.99,3948651,BTC-USD,146982260311.80054
2021-02-02,39323.99,39647.66,39087.5,39449.78,2140805,BTC-USD,93095353013.99448
2021-02-03,39449.78,40807.72,39086.58,40616.13,2918670,BTC-USD,140565227986.5952
2021-02-04,40616.13,42043.65,40385.88,41585.1,3010900,BTC-USD,105903683684.33755
2021-02-05,41585.1,42389.59,41416.55,41418.56,2698855,BTC-USD,103483272150.45494
2021-02-06,41418.56,41879.34,40397.94,40789.48,5680013,BTC-USD,260425312846.6941
2021-02-07,40789.48,43013.3,40569.37,41735.73,1545490,BTC-USD,58468838299.96437
2021-02-08,41735.73,41933.37,40927.57,41760.75,2140010,BTC-USD,79184733457.35533
2021-02-09,41760.75,44310.11,41758.79,43796.8,1490457,BTC-USD,73773158607.39417
2021-02-10,43796.8,50908.9,43698.93,50707.7,4671544,BTC-USD,283035913379.20074
2021-02-11,50707.7,51635.88,50478.27,51598.3,4821158,BTC-USD,254423483999.35086
2021-02-12,51598.3,53721.31,51487.83,53538.14,1753510,BTC-USD,85544980310.47894
2021-02-13,53538.14,54123.94,53414.49,53916.19,2181518,BTC-USD,112846905272.6189
2021-02-14,53916.19,55994.28,53332.25,55965.53,5536654,BTC-USD,268976174555.58063
2021-02-15,55965.53,56490.39,53160.59,53322.93,3717655,BTC-USD,219002478932.9172
2021-02-16,53322.93,53886.7,53018.51,53420.91,5767693,BTC-USD,341820032164.4406
2021-02-17,53420.91,55618.01,52805.2,55258.06,1543581,BTC-USD,98093713272.00328
2021-02-18,55258.06,55731.03,49755.72,49830.38,3507638,BTC-USD,141689459769.6934
2021-02-19,49830.38,51447.87,49560.66,50498.34,4820612,BTC-USD,249468222973.09702
2021-02-20,50498.34,50760.28,50275.63,50464.63,1714088,BTC-USD,76613961387.8291
2021-02-21,50464.63,50677.75,49110.31,49163.01,2563518,BTC-USD,118008839029.96445
2021-02-22,49163.01,52178.67,48287.27,51953.22,2329798,BTC-USD,134836977027.90152
2021-02-23,51953.22,52131.49,49055.51,49188.85,10043169,BTC-USD,433156313129.9493
2021-02-24,49188.85,50135.05,47840.64,47882.09,2430381,BTC-USD,122811348859.75699
2021-02-25,47882.09,48008.22,46463.26,46790.37,4412483,BTC-USD,219226512383.31467
2021-02-26,46790.37,47770.07,45899.66,46049.04,4249468,BTC-USD,231227473184.26996
2021-02-27,46049.04,51274.8,45787.59,51231.68,3520420,BTC-USD,200207914141.88284
2021-02-28,51231.68,53668.91,50701.74,53385.22,3620567,BTC-USD,216759985144.63757
2021-03-01,53385.22,54591.54,53117.53,54337.75,5555612,BTC-USD,305695302721.4916
2021-03-02,54337.75,54809.45,52897.51,53119.82,3091882,BTC-USD,143662940233.98685
2021-03-03,53119.82,53713.11,49520.68,50302.85,2001484,BTC-USD,97682626889.47008
2021-03-04,50302.85,50717.68,47670.7,48173.13,6345369,BTC-USD,311727401340.4504
2021-03-05,48173.13,49016.31,47364.64,48977.75,1280505,BTC-USD,67192168590.47623
2021-03-06,48977.75,52061.45,48736.71,51788.03,1523123,BTC-USD,82277957679.26309
2021-03-07,51788.03,52725.71,51195.38,52166.98,5019959,BTC-USD,250770231651.17734
2021-03-08,52166.98,52867.06,49819.9,51074.6,3146288,BTC-USD,145610159324.54047
2021-03-09,51074.6,51226.95,49875.3,50071.6,3071686,BTC-USD,133393232477.43095
2021-03-10,50071.6,51085.41,49211.62,49770.81,9545711,BTC-USD,511935972676.3825
2021-03-11,49770.81,49894.9,48331.05,49223.8,4001946,BTC-USD,208447881005.5826
2021-03-12,49223.8,49469.1,48515.24,49428.21,2698633,BTC-USD,143385938889.162
2021-03-13,49428.21,51129.97,48646.42,51010.75,3400743,BTC-USD,164629158930.8574
2021-03-14,51010.75,53081.26,50862.88,52955.5,2976883,BTC-USD,142660494148.57858
2021-03-15,52955.5,53521.85,48612.78,49777.37,2742091,BTC-USD,150674247627.92355
2021-03-16,49777.37,50191.5,47288.93,48051.25,2646930,BTC-USD,141110193423.59885
2021-03-17,48051.25,51494.94,47740.09,50527.38,4273797,BTC-USD,212110018136.7808
2021-03-18,50527.38,52653.78,50249.86,52063.72,955894,BTC-USD,51995067596.015594
2021-03-19,52063.72,52661.2,51076.2,52220.4,4410711,BTC-USD,218676252311.41965
2021-03-20,52220.4,52369.32,51600.74,51965.44,2015634,BTC-USD,113204354776.58916
2021-03-21,51965.44,55013.9,51510.45,54630.56,2906836,BTC-USD,180127393447.264
2021-03-22,54630.56,54898.88,52083.48,52797.54,2472622,BTC-USD,140377777132.25067
2021-03-23,52797.54,53503.89,51121.01,51375.26,3189134,BTC-USD,164667216485.56747
2021-03-24,51375.26,52197.58,49941.39,50266.26,2671691,BTC-USD,132075087591.65134
2021-03-25,50266.26,54202.35,49647.12,53280.43,3594057,BTC-USD,202394183618.32684
2021-03-26,53280.43,56194.01,52952.34,55943.7,6703174,BTC-USD,401972014598.99677
2021-03-27,55943.7,57202.57,55752.12,56506.12,8501598,BTC-USD,491677586154.9357
2021-03-28,56506.12,57305.12,55983.92,57194.58,4908251,BTC-USD,294755140267.1835
2021-03-29,57194.58,57559.04,54085.03,54547.88,2046982,BTC-USD,93640802861.29417
2021-03-30,54547.88,55380.98,54546.99,55238.52,2641833,BTC-USD,172301572484.07886
2021-03-31,55238.52,57812.56,54927.38,57759.67,11636169,BTC-USD,750272861008.7144
2021-04-01,57759.67,60877.62,57642.35,60641.17,3351056,BTC-USD,192964210868.90866
2021-04-02,60641.17,64937.06,60488.85,64120.17,2605412,BTC-USD,171256836715.92743
2021-04-03,64120.17,65377.76,59499.05,59630.28,1274492,BTC-USD,62237285670.17213
2021-04-04,59630.28,62109.99,59355.54,61711.5,4382162,BTC-USD,220803523847.50717
2021-04-05,61711.5,62455.69,57419.34,58483.33,5164416,BTC-USD,271925469845.26257
2021-04-06,58483.33,59671.79,53218.19,54090.01,2177139,BTC-USD,126697288009.25098
2021-04-07,54090.01,55708.23,54066.37,55204.69,5591963,BTC-USD,352186151771.55304
2021-04-08,55204.69,55602.4,54926.88,55406.83,5513203,BTC-USD,312700884405.1384
2021-04-09,55406.83,55449.37,53824.53,55004.85,4224749,BTC-USD,235368509100.19495
2021-04-10,55004.85,55643.09,51678.62,52714.06,2962041,BTC-USD,150039804074.12103
2021-04-11,52714.06,52736.02,50413.04,50504.71,2218593,BTC-USD,96882298207.11694
2021-04-12,50504.71,50756.91,50116.47,50597.2,2212930,BTC-USD,94875201169.25816
2021-04-13,50597.2,53937.13,50158.6,53801.3,4137152,BTC-USD,245793429741.98267
2021-04-14,53801.3,54286.51,53024.4,53180.57,2560249,BTC-USD,159438285272.04602
2021-04-15,53180.57,54411.06,53140.55,53717.55,2110627,BTC-USD,111485810022.54842
2021-04-16,53717.55,54358.54,51745.93,52450.39,1700055,BTC-USD,94855562905.90427
2021-04-17,52450.39,57583.97,51357.08,57226.86,6553119,BTC-USD,437185462393.1081
2021-04-18,57226.86,57837.73,53142.68,53263.05,4974690,BTC-USD,221524591201.39932
2021-04-19,53263.05,54168.36,52934.37,53295.38,1742060,BTC-USD,102888754613.68929
2021-04-20,53295.38,55589.15,52870.36,55566.19,3515182,BTC-USD,204452186730.9615
2021-04-21,55566.19,59157.07,55407.28,59113.03,7972880,BTC-USD,489896218767.7494
2021-04-22,59113.03,61794.67,58734.36,61741.72,2175149,BTC-USD,123152924730.06827
2021-04-23,61741.72,65969.7,61733.72,65794.71,2109898,BTC-USD,149031366588.36868
2021-04-24,65794.71,66108.44,64915.43,65404.64,1121973,BTC-USD,82035408011.2522
2021-04-25,65404.64,71431.13,65023.6,70041.52,3724537,BTC-USD,220474410811.3486
2021-04-26,70041.52,70758.61,69786.74,69935.85,3540458,BTC-USD,250924968376.89963
2021-04-27,69935.85,71568.8,69580.29,71110.99,1756932,BTC-USD,105010453316.25804
2021-04-28,71110.99,71362.12,63955.54,64172.19,2660598,BTC-USD,196181179140.06845
2021-04-29,64172.19,64449.77,62798.02,63141.18,5484631,BTC-USD,347363930578.68884
2021-04-30,63141.18,63368.98,57623.93,58324.54,2665660,BTC-USD,174625581587.69385
2021-05-01,58324.54,58912.5,53652.12,54222.32,2144093,BTC-USD,110123272782.18771
2021-05-02,54222.32,54231.02,50852.27,51277.57,1082119,BTC-USD,47166904128.58092
2021-05-03,51277.57,52150.64,51192.86,51751.71,4344704,BTC-USD,183609067892.64218
2021-05-04,51751.71,51958.91,49901.14,50218.91,10174004,BTC-USD,466274303429.84564
2021-05-05,50218.91,50714.36,49670.83,50588.79,2172739,BTC-USD,98671089313.28069
2021-05-06,50588.79,53526.93,50063.91,53312.59,2533194,BTC-USD,138311374103.24783
2021-05-07,53312.59,53834.4,52636.4,52862.33,2479771,BTC-USD,106009045384.0601
2021-05-08,52862.33,55231.02,52643.78,54698.49,8355227,BTC-USD,460778746585.6767
2021-05-09,54698.49,55379.3,53180.94,53271.81,4964299,BTC-USD,253008496582.06226
2021-05-10,53271.81,54510.23,51519.45,51664.1,1862174,BTC-USD,99175441416.26207
2021-05-11,51664.1,61642.56,51211.76,61563.01,3621160,BTC-USD,240979445380.6318
2021-05-12,61563.01,62364.46,60127.4,60326.04,2584026,BTC-USD,164245174338.68918
2021-05-13,60326.04,60584.92,58801.38,59536.63,1886666,BTC-USD,134100949688.55057
2021-05-14,59536.63,61541.72,59062.42,60716.75,4548861,BTC-USD,236228760743.69354
2021-05-15,60716.75,62602.44,60078.14,61787.56,2888697,BTC-USD,173469168070.26877
2021-05-16,61787.56,62286.44,61608.18,61707.75,4817358,BTC-USD,288330146777.08124
2021-05-17,61707.75,63748.71,61264.5,62788.19,5141954,BTC-USD,312142103241.4438
2021-05-18,62788.19,63199.53,61350.45,61373.18,4052012,BTC-USD,264978534035.9375
2021-05-19,61373.18,63925.43,61018.25,63813.15,2073443,BTC-USD,131774577533.6666
2021-05-20,63813.15,64841.79,61580.67,61931.92,5748470,BTC-USD,358496276797.0601
2021-05-21,61931.92,67268.69,61744.2,66885.05,5857599,BTC-USD,381185017248.177
2021-05-22,66885.05,70080.82,65858.58,69386.53,13230248,BTC-USD,1098553238477.927
2021-05-23,69386.53,73334.59,68992.61,73321.45,2926269,BTC-USD,251253018264.11743
2021-05-24,73321.45,73997.2,70259.8,71268.22,3479930,BTC-USD,228934009068.83643
2021-05-25,71268.22,71998.21,70154.14,70698.89,2392825,BTC-USD,142887398062.5013
2021-05-26,70698.89,77247.28,70018.21,77132.35,3563590,BTC-USD,312224260871.1864
2021-05-27,77132.35,82204.73,77122.32,81843.83,3371216,BTC-USD,330783569009.9581
2021-05-28,81843.83,82580.86,76024.6,77075.25,4804001,BTC-USD,339553331155.05005
2021-05-29,77075.25,78722.39,76900.09,78043.41,4751591,BTC-USD,349735297446.59784
2021-05-30,78043.41,81277.26,77118.43,80866.91,2338406,BTC-USD,222504742663.81827
2021-05-31,80866.91,83937.71,80732.33,83635.8,2006715,BTC-USD,182007032661.21915
2021-06-01,83635.8,83940.34,81730.17,83661.21,812602,BTC-USD,62425997061.62321
2021-06-02,83661.21,87203.8,83144.69,86291.59,1793922,BTC-USD,159818792830.97632
2021-06-03,86291.59,86483.5,82305.32,83223.3,5813612,BTC-USD,569800254786.6002
2021-06-04,83223.3,84755.61,82591.1,83657.94,3263544,BTC-USD,307074024564.20844
2021-06-05,83657.94,85814.83,82788.77,83539.62,2074401,BTC-USD,190057999518.5658
2021-06-06,83539.62,84245.07,78736.97,80972.43,2934821,BTC-USD,260167470334.1425
2021-06-07,80972.43,81898.0,78650.88,80137.26,1993113,BTC-USD,139151640417.9003
2021-06-08,80137.26,80809.72,79956.94,80630.28,5979192,BTC-USD,544715965073.3926
2021-06-09,80630.28,81713.09,80527.32,81361.36,4314847,BTC-USD,319623339958.50183
2021-06-10,81361.36,81462.16,76228.94,76445.71,2841071,BTC-USD,254575825826.36606
2021-06-11,76445.71,78337.49,75476.36,77524.39,1681887,BTC-USD,123327575248.18623
2021-06-12,77524.39,82670.62,76906.56,82092.46,3147485,BTC-USD,295350388589.5284
2021-06-13,82092.46,82633.37,81113.4,81290.21,8648838,BTC-USD,637324557844.2793
2021-06-14,81290.21,84411.14,80609.25,83339.27,6478455,BTC-USD,543047004077.2585
2021-06-15,83339.27,88273.3,83080.63,87374.53,3463680,BTC-USD,255048925342.39575
2021-06-16,87374.53,89651.49,83337.2,83636.22,2437211,BTC-USD,216894513599.5175
2021-06-17,83636.22,83765.05,82609.3,83155.54,4856480,BTC-USD,458132551145.8109
2021-06-18,83155.54,83707.38,81924.74,83044.05,6253820,BTC-USD,564722127209.4457
2021-06-19,83044.05,87474.75,82977.9,85749.54,5425702,BTC-USD,469579873431.2008
2021-06-20,85749.54,86850.68,79453.04,79592.67,6545547,BTC-USD,426183794055.0471
2021-06-21,79592.67,83793.93,78788.67,83099.17,2963463,BTC-USD,288957216694.52136
2021-06-22,83099.17,85069.97,79487.38,80000.1,2999761,BTC-USD,259706629712.36273
2021-06-23,80000.1,80456.37,79457.93,80012.13,1527858,BTC-USD,134269656142.21446
2021-06-24,80012.13,80543.83,77869.42,79346.34,2814037,BTC-USD,249602464998.53424
2021-06-25,79346.34,81288.41,78981.28,80688.06,2885285,BTC-USD,255878714673.74533
2021-06-26,80688.06,80910.05,77569.74,78076.1,4881331,BTC-USD,372138675274.5609
2021-06-27,78076.1,78942.64,77426.87,78902.94,3626600,BTC-USD,312889700921.0203
2021-06-28,78902.94,79423.24,78084.17,78569.85,2541202,BTC-USD,209647092359.29883
2021-06-29,78569.85,78651.6,77141.64,77504.8,4214724,BTC-USD,372918720746.06586
2021-06-30,77504.8,77947.73,73725.22,74193.71,11149677,BTC-USD,927318149187.1484
2021-07-01,74193.71,75823.98,72534.98,74550.09,2343206,BTC-USD,142639988312.06873
2021-07-02,74550.09,75204.92,68349.36,68765.13,3218817,BTC-USD,210619402092.44543
2021-07-03,68765.13,70194.1,68101.12,70053.49,2133539,BTC-USD,121644978574.67738
2021-07-04,70053.49,70678.51,70023.18,70235.33,5472448,BTC-USD,323180727159.73486
2021-07-05,70235.33,71287.47,69460.14,70677.67,3493040,BTC-USD,256894437132.37903
2021-07-06,70677.67,72369.24,70226.85,71137.62,2579038,BTC-USD,210900156392.89212
2021-07-07,71137.62,71813.66,69401.94,70052.22,4400304,BTC-USD,261375294840.17697
2021-07-08,70052.22,80103.99,69207.03,80028.16,2172810,BTC-USD,170484031333.2346
2021-07-09,80028.16,81459.99,79847.52,81140.83,3274603,BTC-USD,309372873627.2844
2021-07-10,81140.83,84788.64,80037.43,83544.33,4747490,BTC-USD,446489831822.78955
2021-07-11,83544.33,87365.22,83321.62,85515.31,2674599,BTC-USD,230518532534.6905
2021-07-12,85515.31,87252.96,84995.46,87211.14,3588714,BTC-USD,346973958710.94556
2021-07-13,87211.14,87380.41,85623.75,85935.66,3567300,BTC-USD,309341065652.3764
2021-07-14,85935.66,86764.96,80127.33,80577.7,3947550,BTC-USD,274582288508.29706
2021-07-15,80577.7,85129.33,79207.08,85073.4,2667770,BTC-USD,192888868367.33572
2021-07-16,85073.4,85224.61,80664.18,81496.45,4658379,BTC-USD,332318029065.78925
2021-07-17,81496.45,82737.45,81315.19,82273.36,1842291,BTC-USD,142533087743.71176
2021-07-18,82273.36,82794.37,80774.34,82025.66,2312976,BTC-USD,222395970615.43887
2021-07-19,82025.66,82225.26,81394.06,81976.81,2339480,BTC-USD,214772410422.32452
2021-07-20,81976.81,82460.44,81909.47,82271.7,5715246,BTC-USD,457564241218.9112
2021-07-21,82271.7,83721.52,81893.31,83340.86,4429322,BTC-USD,368121229651.70044
2021-07-22,83340.86,89709.38,81975.64,89420.33,6924105,BTC-USD,561106052861.9183
2021-07-23,89420.33,92085.76,89022.72,90653.68,1987369,BTC-USD,194888993920.55713
2021-07-24,90653.68,95177.89,88874.31,93570.54,2696512,BTC-USD,282870901175.84503
2021-07-25,93570.54,94808.4,92433.51,94739.92,4737605,BTC-USD,401964278849.4219
2021-07-26,94739.92,98779.78,94585.72,97951.1,2072161,BTC-USD,165771780970.29114
2021-07-27,97951.1,98376.45,96791.93,98000.93,2349343,BTC-USD,241647365921.20016
2021-07-28,98000.93,101701.39,97539.24,101608.34,5595997,BTC-USD,582817721336.3252
2021-07-29,101608.34,104975.44,101504.93,103957.93,2850440,BTC-USD,284725414832.9685
2021-07-30,103957.93,105750.85,102363.48,104828.05,5028155,BTC-USD,557429803767.8867
2021-07-31,104828.05,110187.78,102610.14,109574.86,2950168,BTC-USD,329808833412.202
2021-08-01,109574.86,119335.2,108939.66,117952.51,3229854,BTC-USD,342961072761.4409
2021-08-02,117952.51,119385.07,115124.97,117154.34,5595881,BTC-USD,628762938612.6727
2021-08-03,117154.34,127522.0,115196.08,126983.54,2951974,BTC-USD,364073396526.61725
2021-08-04,126983.54,141072.75,124789.84,139616.88,4065965,BTC-USD,654020616645.9905
2021-08-05,139616.88,140110.18,138915.64,139942.2,3633829,BTC-USD,602278727587.5797
2021-08-06,139942.2,145587.1,139266.02,145426.06,7181317,BTC-USD,1208523126172.864
2021-08-07,145426.06,147555.65,137156.35,139332.45,8893831,BTC-USD,1347841361474.5195
2021-08-08,139332.45,141813.72,138717.94,138957.82,5085123,BTC-USD,730640551308.4385
2021-08-09,138957.82,144512.09,138217.37,142269.37,1746450,BTC-USD,267276399676.7648
2021-08-10,142269.37,150427.16,141566.52,149267.33,3724104,BTC-USD,653525114341.985
2021-08-11,149267.33,150269.85,146067.11,146541.61,2825667,BTC-USD,372669802867.194
2021-08-12,146541.61,146615.5,137156.19,138222.85,786799,BTC-USD,110281392816.68185
2021-08-13,138222.85,146422.35,137705.51,143918.57,3130106,BTC-USD,484646256408.2437
2021-08-14,143918.57,149974.29,143245.47,148128.95,3887403,BTC-USD,617123741412.5952
2021-08-15,148128.95,148835.59,144932.28,148033.82,3712020,BTC-USD,495054969882.3466
2021-08-16,148033.82,149860.09,144634.93,146838.63,5000812,BTC-USD,759787596789.954
2021-08-17,146838.63,147351.47,129121.74,129775.56,1113546,BTC-USD,161616143982.64926
2021-08-18,129775.56,134409.24,129549.87,133117.6,5636187,BTC-USD,742796632449.8575
2021-08-19,133117.6,133176.49,130423.69,130844.52,2609051,BTC-USD,381430467740.9169
2021-08-20,130844.52,132287.44,130594.69,131658.53,2090091,BTC-USD,259755400722.6289
2021-08-21,131658.53,133786.08,125757.26,127730.0,4204704,BTC-USD,631324248262.503
2021-08-22,127730.0,128104.25,117505.91,118373.21,4208907,BTC-USD,504983388096.87885
2021-08-23,118373.21,121957.4,117420.08,120977.4,1777136,BTC-USD,223244559074.9019
2021-08-24,120977.4,133845.0,119812.43,133582.4,3812555,BTC-USD,413821054075.12
2021-08-25,133582.4,133672.56,130162.04,131617.1,5918035,BTC-USD,676181730553.9172
2021-08-26,131617.1,136230.62,130601.51,134691.09,3791658,BTC-USD,537858417565.3595
2021-08-27,134691.09,139916.45,132517.57,139564.22,4101105,BTC-USD,554022081815.6554
2021-08-28,139564.22,140909.74,137061.04,138511.14,4346907,BTC-USD,604061195154.1724
2021-08-29,138511.14,143050.44,138303.29,142147.24,3480854,BTC-USD,408298175923.3374
2021-08-30,142147.24,142169.38,139620.84,141428.33,1437088,BTC-USD,230409476621.58807
2021-08-31,141428.33,143624.09,136311.62,137188.2,1686987,BTC-USD,257772498572.417
2021-09-01,137188.2,146676.02,134102.71,145209.67,2323310,BTC-USD,294906594430.37286
2021-09-02,145209.67,147295.71,143191.88,145655.46,1435897,BTC-USD,220384029939.51428
2021-09-03,145655.46,154698.49,144665.04,151014.12,4358917,BTC-USD,742071430643.4694
2021-09-04,151014.12,151606.22,148699.9,149829.56,2840988,BTC-USD,449646595040.7117
2021-09-05,149829.56,149976.91,139731.51,141101.47,2400713,BTC-USD,313053520192.04596
2021-09-06,141101.47,141661.41,130495.23,131799.55,5232426,BTC-USD,732695052225.699
2021-09-07,131799.55,132095.62,126164.4,127399.15,4305994,BTC-USD,485046020559.6068
2021-09-08,127399.15,136062.38,125369.69,135760.6,4074413,BTC-USD,512932235633.8864
2021-09-09,135760.6,136553.35,134974.6,135803.05,3374791,BTC-USD,410655761177.7994
2021-09-10,135803.05,138374.51,135736.7,138182.14,3336042,BTC-USD,471477988564.5219
2021-09-11,138182.14,139098.15,133374.37,134925.23,2812397,BTC-USD,319997866395.67523
2021-09-12,134925.23,135939.02,132799.03,133759.97,5113845,BTC-USD,802586284249.1486
2021-09-13,133759.97,135428.95,132195.55,132512.89,2211078,BTC-USD,273484227662.62653
2021-09-14,132512.89,144723.68,131673.06,142954.16,4020430,BTC-USD,510129865315.30963
2021-09-15,142954.16,143139.74,126269.3,127159.86,2370237,BTC-USD,300983051987.7112
2021-09-16,127159.86,128116.99,120574.05,121383.66,1506401,BTC-USD,166541867208.04208
2021-09-17,121383.66,123685.69,117640.85,118880.31,2520765,BTC-USD,303853198234.49554
2021-09-18,118880.31,120123.48,111298.17,112137.67,5045723,BTC-USD,531529264907.7261
2021-09-19,112137.67,118689.62,110526.06,116687.61,1774237,BTC-USD,176561974741.15146
2021-09-20,116687.61,119114.65,112041.91,112628.61,3622642,BTC-USD,369806006688.51385
2021-09-21,112628.61,113556.68,106261.04,107437.79,4716075,BTC-USD,494208040603.1243
2021-09-22,107437.79,107640.94,100905.31,102441.51,1681468,BTC-USD,139888925753.7963
2021-09-23,102441.51,102616.16,101596.4,102499.93,3543834,BTC-USD,402566309828.7928
2021-09-24,102499.93,103388.11,102164.92,102998.81,1803282,BTC-USD,194786778157.54468
2021-09-25,102998.81,118775.16,101874.78,118419.79,4432919,BTC-USD,546228638350.09607
2021-09-26,118419.79,118794.48,113927.68,114010.91,4828464,BTC-USD,560637724865.9592
2021-09-27,114010.91,115828.99,113791.95,114424.94,2800873,BTC-USD,332067502476.5664
2021-09-28,114424.94,115249.64,113199.92,115074.18,2095131,BTC-USD,283012530601.93976
2021-09-29,115074.18,115349.07,110289.64,112352.67,4214306,BTC-USD,380413794254.0769
2021-09-30,112352.67,114771.5,107221.92,108126.21,3320524,BTC-USD,294093260682.3285
2021-10-01,108126.21,109187.07,108037.73,109185.38,3111312,BTC-USD,297788700309.67883
2021-10-02,109185.38,113134.25,108564.72,112806.8,4411816,BTC-USD,431451486835.9646
2021-10-03,112806.8,113073.43,110322.28,110917.37,2086014,BTC-USD,201869710083.35046
2021-10-04,110917.37,111147.82,110667.64,111137.69,3608452,BTC-USD,428617227619.16644
2021-10-05,111137.69,121199.43,111126.18,120836.75,1696506,BTC-USD,201677897683.19366
2021-10-06,120836.75,121205.58,115861.62,116452.92,3358463,BTC-USD,468037266117.5371
2021-10-07,116452.92,117205.82,108197.05,109223.02,3041788,BTC-USD,295938237146.13257
2021-10-08,109223.02,109878.28,103695.8,104707.81,4027253,BTC-USD,389776810366.27057
2021-10-09,104707.81,104773.42,102136.64,102288.71,2761976,BTC-USD,337241835976.15375
2021-10-10,102288.71,102598.11,100179.24,100194.96,2270780,BTC-USD,257713450534.6168
2021-10-11,100194.96,101109.17,92490.59,94914.64,5215575,BTC-USD,489054253365.52124
2021-10-12,94914.64,95127.97,89376.07,90468.76,2790342,BTC-USD,257951729203.1665
2021-10-13,90468.76,103624.45,90258.27,102840.6,1937213,BTC-USD,226571878686.33417
2021-10-14,102840.6,105763.25,102370.06,104336.29,1799827,BTC-USD,186358604739.55698
2021-10-15,104336.29,108388.46,104208.64,107855.9,2629808,BTC-USD,250286899953.5953
2021-10-16,107855.9,112497.08,107115.02,111044.56,2599661,BTC-USD,326604124732.673
2021-10-17,111044.56,115413.59,109920.9,114001.91,3838246,BTC-USD,444178578992.4908
2021-10-18,114001.91,116224.81,113669.65,116089.38,2268567,BTC-USD,226807136546.30957
2021-10-19,116089.38,116530.24,114468.25,115401.77,2291629,BTC-USD,265048929976.26758
2021-10-20,115401.77,116957.42,113659.87,115443.05,2848025,BTC-USD,317369732548.8741
2021-10-21,115443.05,116569.95,114362.98,115058.33,3147412,BTC-USD,416723262650.282
2021-10-22,115058.33,120263.22,115046.79,119575.22,2492260,BTC-USD,253436469838.92963
2021-10-23,119575.22,122291.83,115764.4,116475.94,5940274,BTC-USD,795741913103.6406
2021-10-24,116475.94,124344.37,116329.25,121663.92,2283585,BTC-USD,279186936998.3676
2021-10-25,121663.92,122946.18,120832.23,121912.39,4661122,BTC-USD,546510614533.9037
2021-10-26,121912.39,122055.52,119967.01,121132.55,3183749,BTC-USD,333509930879.4529
2021-10-27,121132.55,121581.35,117899.06,117942.43,1967734,BTC-USD,250721608806.22342
2021-10-28,117942.43,119210.25,117671.22,118229.57,2075782,BTC-USD,287317371692.5626
2021-10-29,118229.57,119150.59,116052.78,117360.74,2718281,BTC-USD,303116649499.8813
2021-10-30,117360.74,118969.78,116984.27,118772.17,3264767,BTC-USD,347681903314.8226
2021-10-31,118772.17,122432.27,116243.57,121992.86,4612769,BTC-USD,575074874605.1631
2021-11-01,121992.86,125683.52,121813.53,123705.32,2724420,BTC-USD,376954104994.2748
2021-11-02,123705.32,124830.22,119592.55,120242.04,3824837,BTC-USD,368618077276.7289
2021-11-03,120242.04,120570.74,116419.0,117828.34,3204704,BTC-USD,397448460763.82404
2021-11-04,117828.34,119916.97,113178.48,113930.43,6700036,BTC-USD,792807714196.2101
2021-11-05,113930.43,115675.14,112571.06,114693.02,2909678,BTC-USD,309445273698.3338
2021-11-06,114693.02,120430.62,114285.5,120133.86,4435372,BTC-USD,522484884080.23175
2021-11-07,120133.86,121523.67,118812.5,121284.22,2128540,BTC-USD,232028894703.20663
2021-11-08,121284.22,124707.04,120451.53,123244.08,1080988,BTC-USD,148673425609.43268
2021-11-09,123244.08,128636.97,122224.86,128530.18,4871445,BTC-USD,659822122215.2109
2021-11-10,128530.18,134774.19,128232.62,133725.74,611820,BTC-USD,82886616950.46712
2021-11-11,133725.74,134984.88,131615.68,132513.42,4573885,BTC-USD,580045146399.5288
2021-11-12,132513.42,133672.95,119152.6,120558.98,2454665,BTC-USD,271237501914.7621
2021-11-13,120558.98,122458.75,119878.73,121443.77,3585023,BTC-USD,491583746468.7074
2021-11-14,121443.77,130690.21,119463.11,128120.0,5273580,BTC-USD,662518485821.6342
2021-11-15,128120.0,129180.64,124420.04,125446.44,3263506,BTC-USD,409632236318.4351
2021-11-16,125446.44,126015.0,123641.55,124824.67,4597472,BTC-USD,578659184701.4336
2021-11-17,124824.67,125824.44,112023.37,112832.18,1285594,BTC-USD,142060491572.95178
2021-11-18,112832.18,112969.55,112404.69,112618.49,4361728,BTC-USD,443286380350.63293
2021-11-19,112618.49,121362.47,112363.43,120069.69,2023380,BTC-USD,206051808251.76022
2021-11-20,120069.69,121376.95,117138.79,118625.59,3891565,BTC-USD,387506821162.2386
2021-11-21,118625.59,120018.81,98736.67,100430.93,7549328,BTC-USD,836267827490.444
2021-11-22,100430.93,102239.99,99845.0,102038.67,1705807,BTC-USD,154809369139.6716
2021-11-23,102038.67,104902.1,96988.18,97140.08,3859259,BTC-USD,308259426713.5022
2021-11-24,97140.08,97277.86,95486.8,95582.3,3516514,BTC-USD,376116699409.41376
2021-11-25,95582.3,95913.09,94073.96,94124.55,4908498,BTC-USD,398079352230.2943
2021-11-26,94124.55,95022.13,91015.06,91075.65,3695546,BTC-USD,353422635044.11584
2021-11-27,91075.65,95092.12,90917.26,94865.11,3003757,BTC-USD,266560186108.61206
2021-11-28,94865.11,95854.93,93618.81,95388.5,1890494,BTC-USD,153388453578.006
2021-11-29,95388.5,95494.34,94586.9,94920.35,7609794,BTC-USD,697615322850.2625
2021-11-30,94920.35,99240.99,94821.17,98868.34,10615121,BTC-USD,845816270038.275
2021-12-01,98868.34,99472.24,95773.28,96068.27,3061141,BTC-USD,334196121593.46356
2021-12-02,96068.27,96226.0,93046.99,93396.7,3326974,BTC-USD,312406072518.1762
2021-12-03,93396.7,94701.1,91662.01,91881.89,6680224,BTC-USD,525199384070.53656
2021-12-04,91881.89,92388.67,86711.04,87671.35,2931821,BTC-USD,229994420100.78958
2021-12-05,87671.35,88241.38,84205.28,84309.13,5720870,BTC-USD,472284497687.5007
2021-12-06,84309.13,85154.8,81659.28,81907.02,2174953,BTC-USD,155973507899.78055
2021-12-07,81907.02,81936.94,74672.86,75873.78,3750278,BTC-USD,258209931075.81485
2021-12-08,75873.78,77543.25,74673.0,76899.35,3952796,BTC-USD,308148279898.4182
2021-12-09,76899.35,83551.36,75912.78,81897.87,2061747,BTC-USD,191317458111.29605
2021-12-10,81897.87,86001.08,80092.81,85604.59,1945974,BTC-USD,160043519269.7086
2021-12-11,85604.59,86355.5,84225.32,85309.29,2295238,BTC-USD,212799072312.2295
2021-12-12,85309.29,86268.08,80299.0,82577.82,5563218,BTC-USD,528617666815.9587
2021-12-13,82577.82,82753.5,78484.8,79108.89,2853463,BTC-USD,200118048193.1976
2021-12-14,79108.89,80280.74,79034.44,79263.65,2782694,BTC-USD,247668984313.6354
2021-12-15,79263.65,81974.53,78582.5,81511.8,5787393,BTC-USD,520311670457.5159
2021-12-16,81511.8,81814.64,80759.85,81567.39,5878801,BTC-USD,452077971619.95825
2021-12-17,81567.39,81863.93,78790.69,79188.3,4322504,BTC-USD,409315199670.0671
2021-12-18,79188.3,80140.69,78805.21,80080.65,2906011,BTC-USD,210614037832.08923
2021-12-19,80080.65,81309.5,79859.06,80962.3,4714108,BTC-USD,344231818977.7555
2021-12-20,80962.3,81642.24,77844.52,77898.88,5504132,BTC-USD,475459876676.7524
2021-12-21,77898.88,78134.05,76271.55,76730.68,7426188,BTC-USD,554923120891.2601
2021-12-22,76730.68,77803.2,75854.32,77476.65,8952463,BTC-USD,646662142727.6512
2021-12-23,77476.65,82265.63,77107.09,81845.36,4561787,BTC-USD,325371175965.8491
2021-12-24,81845.36,82398.19,72218.56,72423.73,2872081,BTC-USD,230083200844.11276
2021-12-25,72423.73,74334.67,71427.27,73983.32,5423614,BTC-USD,447212418282.0853
2021-12-26,73983.32,74076.42,68689.07,69043.89,3576126,BTC-USD,253483768070.73123
2021-12-27,69043.89,70302.48,68207.02,69960.25,4960992,BTC-USD,410560584717.03094
2021-12-28,69960.25,71157.74,69867.46,70697.94,2008171,BTC-USD,131647150251.7615
2021-12-29,70697.94,73596.52,70519.12,73508.03,3166941,BTC-USD,206687013690.59686
2021-12-30,73508.03,81579.15,73222.64,80817.39,2307765,BTC-USD,199747100521.9502
2021-12-31,80817.39,83696.33,80006.62,83283.9,9142332,BTC-USD,840110936588.7903
2022-01-01,83283.9,86926.74,82058.22,85026.83,2867391,BTC-USD,216977428773.34155
2022-01-02,85026.83,85476.03,79527.32,80052.15,7017108,BTC-USD,466601632006.91016
2022-01-03,80052.15,80688.07,78151.52,79131.67,3461994,BTC-USD,307980181522.6646
2022-01-04,79131.67,80470.67,77390.59,77665.05,6560517,BTC-USD,606638344164.3308
2022-01-05,77665.05,78275.57,73129.06,74410.29,3134155,BTC-USD,246709187727.91302
2022-01-06,74410.29,74430.92,72328.29,73147.85,3094172,BTC-USD,206221695221.46387
2022-01-07,73147.85,73490.61,70640.22,70695.03,4489581,BTC-USD,380446842454.89526
2022-01-08,70695.03,73066.77,70438.6,72200.61,2542606,BTC-USD,212455698677.78006
2022-01-09,72200.61,72872.71,69373.73,70008.61,2935096,BTC-USD,206581783912.9216
2022-01-10,70008.61,72203.41,68257.13,72054.94,1518696,BTC-USD,123669453770.96849
2022-01-11,72054.94,78313.19,71126.91,77918.45,877019,BTC-USD,76968720697.53137
2022-01-12,77918.45,82527.37,77540.57,80621.7,4817293,BTC-USD,455924953811.5218
2022-01-13,80621.7,81783.57,73598.12,73974.24,3086084,BTC-USD,259422618172.43893
2022-01-14,73974.24,76638.76,73876.5,76195.42,6358534,BTC-USD,512335697093.82446
2022-01-15,76195.42,85634.71,75891.32,84793.17,2358535,BTC-USD,208731417164.59674
2022-01-16,84793.17,86368.62,80573.47,80789.28,4215853,BTC-USD,336148541192.0525
2022-01-17,80789.28,81512.37,76288.38,76399.05,2403925,BTC-USD,192949605205.25143
2022-01-18,76399.05,76660.96,72976.66,74581.51,2281681,BTC-USD,190266160325.02264
2022-01-19,74581.51,75317.77,73725.61,74104.97,3005173,BTC-USD,264479799374.41876
2022-01-20,74104.97,78255.1,74031.91,77359.97,3299972,BTC-USD,251945306597.76813
2022-01-21,77359.97,79539.96,77064.81,79354.89,4494199,BTC-USD,367143640422.5647
2022-01-22,79354.89,80189.13,79328.52,79596.31,2945949,BTC-USD,229309719585.1557
2022-01-23,79596.31,81094.19,77763.67,79317.82,4715307,BTC-USD,399214300098.11554
2022-01-24,79317.82,82824.67,78805.24,81772.0,7941839,BTC-USD,683169251257.9344
2022-01-25,81772.0,82523.61,78229.09,78437.56,6693926,BTC-USD,423789667677.99243
2022-01-26,78437.56,80356.49,78332.21,79965.71,4903227,BTC-USD,398545643095.99
2022-01-27,79965.71,83704.95,78697.74,82266.49,4827230,BTC-USD,331751355335.69476
2022-01-28,82266.49,83485.7,78628.36,79507.48,2935943,BTC-USD,189207028641.03888
2022-01-29,79507.48,80127.37,78690.77,78729.8,3015655,BTC-USD,265076550167.09888
2022-01-30,78729.8,79685.04,73654.7,74915.86,2184865,BTC-USD,147879263788.23416
2022-01-31,74915.86,78773.08,73498.91,77520.67,2594623,BTC-USD,188316854991.96692
2022-02-01,77520.67,78409.57,68560.9,69333.79,3432632,BTC-USD,196498694727.3174
2022-02-02,69333.79,69442.85,67904.13,69125.79,1582495,BTC-USD,95367274419.06401
2022-02-03,69125.79,69432.44,67136.0,67166.98,3186946,BTC-USD,236799423659.78546
2022-02-04,67166.98,68143.02,63853.73,63934.13,3245892,BTC-USD,206986279759.52783
2022-02-05,63934.13,63994.87,62057.7,62069.06,3987289,BTC-USD,285171521156.8226
2022-02-06,62069.06,62145.61,59119.17,59376.43,5443660,BTC-USD,309939528126.86285
2022-02-07,59376.43,61077.94,58169.13,60563.89,3411548,BTC-USD,187500509130.32825
2022-02-08,60563.89,62285.55,60386.28,61970.29,1809375,BTC-USD,105292193145.18044
2022-02-09,61970.29,62320.31,60350.91,60900.28,5555624,BTC-USD,367134660379.4734
2022-02-10,60900.28,63633.09,60477.71,63231.98,4104054,BTC-USD,265217213381.99918
2022-02-11,63231.98,64791.51,63068.86,64302.32,1963460,BTC-USD,146667502963.06955
2022-02-12,64302.32,65036.75,60155.41,60566.37,3395074,BTC-USD,214030783668.332
2022-02-13,60566.37,67522.92,60490.9,66219.78,1818830,BTC-USD,120106160624.69621
2022-02-14,66219.78,66513.52,65045.69,66254.78,6143841,BTC-USD,453586102027.3235
2022-02-15,66254.78,66687.93,64066.28,64220.72,974936,BTC-USD,73819325091.90436
2022-02-16,64220.72,70579.49,64185.46,70389.64,3770721,BTC-USD,250115160095.4998
2022-02-17,70389.64,72206.79,69569.03,71743.88,2951347,BTC-USD,190556491948.1742
2022-02-18,71743.88,72463.88,71007.19,71476.0,3603326,BTC-USD,269524107131.5718
2022-02-19,71476.0,71778.47,70795.58,71500.67,5669309,BTC-USD,405176626924.36316
2022-02-20,71500.67,72034.84,70104.11,70546.24,5031339,BTC-USD,424395060653.5956
2022-02-21,70546.24,73344.56,70182.89,72970.16,4675417,BTC-USD,336029575842.6479
2022-02-22,72970.16,74559.47,72102.61,74119.32,4658257,BTC-USD,286479160956.81537
2022-02-23,74119.32,75908.89,73511.36,75105.16,3229978,BTC-USD,288909619539.00903
2022-02-24,75105.16,76331.29,70306.95,70868.52,2802491,BTC-USD,225904089448.05048
2022-02-25,70868.52,71019.68,65278.63,66242.47,3274062,BTC-USD,188969258846.14264
2022-02-26,66242.47,66297.13,64833.95,65893.22,2232511,BTC-USD,170915499242.86313
2022-02-27,65893.22,66512.55,64085.83,64185.27,4640664,BTC-USD,278878534728.7905
2022-02-28,64185.27,64591.79,63219.77,63624.05,1759201,BTC-USD,106425673418.00522
2022-03-01,63624.05,63998.16,63080.27,63821.14,3865179,BTC-USD,286779611577.7206
2022-03-02,63821.14,64544.15,62672.03,63902.75,6073667,BTC-USD,392799453597.47174
2022-03-03,63902.75,64752.36,63363.81,64435.57,4324143,BTC-USD,238256773078.44415
2022-03-04,64435.57,65924.33,64182.72,65033.56,2534528,BTC-USD,156196021996.44122
2022-03-05,65033.56,66191.0,64815.54,65040.38,2035503,BTC-USD,144151271080.02933
2022-03-06,65040.38,65050.38,63471.15,63679.95,3532778,BTC-USD,195647987622.5482
2022-03-07,63679.95,66151.3,63506.12,65582.61,2216035,BTC-USD,150578800359.07587
2022-03-08,65582.61,67649.47,65410.42,67320.81,3601262,BTC-USD,261376769404.1692
2022-03-09,67320.81,69488.37,67276.68,69393.04,8805137,BTC-USD,572852087036.9169
2022-03-10,69393.04,74245.75,68723.12,73272.62,6065122,BTC-USD,478872183086.0734
2022-03-11,73272.62,73718.43,73123.65,73573.26,2835300,BTC-USD,240660873464.80344
2022-03-12,73573.26,73676.09,72518.28,72518.67,4415375,BTC-USD,316625867245.6993
2022-03-13,72518.67,74183.83,67958.35,68926.46,1610010,BTC-USD,105774761875.13057
2022-03-14,68926.46,72205.41,68497.6,71975.03,1849791,BTC-USD,119886577696.28654
2022-03-15,71975.03,74721.23,71276.19,74664.66,7283533,BTC-USD,566490229500.0225
2022-03-16,74664.66,74976.73,72167.15,72800.26,5738551,BTC-USD,481244017718.1253
2022-03-17,72800.26,73996.13,69708.13,69842.43,3035505,BTC-USD,197137826796.44022
2022-03-18,69842.43,70828.98,67737.11,67764.84,1980591,BTC-USD,128643756156.88895
2022-03-19,67764.84,68112.61,62364.1,62474.36,3406394,BTC-USD,204863790267.32758
2022-03-20,62474.36,64154.14,62088.87,63977.87,3928209,BTC-USD,257431749997.31342
2022-03-21,63977.87,64290.47,62715.41,63797.53,2773810,BTC-USD,157737684725.3459
2022-03-22,63797.53,64011.94,62394.63,62874.45,3498612,BTC-USD,248324446393.70978
2022-03-23,62874.45,63725.49,58457.25,59582.05,2274869,BTC-USD,124459620508.77792
2022-03-24,59582.05,62748.37,59012.62,62235.95,8533417,BTC-USD,574711357391.3865
2022-03-25,62235.95,66920.55,62014.52,66398.45,4800634,BTC-USD,320439688310.4536
2022-03-26,66398.45,69522.24,65778.06,69397.52,2342854,BTC-USD,168174633976.9872
2022-03-27,69397.52,70330.19,68906.98,70224.91,3199957,BTC-USD,195917786544.1486
2022-03-28,70224.91,73665.26,70093.02,72382.07,1473485,BTC-USD,116680350159.27939
2022-03-29,72382.07,76748.87,71896.51,75727.44,4478729,BTC-USD,296919361718.1137
2022-03-30,75727.44,78966.64,75378.78,77839.63,5037257,BTC-USD,331475701457.883
2022-03-31,77839.63,80427.53,76965.59,80378.81,4234483,BTC-USD,346717888836.06964
2022-04-01,80378.81,80713.56,79468.65,80033.23,3372476,BTC-USD,292506715805.9327
2022-04-02,80033.23,84162.4,78775.91,83235.2,3243533,BTC-USD,221384286721.12686
2022-04-03,83235.2,83687.89,82444.66,83024.96,6114089,BTC-USD,420188231005.2628
2022-04-04,83024.96,85167.3,81939.35,85010.33,3597790,BTC-USD,342879001022.7185
2022-04-05,85010.33,93336.54,84199.61,91905.79,3196661,BTC-USD,330108145808.6398
2022-04-06,91905.79,92276.0,87178.41,89299.88,4408851,BTC-USD,353599447028.5229
2022-04-07,89299.88,89576.6,84754.53,87008.52,3189955,BTC-USD,290346048906.5305
2022-04-08,87008.52,87733.66,86292.24,87190.01,3139970,BTC-USD,267551688099.93927
2022-04-09,87190.01,95432.38,86711.59,94889.06,2444685,BTC-USD,244286666905.90945
2022-04-10,94889.06,95616.46,94280.36,95072.56,4172125,BTC-USD,454229699940.2818
2022-04-11,95072.56,101364.81,93748.7,101171.67,5883377,BTC-USD,495198071286.0437
2022-04-12,101171.67,103323.25,100854.95,102094.91,3267859,BTC-USD,370729544983.0149
2022-04-13,102094.91,102712.09,97269.99,97728.9,4671784,BTC-USD,455295235366.6082
2022-04-14,97728.9,98582.0,83996.15,87038.93,1572688,BTC-USD,140396289493.72662
2022-04-15,87038.93,94289.83,85555.18,94000.85,2646449,BTC-USD,264085762154.3095
2022-04-16,94000.85,100071.39,93245.11,98189.91,4747098,BTC-USD,544913880337.82043
2022-04-17,98189.91,98885.51,94092.74,94557.77,7656209,BTC-USD,595588295784.037
2022-04-18,94557.77,95277.97,88421.17,88614.3,1876040,BTC-USD,134955283433.09106
2022-04-19,88614.3,93605.71,88514.6,93107.84,5344486,BTC-USD,433573028875.0589
2022-04-20,93107.84,93845.9,90670.53,91062.19,3413257,BTC-USD,371297469102.6749
2022-04-21,91062.19,92323.53,86656.87,86751.41,5482005,BTC-USD,516485353691.82697
2022-04-22,86751.41,87804.03,82373.62,84855.58,6100648,BTC-USD,541412716201.6317
2022-04-23,84855.58,85420.86,82398.3,84443.88,5019733,BTC-USD,347084258285.71674
2022-04-24,84443.88,84910.28,83526.38,84015.44,2436274,BTC-USD,235723846747.24762
2022-04-25,84015.44,84201.8,83085.4,84016.86,2076864,BTC-USD,196320968414.20523
2022-04-26,84016.86,85540.37,80223.05,80913.83,3679042,BTC-USD,317308804354.7366
2022-04-27,80913.83,81507.91,79093.95,79378.61,2165085,BTC-USD,160802554090.39554
2022-04-28,79378.61,82029.22,79098.01,81417.67,1945277,BTC-USD,131170564388.49278
2022-04-29,81417.67,94790.74,81077.02,94314.88,6588256,BTC-USD,641263998518.493
2022-04-30,94314.88,98007.66,93399.65,96556.34,4885013,BTC-USD,513129100343.8194
2022-05-01,96556.34,97690.78,95970.51,96765.53,2982885,BTC-USD,241792989154.07974
2022-05-02,96765.53,99548.42,95975.85,98672.55,3149941,BTC-USD,327443386404.3331
2022-05-03,98672.55,103474.34,97844.75,102526.83,2400946,BTC-USD,225126012760.21033
2022-05-04,102526.83,103654.78,99561.09,100625.92,5224031,BTC-USD,581235338607.8131
2022-05-05,100625.92,103048.64,99527.39,102958.07,2693764,BTC-USD,281739641628.72546
2022-05-06,102958.07,106463.79,102895.99,105567.42,4103691,BTC-USD,368933181187.5769
2022-05-07,105567.42,109620.19,105038.88,108533.29,3351393,BTC-USD,367596157631.29156
2022-05-08,108533.29,109386.22,108275.04,108668.66,3739685,BTC-USD,389438102892.5315
2022-05-09,108668.66,111225.3,108148.31,109703.98,2123576,BTC-USD,203178423659.4581
2022-05-10,109703.98,112917.31,108991.57,112476.39,4809229,BTC-USD,614818435104.8612
2022-05-11,112476.39,119227.71,112061.04,116964.79,3511992,BTC-USD,330435629222.13477
2022-05-12,116964.79,117442.77,108437.87,109810.26,1532563,BTC-USD,155644282800.74985
2022-05-13,109810.26,115595.55,109221.89,114600.31,1392095,BTC-USD,128431352179.74857
2022-05-14,114600.31,116016.56,109640.08,110236.52,3027530,BTC-USD,279812208321.0028
2022-05-15,110236.52,117025.82,109839.92,115699.18,1684494,BTC-USD,179076636102.2276
2022-05-16,115699.18,116000.32,113561.79,114140.57,1419441,BTC-USD,133129759768.88365
2022-05-17,114140.57,114229.0,108697.18,108948.19,2059313,BTC-USD,233030373573.18927
2022-05-18,108948.19,113615.79,107740.77,112451.64,1424566,BTC-USD,133721820268.4216
2022-05-19,112451.64,113196.95,108295.59,109303.21,1978839,BTC-USD,233745190287.9943
2022-05-20,109303.21,110281.86,109212.07,110205.44,3587070,BTC-USD,324575780989.63367
2022-05-21,110205.44,111979.52,108773.23,111076.77,4949841,BTC-USD,452893385372.4181
2022-05-22,111076.77,115655.26,109327.34,114342.31,5194085,BTC-USD,547656611465.62054
2022-05-23,114342.31,118879.32,113711.73,117080.35,3875923,BTC-USD,525779199701.97974
2022-05-24,117080.35,120374.26,116068.12,118798.43,7630731,BTC-USD,957789121354.4258
2022-05-25,118798.43,119403.97,118118.84,119099.26,3168929,BTC-USD,418197966300.5026
2022-05-26,119099.26,124319.14,118069.78,123905.2,3046597,BTC-USD,323365126109.8801
2022-05-27,123905.2,125639.68,123364.03,125401.84,1464041,BTC-USD,208130729671.19662
2022-05-28,125401.84,135046.46,124389.18,133206.28,2009464,BTC-USD,215010792394.96027
2022-05-29,133206.28,133962.81,119849.68,121027.42,1278602,BTC-USD,136984621717.75371
2022-05-30,121027.42,124759.65,119238.45,123098.38,1856666,BTC-USD,239165856459.33978
2022-05-31,123098.38,124197.15,120936.59,122055.53,2312024,BTC-USD,268113363098.38037
2022-06-01,122055.53,126664.14,121575.1,123588.57,6816791,BTC-USD,1005646257588.7917
2022-06-02,123588.57,127037.23,123069.01,126297.36,6461089,BTC-USD,662717741210.809
2022-06-03,126297.36,129026.77,122179.45,127883.02,3183691,BTC-USD,488339727018.5401
2022-06-04,127883.02,130346.49,125966.01,129724.56,3269705,BTC-USD,445136286639.9534
2022-06-05,129724.56,130278.61,122996.22,123990.36,969857,BTC-USD,123076793554.98161
2022-06-06,123990.36,125238.34,114537.04,115343.56,2555659,BTC-USD,242840248498.0025
2022-06-07,115343.56,118872.04,114685.4,117649.82,5304639,BTC-USD,567504566971.9694
2022-06-08,117649.82,118370.11,116287.28,116403.23,1425626,BTC-USD,194136150861.21402
2022-06-09,116403.23,117023.46,107262.1,107781.46,4297879,BTC-USD,436224526377.19525
2022-06-10,107781.46,110240.17,106546.78,109959.82,1653349,BTC-USD,193557505810.21375
2022-06-11,109959.82,112803.38,109707.14,112793.19,2135682,BTC-USD,289019932989.9583
2022-06-12,112793.19,116988.86,112322.08,113597.68,4992755,BTC-USD,513413922037.85443
2022-06-13,113597.68,114594.71,111261.49,114406.33,1857154,BTC-USD,218936140407.01163
2022-06-14,114406.33,117495.74,113219.92,116417.27,4741707,BTC-USD,595391351804.5577
2022-06-15,116417.27,119031.53,115591.19,116990.47,1742353,BTC-USD,176493918431.86792
2022-06-16,116990.47,117351.36,114571.3,116218.85,4412401,BTC-USD,440739300215.83
2022-06-17,116218.85,116907.94,114558.68,115740.83,9287884,BTC-USD,1056200025270.6165
2022-06-18,115740.83,117916.67,108243.52,109431.87,5540578,BTC-USD,578622342011.4127
2022-06-19,109431.87,110963.96,109073.13,109543.01,5189433,BTC-USD,617175797537.0493
2022-06-20,109543.01,109636.87,105410.18,105765.27,2202882,BTC-USD,192868622849.1804
2022-06-21,105765.27,108342.05,104857.32,107475.72,2907167,BTC-USD,371461225903.8661
2022-06-22,107475.72,109287.56,107426.6,107727.03,2229981,BTC-USD,193555283396.48224
2022-06-23,107727.03,116590.48,107424.71,115483.6,7875838,BTC-USD,946390406828.4324
2022-06-24,115483.6,117558.82,113074.82,117103.1,2977412,BTC-USD,357399272128.12396
2022-06-25,117103.1,118777.86,115311.02,116240.99,3166817,BTC-USD,314327450145.2275
2022-06-26,116240.99,121946.8,115920.52,121391.67,5232229,BTC-USD,546460868081.6069
2022-06-27,121391.67,123675.85,120655.19,123621.12,3633263,BTC-USD,501730249466.4891
2022-06-28,123621.12,129571.42,122288.65,128937.17,2316669,BTC-USD,345011442762.8587
2022-06-29,128937.17,130833.72,122659.42,123405.71,1085137,BTC-USD,122289440259.41165
2022-06-30,123405.71,129027.96,123147.85,127403.72,9389173,BTC-USD,1166532179091.463
2022-07-01,127403.72,130676.23,126821.13,128728.56,6769319,BTC-USD,820861486696.7343
2022-07-02,128728.56,133073.24,127255.56,132031.44,3364013,BTC-USD,368213245821.74066
2022-07-03,132031.44,139220.5,131446.48,137127.67,2572152,BTC-USD,377149780929.73126
2022-07-04,137127.67,139330.59,136385.25,138688.21,6721745,BTC-USD,1053488207400.116
2022-07-05,138688.21,143076.12,137256.22,142633.12,3988650,BTC-USD,524510879661.0686
2022-07-06,142633.12,152139.11,141734.08,151808.1,1974789,BTC-USD,358568683721.4288
2022-07-07,151808.1,152851.6,147908.88,147931.98,5132680,BTC-USD,630467268263.468
2022-07-08,147931.98,150179.49,141790.76,143379.9,4405619,BTC-USD,672557014447.912
2022-07-09,143379.9,149801.02,143133.51,148173.26,4310763,BTC-USD,625512275597.731
2022-07-10,148173.26,149499.51,140783.54,142224.72,4641708,BTC-USD,646064984983.3813
2022-07-11,142224.72,143103.49,134026.73,134771.08,4469626,BTC-USD,592171011981.7607
2022-07-12,134771.08,135555.48,130369.56,131619.18,6698321,BTC-USD,796526401930.3634
2022-07-13,131619.18,131706.56,129178.13,129631.38,1494942,BTC-USD,210501082842.66248
2022-07-14,129631.38,130536.59,128761.89,130193.6,2824579,BTC-USD,400335316052.5489
2022-07-15,130193.6,131032.86,127215.89,128185.99,4440308,BTC-USD,519642732430.7706
2022-07-16,128185.99,128498.86,109966.91,110293.28,5664270,BTC-USD,708521442227.013
2022-07-17,110293.28,111521.25,106203.05,106420.81,3276894,BTC-USD,323181069614.02985
2022-07-18,106420.81,107122.89,105343.64,106049.77,3003907,BTC-USD,347246240998.70514
2022-07-19,106049.77,112040.27,105801.89,111152.06,1912673,BTC-USD,180367736606.88733
2022-07-20,111152.06,115595.39,109607.1,115365.92,1538723,BTC-USD,153991865072.05612
2022-07-21,115365.92,117927.07,112118.42,113412.29,3238930,BTC-USD,340268624845.4275
2022-07-22,113412.29,116383.7,112348.23,116311.64,2737433,BTC-USD,330350908999.4404
2022-07-23,116311.64,116490.11,112474.95,114313.55,3903890,BTC-USD,472242344886.0526
2022-07-24,114313.55,115774.86,112902.14,113007.33,2502606,BTC-USD,271088100702.24768
2022-07-25,113007.33,115718.65,112804.87,115641.3,1734089,BTC-USD,166669550977.2795
2022-07-26,115641.3,124043.02,115134.03,123471.14,3496372,BTC-USD,409880216026.0629
2022-07-27,123471.14,125728.51,122671.89,124521.86,3647294,BTC-USD,488460686300.85974
2022-07-28,124521.86,124831.93,122352.37,122818.89,3572533,BTC-USD,468785919300.4999
2022-07-29,122818.89,123779.65,121823.96,123648.06,1907040,BTC-USD,203751277874.50113
2022-07-30,123648.06,127128.58,122395.47,123952.27,6892944,BTC-USD,686177082024.7588
2022-07-31,123952.27,125393.41,123204.58,125151.4,2377921,BTC-USD,327715088355.9111
2022-08-01,125151.4,131146.3,124708.29,129071.3,2122420,BTC-USD,230810354315.67136
2022-08-02,129071.3,130686.51,119706.57,120096.68,4538824,BTC-USD,454033486178.25085
2022-08-03,120096.68,126571.01,119981.36,126246.4,1730381,BTC-USD,174999534553.4458
2022-08-04,126246.4,127219.78,125361.66,125879.51,2566298,BTC-USD,314335230826.1621
2022-08-05,125879.51,134468.44,124910.25,133685.72,1709893,BTC-USD,228886712621.02176
2022-08-06,133685.72,133928.27,131185.6,131685.22,3859439,BTC-USD,536217132190.21674
2022-08-07,131685.22,136394.93,131643.82,135878.26,2138864,BTC-USD,266917530496.86337
2022-08-08,135878.26,141217.5,135557.02,138739.79,1921258,BTC-USD,288990829797.0554
2022-08-09,138739.79,138764.82,133090.98,133218.15,1344962,BTC-USD,155474581993.01425
2022-08-10,133218.15,134327.93,131398.66,132975.56,1023789,BTC-USD,154217621924.59198
2022-08-11,132975.56,137856.26,132334.53,135630.35,3930851,BTC-USD,548464861661.6145
2022-08-12,135630.35,140288.52,134024.0,137635.36,2546697,BTC-USD,362277433719.45105
2022-08-13,137635.36,146084.4,135919.2,145975.29,3169226,BTC-USD,408922197021.0129
2022-08-14,145975.29,151535.71,145207.22,150982.35,1224268,BTC-USD,153353676994.73447
2022-08-15,150982.35,151503.16,145707.41,148535.73,7370377,BTC-USD,1079317117169.0369
2022-08-16,148535.73,160473.98,145421.42,160219.16,5034858,BTC-USD,843985492502.1329
2022-08-17,160219.16,160863.38,154460.55,155375.51,2150839,BTC-USD,280055508456.7611
2022-08-18,155375.51,156213.17,151646.13,152225.17,2971505,BTC-USD,533855372685.79156
2022-08-19,152225.17,153416.81,150371.13,152736.99,2529170,BTC-USD,460531019674.6643
2022-08-20,152736.99,153089.09,148453.35,149051.88,4131527,BTC-USD,627008975596.7847
2022-08-21,149051.88,153399.14,148442.85,151913.68,2802705,BTC-USD,502419469670.2093
2022-08-22,151913.68,153260.67,130891.22,131655.91,3489353,BTC-USD,400489577828.4699
2022-08-23,131655.91,132456.31,123970.91,125708.19,3704099,BTC-USD,377243174900.5289
2022-08-24,125708.19,126693.14,121262.65,121435.2,4357245,BTC-USD,431639329743.52844
2022-08-25,121435.2,125956.59,121338.08,124710.95,7318348,BTC-USD,944626421993.437
2022-08-26,124710.95,126619.13,124441.07,126405.87,8254609,BTC-USD,860472447347.245
2022-08-27,126405.87,127354.27,115413.16,118263.37,3651854,BTC-USD,511095334316.8004
2022-08-28,118263.37,119520.22,115798.62,118469.71,7743375,BTC-USD,785965590939.1652
2022-08-29,118469.71,130208.68,117702.47,129835.62,1864000,BTC-USD,223109701335.43225
2022-08-30,129835.62,137190.1,128691.68,136926.79,7117024,BTC-USD,1100230141308.8418
2022-08-31,136926.79,147492.46,135382.65,146228.82,3574354,BTC-USD,463870768174.9404
2022-09-01,146228.82,147774.94,137873.92,139033.44,3049090,BTC-USD,380340584586.4371
2022-09-02,139033.44,141315.33,134499.67,136178.66,1979609,BTC-USD,284925988780.3207
2022-09-03,136178.66,137435.7,134686.92,136886.56,4295320,BTC-USD,535309572463.8143
2022-09-04,136886.56,143315.7,133882.93,141208.49,3424372,BTC-USD,428899075556.7195
2022-09-05,141208.49,142125.1,139445.68,140104.84,8657256,BTC-USD,1093658019134.568
2022-09-06,140104.84,142816.68,135294.94,136255.59,2627045,BTC-USD,356610477009.13495
2022-09-07,136255.59,141084.71,136229.49,140446.43,3666875,BTC-USD,611015984129.4458
2022-09-08,140446.43,140751.6,132695.18,133762.07,1995763,BTC-USD,302434739619.21326
2022-09-09,133762.07,135447.89,129431.94,129774.93,4697775,BTC-USD,557128186089.8146
2022-09-10,129774.93,130501.23,126041.98,126289.1,6847278,BTC-USD,817478102516.697
2022-09-11,126289.1,127015.69,124191.27,124669.61,5267186,BTC-USD,647336698227.4542
2022-09-12,124669.61,125931.44,121103.86,121279.07,2035957,BTC-USD,294221697868.7368
2022-09-13,121279.07,122120.58,121004.37,122026.63,3713653,BTC-USD,393780148796.084
2022-09-14,122026.63,123615.71,121517.81,121907.18,3487371,BTC-USD,400899963740.4198
2022-09-15,121907.18,124597.4,119706.08,123800.07,6497343,BTC-USD,878189044427.9246
2022-09-16,123800.07,123962.18,122090.13,122142.75,2875463,BTC-USD,416394921220.18896
2022-09-17,122142.75,130658.59,121330.85,130372.05,3421140,BTC-USD,384590595926.5112
2022-09-18,130372.05,130771.73,128728.85,129677.5,2887267,BTC-USD,333584508944.42737
2022-09-19,129677.5,130251.69,122482.04,123341.4,5360335,BTC-USD,588608302727.6404
2022-09-20,123341.4,128139.15,122980.03,127732.83,3948345,BTC-USD,407689312174.9769
2022-09-21,127732.83,131677.27,125985.28,129615.73,2735582,BTC-USD,369341154419.67834
2022-09-22,129615.73,130159.94,127109.22,127138.88,2587493,BTC-USD,351433503836.9938
2022-09-23,127138.88,127420.22,122141.15,122475.76,4079966,BTC-USD,520189685912.2617
2022-09-24,122475.76,122990.3,119077.52,120504.67,3607996,BTC-USD,360228228087.7698
2022-09-25,120504.67,121758.66,117235.07,118766.88,3735878,BTC-USD,367245782528.3238
2022-09-26,118766.88,121134.87,117918.28,119839.24,5119089,BTC-USD,542400333447.11096
2022-09-27,119839.24,120109.72,116968.31,117722.2,3521811,BTC-USD,379818172370.64886
2022-09-28,117722.2,118690.44,111593.59,113334.17,5639887,BTC-USD,712454466960.2814
2022-09-29,113334.17,114198.09,109448.69,110589.84,6406999,BTC-USD,612013520430.5438
2022-09-30,110589.84,114793.64,110461.19,113554.07,2824495,BTC-USD,262243052180.6977
2022-10-01,113554.07,117459.92,111741.69,117294.19,2734969,BTC-USD,307192621262.2925
2022-10-02,117294.19,129473.28,116466.55,126990.33,2041012,BTC-USD,250520702598.26865
2022-10-03,126990.33,127059.76,124537.62,125085.82,2497798,BTC-USD,306303723978.735
2022-10-04,125085.82,133529.98,123988.91,133315.32,1872168,BTC-USD,282225245108.9188
2022-10-05,133315.32,134199.46,122304.41,122921.44,2865841,BTC-USD,295628518489.83655
2022-10-06,122921.44,123030.74,120676.36,122100.34,1134927,BTC-USD,149879479966.59937
2022-10-07,122100.34,137361.28,121816.91,136334.91,5852078,BTC-USD,746124961370.7583
2022-10-08,136334.91,140263.94,136257.76,139965.27,6013306,BTC-USD,777681606744.1414
2022-10-09,139965.27,140166.24,130252.62,130547.2,3132042,BTC-USD,479622487943.3248
2022-10-10,130547.2,138518.53,129187.26,137566.36,4376553,BTC-USD,541490998964.77234
2022-10-11,137566.36,138364.05,136979.66,137080.32,2762953,BTC-USD,400339853833.0102
2022-10-12,137080.32,144929.43,135307.68,143369.94,4352213,BTC-USD,567850517217.2758
2022-10-13,143369.94,148500.13,142899.94,145774.42,2760032,BTC-USD,403491777775.98956
2022-10-14,145774.42,154284.36,145491.22,153553.46,2240263,BTC-USD,383394052436.461
2022-10-15,153553.46,161980.93,152979.69,159343.15,2536673,BTC-USD,465918587836.0534
2022-10-16,159343.15,159512.41,138495.08,139459.26,5512712,BTC-USD,872954740218.6547
2022-10-17,139459.26,145125.16,139291.53,143617.36,3295487,BTC-USD,488847242921.93335
2022-10-18,143617.36,145082.31,142813.48,144051.38,3957857,BTC-USD,512851342513.89575
2022-10-19,144051.38,144138.45,135538.9,137132.28,2801165,BTC-USD,408903984140.5509
2022-10-20,137132.28,138596.09,131978.94,133909.71,5018619,BTC-USD,728467802058.6497
2022-10-21,133909.71,135546.12,129204.0,129674.96,4238725,BTC-USD,442075964584.20056
2022-10-22,129674.96,131967.39,127370.19,129254.21,3743452,BTC-USD,472091564687.5267
2022-10-23,129254.21,130491.83,124227.0,126356.96,3878077,BTC-USD,557304404261.3016
2022-10-24,126356.96,128551.54,121392.92,121863.69,2692687,BTC-USD,326774080144.51434
2022-10-25,121863.69,122993.86,112930.23,114410.5,1763726,BTC-USD,186563846250.12735
2022-10-26,114410.5,114830.08,110612.23,111574.48,3875766,BTC-USD,496748158085.9007
2022-10-27,111574.48,111970.61,109458.85,109973.33,9254632,BTC-USD,877669982945.4135
2022-10-28,109973.33,114308.57,109463.8,111029.78,1948696,BTC-USD,190957498258.28195
2022-10-29,111029.78,113100.17,109159.26,111309.97,1164324,BTC-USD,139314318181.12885
2022-10-30,111309.97,118718.43,111175.19,117419.88,3329744,BTC-USD,367900412411.84784
2022-10-31,117419.88,118044.15,110433.41,110674.08,2143712,BTC-USD,257468936827.0769
2022-11-01,110674.08,110851.02,102852.67,104318.61,3211039,BTC-USD,289107363889.14417
2022-11-02,104318.61,109414.02,104022.77,108721.09,11391851,BTC-USD,1115805150317.2583
2022-11-03,108721.09,109031.64,107214.65,108304.49,2752477,BTC-USD,257163479574.01627
2022-11-04,108304.49,108710.06,107047.62,108307.73,1733402,BTC-USD,221752740121.34116
2022-11-05,108307.73,109137.16,103295.7,103669.33,2850079,BTC-USD,284285823365.9654
2022-11-06,103669.33,104024.25,101016.31,101388.58,1763310,BTC-USD,167138799948.66724
2022-11-07,101388.58,108845.08,101200.39,108587.53,2783297,BTC-USD,243502011902.1282
2022-11-08,108587.53,109281.69,107197.11,108984.49,3593869,BTC-USD,337376776385.07697
2022-11-09,108984.49,114353.59,107216.55,112936.33,8671661,BTC-USD,948451468468.0651
2022-11-10,112936.33,112936.89,108158.09,109993.44,5550309,BTC-USD,505126379612.98035
2022-11-11,109993.44,110842.5,108346.35,109438.19,5489366,BTC-USD,603326924184.7012
2022-11-12,109438.19,117117.26,108739.25,116831.24,5548616,BTC-USD,636587160391.9437
2022-11-13,116831.24,118626.72,116068.74,118451.3,1850851,BTC-USD,242664825516.82434
2022-11-14,118451.3,138394.33,117702.17,136034.37,3779023,BTC-USD,546937371183.9033
2022-11-15,136034.37,137464.31,135920.92,137133.54,664037,BTC-USD,89092891431.98506
2022-11-16,137133.54,140989.35,135748.43,140547.1,1921362,BTC-USD,240300602794.17505
2022-11-17,140547.1,146294.25,140374.08,143560.21,5189599,BTC-USD,812627072782.6929
2022-11-18,143560.21,145275.64,140856.84,141474.17,980743,BTC-USD,150286132179.71616
2022-11-19,141474.17,141734.27,137551.29,137675.71,5328920,BTC-USD,631917354498.4548
2022-11-20,137675.71,140424.1,134988.83,136555.27,3212339,BTC-USD,511436136678.2461
2022-11-21,136555.27,145754.23,135404.34,144617.12,5975868,BTC-USD,713634146492.8881
2022-11-22,144617.12,147167.9,144148.67,145721.23,6356563,BTC-USD,761421210772.9652
2022-11-23,145721.23,150970.37,145603.83,149332.63,1232057,BTC-USD,160977014663.8619
2022-11-24,149332.63,150384.26,144350.89,146161.86,12511676,BTC-USD,2128247107082.9368
2022-11-25,146161.86,147709.01,140335.95,141286.25,5963209,BTC-USD,849258960862.7169
2022-11-26,141286.25,152618.64,138501.69,152550.36,3237349,BTC-USD,550739613280.0372
2022-11-27,152550.36,154196.97,145873.54,148230.16,4355873,BTC-USD,575382165529.7557
2022-11-28,148230.16,157728.44,147342.65,155639.56,2063431,BTC-USD,319895401955.21515
2022-11-29,155639.56,156898.57,143276.18,144761.97,6046561,BTC-USD,825695704225.6556
2022-11-30,144761.97,147119.37,136859.71,140018.89,1813519,BTC-USD,287224720421.6305
2022-12-01,140018.89,142609.73,139187.44,141227.38,3009198,BTC-USD,343827503801.5356
2022-12-02,141227.38,144774.64,138311.09,141757.01,2319821,BTC-USD,295155870336.65594
2022-12-03,141757.01,142096.34,134832.63,137295.57,1659913,BTC-USD,196227548227.7903
2022-12-04,137295.57,139977.3,133794.54,134025.77,4220362,BTC-USD,646905549169.2968
2022-12-05,134025.77,146416.81,131770.58,145627.1,1959080,BTC-USD,281591306301.9084
2022-12-06,145627.1,147031.72,143133.47,144346.54,4584634,BTC-USD,636422102463.6494
2022-12-07,144346.54,145885.9,144039.7,144899.06,5462915,BTC-USD,775576051132.9631
2022-12-08,144899.06,151502.1,144719.51,150652.5,2200390,BTC-USD,394070365316.40796
2022-12-09,150652.5,151863.62,149615.18,149725.93,3147651,BTC-USD,537315277124.0758
2022-12-10,149725.93,162433.11,147925.51,160212.58,3830758,BTC-USD,664397969201.0255
2022-12-11,160212.58,161544.38,159328.78,160115.63,4346494,BTC-USD,637615859656.7931
2022-12-12,160115.63,161530.75,159219.66,161371.24,2176513,BTC-USD,304186541873.36304
2022-12-13,161371.24,162166.43,159862.17,160960.02,3481900,BTC-USD,654923127227.8474
2022-12-14,160960.02,164254.65,158924.58,159867.65,4985985,BTC-USD,772571175193.8815
2022-12-15,159867.65,161578.07,158173.69,159048.64,3037323,BTC-USD,440330447861.91736
2022-12-16,159048.64,164228.37,158581.98,163887.81,1583724,BTC-USD,256534022633.42215
2022-12-17,163887.81,167925.64,163473.88,165920.74,6532276,BTC-USD,1264991979436.815
2022-12-18,165920.74,170523.78,163396.1,168666.22,7829188,BTC-USD,1260867617626.467
2022-12-19,168666.22,170116.18,167698.51,169140.58,1726916,BTC-USD,299410336840.8044
2022-12-20,169140.58,169635.68,159418.84,161683.05,4312862,BTC-USD,781822064774.9893
2022-12-21,161683.05,161896.91,152934.52,153105.24,2185853,BTC-USD,324911055593.5479
2022-12-22,153105.24,153738.51,150367.08,151180.79,3054335,BTC-USD,412541226595.03973
2022-12-23,151180.79,156665.17,149534.78,152846.32,2708348,BTC-USD,495846779370.87134
2022-12-24,152846.32,154893.64,152652.93,153099.84,2264174,BTC-USD,409951820119.94293
2022-12-25,153099.84,158964.38,152831.47,158683.54,1675525,BTC-USD,302407692918.4732
2022-12-26,158683.54,158892.88,155791.01,156554.98,4928195,BTC-USD,829668170763.557
2022-12-27,156554.98,156742.22,146293.8,147738.41,1140727,BTC-USD,154700741142.4939
2022-12-28,147738.41,155984.1,143836.79,153851.18,2780888,BTC-USD,498593216433.47205
2022-12-29,153851.18,155383.93,152428.73,154599.46,1470628,BTC-USD,206946673569.18127
2022-12-30,154599.46,154929.46,152034.92,152984.57,5499096,BTC-USD,942502461031.0675
2022-12-31,152984.57,157031.07,145353.18,145619.89,2735058,BTC-USD,464912197136.7478
2023-01-01,145619.89,152735.03,144887.83,151782.88,2746542,BTC-USD,434054071055.14
2023-01-02,151782.88,152686.96,148817.23,149299.43,3170811,BTC-USD,530787033686.2391
2023-01-03,149299.43,152874.13,148472.23,152062.73,7272264,BTC-USD,1234867597522.2476
2023-01-04,152062.73,159055.6,150852.98,158606.82,4041784,BTC-USD,562373464689.0857
2023-01-05,158606.82,169545.34,158357.4,165868.34,3279185,BTC-USD,580447492338.7523
2023-01-06,165868.34,169741.95,164903.35,168347.37,1817659,BTC-USD,256238894663.31476
2023-01-07,168347.37,171828.63,165437.13,167349.43,1374675,BTC-USD,230773451240.7544
2023-01-08,167349.43,167790.48,157237.59,160603.59,7255143,BTC-USD,1007776484239.8695
2023-01-09,160603.59,182918.07,159647.68,181444.02,3212061,BTC-USD,563308345632.3058
2023-01-10,181444.02,183669.29,172731.6,175005.27,2711385,BTC-USD,537707549373.59186
2023-01-11,175005.27,175073.79,167461.47,168454.26,2868553,BTC-USD,577383664988.5526
2023-01-12,168454.26,170211.35,167088.83,169584.98,1372236,BTC-USD,215765542831.61627
2023-01-13,169584.98,170127.46,167412.4,168556.67,2797744,BTC-USD,477606259229.03735
2023-01-14,168556.67,171695.73,167057.45,169938.34,2773882,BTC-USD,473519207758.95935
2023-01-15,169938.34,176843.56,168143.92,174571.81,3244116,BTC-USD,669267903265.7969
2023-01-16,174571.81,176000.11,163582.97,164309.35,6019805,BTC-USD,980637026798.2241
2023-01-17,164309.35,165725.51,157938.38,158546.34,2671942,BTC-USD,457365300699.74896
2023-01-18,158546.34,160565.71,153404.84,155902.31,7574120,BTC-USD,1380046142228.3328
2023-01-19,155902.31,160404.64,154951.73,159115.2,7493509,BTC-USD,1131941306464.565
2023-01-20,159115.2,161470.27,148751.81,150425.41,1952940,BTC-USD,341024669738.18896
2023-01-21,150425.41,152245.67,144578.36,146023.17,6137829,BTC-USD,1045925849111.01
2023-01-22,146023.17,147286.32,145442.71,147077.82,2791553,BTC-USD,481303323921.9083
2023-01-23,147077.82,148668.95,139426.54,139976.37,1653730,BTC-USD,210227988865.4018
2023-01-24,139976.37,140317.23,127804.01,128843.45,1402348,BTC-USD,173481720229.97952
2023-01-25,128843.45,131742.88,127950.75,131496.27,4719997,BTC-USD,712618265974.5043
2023-01-26,131496.27,131869.93,126415.76,127090.74,7357635,BTC-USD,882408882318.6644
2023-01-27,127090.74,129176.59,124678.85,127316.59,2035096,BTC-USD,269491766847.6775
2023-01-28,127316.59,128289.33,122695.1,123726.1,2375839,BTC-USD,249043639456.31
2023-01-29,123726.1,124417.79,123204.54,124323.61,3735563,BTC-USD,381989004256.87933
2023-01-30,124323.61,124783.68,121117.64,122972.3,1833084,BTC-USD,217483280465.0263
2023-01-31,122972.3,123892.42,121974.99,122996.17,1872859,BTC-USD,237625994806.2385
2023-02-01,122996.17,124496.96,122301.26,124232.67,4039397,BTC-USD,480286564326.9643
2023-02-02,124232.67,125976.59,124223.75,125798.25,1151713,BTC-USD,149388531459.76373
2023-02-03,125798.25,129432.41,124553.02,126630.67,2403426,BTC-USD,306183801212.3822
2023-02-04,126630.67,127062.04,125263.11,126186.01,4391630,BTC-USD,595327042775.2375
2023-02-05,126186.01,126613.39,125179.26,125684.4,2278478,BTC-USD,303497729838.2498
2023-02-06,125684.4,131020.69,125603.1,129529.52,3390327,BTC-USD,425840507085.4497
2023-02-07,129529.52,130186.19,129075.25,129990.89,5526123,BTC-USD,696793909999.4167
2023-02-08,129990.89,132102.66,129206.92,131662.73,2136612,BTC-USD,240890799160.15454
2023-02-09,131662.73,143625.92,131163.98,143246.63,3948769,BTC-USD,568643199845.896
2023-02-10,143246.63,143697.44,138705.89,140416.43,5546536,BTC-USD,805983690241.8453
2023-02-11,140416.43,145299.71,140106.2,144843.33,2055292,BTC-USD,294895738687.4458
2023-02-12,144843.33,145629.1,143516.1,145356.85,2151207,BTC-USD,290892657492.37933
2023-02-13,145356.85,145803.99,143307.47,144788.05,2809506,BTC-USD,442848029822.62714
2023-02-14,144788.05,145437.12,142709.03,145053.93,1693134,BTC-USD,203811225341.20197
2023-02-15,145053.93,149752.57,145031.84,146625.64,5520205,BTC-USD,943583400479.2341
2023-02-16,146625.64,146661.42,140677.78,140933.51,3099748,BTC-USD,353093996309.803
2023-02-17,140933.51,148471.7,138961.45,145985.32,2700733,BTC-USD,467183199920.74786
2023-02-18,145985.32,149459.37,144233.94,148738.3,1026769,BTC-USD,150420256376.49417
2023-02-19,148738.3,154623.8,147404.73,153353.73,1416748,BTC-USD,209674133668.3303
2023-02-20,153353.73,153524.65,152651.6,153492.32,3018645,BTC-USD,418199247265.84143
2023-02-21,153492.32,155561.47,150928.8,151654.96,4591823,BTC-USD,559903492190.2709
2023-02-22,151654.96,153039.8,150145.76,152599.72,2985412,BTC-USD,414533242159.4353
2023-02-23,152599.72,152872.07,139070.45,141124.64,4895029,BTC-USD,582877154563.5143
2023-02-24,141124.64,141765.05,139765.51,140739.78,1221436,BTC-USD,182894211306.73837
2023-02-25,140739.78,144277.33,140440.81,141390.04,6935107,BTC-USD,909592275865.4215
2023-02-26,141390.04,141900.43,140240.52,141481.13,4933898,BTC-USD,772655646662.1307
2023-02-27,141481.13,142765.68,141073.08,142740.54,2467346,BTC-USD,310901789997.6588
2023-02-28,142740.54,143478.71,134423.01,135783.32,2549007,BTC-USD,401523169319.0566
2023-03-01,135783.32,136814.87,131891.5,132202.69,1684708,BTC-USD,224770333611.68167
2023-03-02,132202.69,134403.18,126602.17,129285.61,3131319,BTC-USD,342410012538.9058
2023-03-03,129285.61,129707.98,127549.59,128734.7,2555490,BTC-USD,315932255293.6291
2023-03-04,128734.7,129106.27,126899.47,127129.65,6272208,BTC-USD,703853867264.3933
2023-03-05,127129.65,130400.53,125133.89,129864.95,3383152,BTC-USD,386575237917.9656
2023-03-06,129864.95,131021.9,125324.65,127089.34,1468665,BTC-USD,187127234387.81238
2023-03-07,127089.34,127292.0,121177.68,121801.8,2086515,BTC-USD,271615225664.7429
2023-03-08,121801.8,128108.31,120591.26,128087.41,4033301,BTC-USD,601674347515.7306
2023-03-09,128087.41,128212.51,123749.53,124375.77,3117955,BTC-USD,388133423377.05585
2023-03-10,124375.77,124888.33,110819.3,110856.69,8381530,BTC-USD,1102282064794.676
2023-03-11,110856.69,112527.25,108270.01,111091.57,995561,BTC-USD,130136083828.42058
2023-03-12,111091.57,115106.44,109366.28,113628.71,945062,BTC-USD,123067243558.16348
2023-03-13,113628.71,117235.54,111481.13,116603.2,4597705,BTC-USD,536102240289.8312
2023-03-14,116603.2,118276.64,116004.37,117486.78,8314558,BTC-USD,836537360631.4316
2023-03-15,117486.78,119267.54,114909.46,115817.66,8542666,BTC-USD,877750408644.6425
2023-03-16,115817.66,117299.57,114889.37,116493.76,5328912,BTC-USD,657453524381.9996
2023-03-17,116493.76,118107.5,115695.55,116082.12,1012076,BTC-USD,113806914786.04027
2023-03-18,116082.12,116523.34,110709.76,110854.84,2259567,BTC-USD,215095730948.98224
2023-03-19,110854.84,113512.27,109270.88,112714.67,3652570,BTC-USD,408238958131.4396
2023-03-20,112714.67,112999.07,105218.19,106751.72,2446118,BTC-USD,210722479598.81308
2023-03-21,106751.72,107892.39,102883.03,104849.56,7345028,BTC-USD,842174231572.1754
2023-03-22,104849.56,105688.59,100970.58,101401.12,2927746,BTC-USD,246239208227.29068
2023-03-23,101401.12,103436.56,100092.32,102812.23,4051813,BTC-USD,438090180592.9826
2023-03-24,102812.23,103098.17,102172.07,102917.6,3454486,BTC-USD,397196686470.00824
2023-03-25,102917.6,105038.16,100907.3,102989.65,3065227,BTC-USD,269298885181.2659
2023-03-26,102989.65,107196.98,101124.72,105719.55,4162105,BTC-USD,443296395510.87665
2023-03-27,105719.55,106418.55,98677.53,99179.98,4095619,BTC-USD,451546680945.5003
2023-03-28,99179.98,100220.5,93158.25,93503.77,3201710,BTC-USD,270708103159.53302
2023-03-29,93503.77,94080.82,90975.31,93077.77,2328760,BTC-USD,187529875908.07874
2023-03-30,93077.77,100276.27,92864.03,100020.0,2061666,BTC-USD,192748162293.34717
2023-03-31,100020.0,100035.14,98407.4,98483.25,2015408,BTC-USD,202826692928.5703
2023-04-01,98483.25,105618.07,96253.33,104086.87,4597614,BTC-USD,492961308437.00055
2023-04-02,104086.87,109696.07,103432.85,108354.26,3109104,BTC-USD,287143822352.64166
2023-04-03,108354.26,108465.23,107256.14,108347.17,2795837,BTC-USD,297779711440.0931
2023-04-04,108347.17,111403.55,106280.11,110922.16,3152570,BTC-USD,317278126017.5819
2023-04-05,110922.16,112136.02,110027.75,110056.73,4717202,BTC-USD,590185920403.7649
2023-04-06,110056.73,110069.22,104669.06,105049.12,5622094,BTC-USD,546555312703.3014
2023-04-07,105049.12,105656.28,100021.51,101393.08,3967774,BTC-USD,456809812608.94293
2023-04-08,101393.08,107539.99,100846.74,106373.3,4723399,BTC-USD,488086639309.4038
2023-04-09,106373.3,106645.24,105061.97,105225.38,1306424,BTC-USD,149928365839.57504
2023-04-10,105225.38,108380.71,105084.34,107839.34,3686973,BTC-USD,399200716622.8571
2023-04-11,107839.34,108805.7,102481.01,103845.85,3491474,BTC-USD,380263328821.146
2023-04-12,103845.85,104603.2,103124.15,104419.05,3223847,BTC-USD,322540542408.7356
2023-04-13,104419.05,107437.44,104226.33,106523.09,5099157,BTC-USD,601451562037.2455
2023-04-14,106523.09,107144.59,103054.24,103519.04,3249328,BTC-USD,326301776726.6525
2023-04-15,103519.04,105056.18,101227.66,101649.66,2347731,BTC-USD,234585413780.3546
2023-04-16,101649.66,102425.52,99507.22,99648.28,973328,BTC-USD,97676325949.01093
2023-04-17,99648.28,101862.36,99403.47,101243.87,5029430,BTC-USD,576784755102.4247
2023-04-18,101243.87,105919.49,100826.89,104920.19,4904585,BTC-USD,547395910585.7813
2023-04-19,104920.19,106065.09,103680.7,105532.97,1794633,BTC-USD,177965766770.75577
2023-04-20,105532.97,106082.27,100295.53,101853.22,875032,BTC-USD,95196709954.94487
2023-04-21,101853.22,105284.79,101122.13,104455.82,2501219,BTC-USD,276151420281.8901
2023-04-22,104455.82,105205.96,103994.11,105162.07,6327551,BTC-USD,780141617269.5377
2023-04-23,105162.07,106445.6,97597.99,98256.51,3388445,BTC-USD,378404815570.3729
2023-04-24,98256.51,98511.83,95952.04,96921.9,3843328,BTC-USD,394472400138.7397
2023-04-25,96921.9,102703.93,96057.12,101395.57,3744871,BTC-USD,355640584532.07446
2023-04-26,101395.57,102826.84,99525.87,99711.34,5555484,BTC-USD,615892716862.7404
2023-04-27,99711.34,99851.94,93008.71,93436.2,5025982,BTC-USD,483736045619.2414
2023-04-28,93436.2,94039.34,89667.87,90528.01,2959874,BTC-USD,319963032153.4426
2023-04-29,90528.01,92355.96,90362.65,91198.56,2628382,BTC-USD,215495071142.07867
2023-04-30,91198.56,92947.1,90869.13,91555.3,3656207,BTC-USD,278461864888.82733
2023-05-01,91555.3,93912.39,90578.66,92368.92,2783009,BTC-USD,212837483055.83075
2023-05-02,92368.92,92452.91,91151.49,91574.89,4015707,BTC-USD,388335720677.65314
2023-05-03,91574.89,91727.12,86471.76,87271.07,1850113,BTC-USD,189830759397.12006
2023-05-04,87271.07,88328.56,85700.17,87104.3,2214287,BTC-USD,154448181659.61353
2023-05-05,87104.3,87434.95,83449.57,84008.19,1994528,BTC-USD,182688466660.4723
2023-05-06,84008.19,84281.82,79010.85,79325.64,4132424,BTC-USD,348402016285.27167
2023-05-07,79325.64,79636.19,78709.91,79024.78,4067810,BTC-USD,351328187258.07324
2023-05-08,79024.78,79735.51,66050.76,66623.45,3402090,BTC-USD,213549508208.052
2023-05-09,66623.45,69615.94,66512.16,69347.31,4027665,BTC-USD,315114587530.3811
2023-05-10,69347.31,70895.84,68491.04,70772.59,1951331,BTC-USD,112950223336.33922
2023-05-11,70772.59,72745.02,70658.25,72318.42,2391811,BTC-USD,190644963022.81616
2023-05-12,72318.42,73106.22,68964.66,69909.18,5091563,BTC-USD,322782977307.1827
2023-05-13,69909.18,70079.15,69089.26,69825.83,2977388,BTC-USD,205972430768.1857
2023-05-14,69825.83,70589.98,67179.22,68242.98,1520833,BTC-USD,117180249948.17058
2023-05-15,68242.98,72472.72,68143.86,72203.63,2784893,BTC-USD,182689390039.0214
2023-05-16,72203.63,72274.68,68643.14,69062.8,3052112,BTC-USD,184245684489.7734
2023-05-17,69062.8,71595.36,67899.54,71447.03,5389756,BTC-USD,413010240492.5046
2023-05-18,71447.03,76279.01,71273.37,75763.15,3272759,BTC-USD,251266696895.8083
2023-05-19,75763.15,76726.78,70139.9,70722.08,5634101,BTC-USD,400751061027.0176
2023-05-20,70722.08,73696.9,70329.17,73662.23,1112593,BTC-USD,73982394502.90546
2023-05-21,73662.23,74937.98,72414.38,72576.55,1285075,BTC-USD,75914310959.08012
2023-05-22,72576.55,75474.08,72122.84,74667.9,3951507,BTC-USD,284460667046.8357
2023-05-23,74667.9,75002.27,72912.33,73311.41,5207812,BTC-USD,321707057190.91284
2023-05-24,73311.41,75443.28,72435.95,73567.73,7150453,BTC-USD,611469630332.1343
2023-05-25,73567.73,74747.92,72727.86,73778.84,2620622,BTC-USD,157867402453.0634
2023-05-26,73778.84,73957.26,73726.06,73806.23,2369851,BTC-USD,170127794677.45966
2023-05-27,73806.23,74749.13,71120.56,71886.97,3370616,BTC-USD,198906409444.76138
2023-05-28,71886.97,72511.27,71401.44,72238.6,3059244,BTC-USD,185242309565.55753
2023-05-29,72238.6,72505.47,67577.72,67748.39,2091966,BTC-USD,150733627746.81592
2023-05-30,67748.39,71349.27,67704.61,71117.23,1420361,BTC-USD,106956149230.9609
2023-05-31,71117.23,71408.46,70425.42,71344.36,3467447,BTC-USD,201176847274.08
2023-06-01,71344.36,72562.33,70429.29,70917.12,7425009,BTC-USD,421486519334.195
2023-06-02,70917.12,71757.75,69422.05,69999.33,6367670,BTC-USD,370638822588.69214
2023-06-03,69999.33,74714.17,69438.81,74536.84,1737204,BTC-USD,143107534784.97708
2023-06-04,74536.84,76912.76,74007.63,75977.8,8113220,BTC-USD,637278614090.5436
2023-06-05,75977.8,77736.18,75954.31,77622.14,2635086,BTC-USD,166751509338.49442
2023-06-06,77622.14,81343.81,77274.82,80674.79,2802573,BTC-USD,225020496689.80643
2023-06-07,80674.79,80915.41,79083.71,79294.0,2366310,BTC-USD,203547767394.66803
2023-06-08,79294.0,81542.65,78291.91,79865.57,1986315,BTC-USD,182050090725.69342
2023-06-09,79865.57,82191.83,79628.29,81592.37,2762583,BTC-USD,264539412901.68262
2023-06-10,81592.37,82928.49,81408.74,81829.17,2601035,BTC-USD,198149478017.7078
2023-06-11,81829.17,84664.84,81191.8,84365.29,3123207,BTC-USD,225108420412.4595
2023-06-12,84365.29,85710.14,80741.19,81177.24,1490371,BTC-USD,108253081089.23857
2023-06-13,81177.24,81483.21,78777.35,79414.9,13911957,BTC-USD,1226864221670.6025
2023-06-14,79414.9,82348.21,78983.2,81941.7,2233213,BTC-USD,217504644927.7363
2023-06-15,81941.7,82294.6,80926.88,81148.15,3691361,BTC-USD,295520438130.8174
2023-06-16,81148.15,90124.23,81092.87,89973.65,3921502,BTC-USD,325360814240.9424
2023-06-17,89973.65,98116.58,89272.72,96655.26,1876252,BTC-USD,176213120325.55612
2023-06-18,96655.26,100841.63,96212.93,99322.69,3587062,BTC-USD,328460439688.186
2023-06-19,99322.69,105302.07,99184.58,104668.19,5971733,BTC-USD,564167447654.8894
2023-06-20,104668.19,105025.29,101907.45,103152.09,1523340,BTC-USD,163028341001.8855
2023-06-21,103152.09,103282.34,98704.84,99446.03,2327099,BTC-USD,186593258569.44122
2023-06-22,99446.03,106044.2,98145.9,105287.73,1470427,BTC-USD,139927672576.16428
2023-06-23,105287.73,106058.39,101899.23,103071.33,2091903,BTC-USD,229533797615.11026
2023-06-24,103071.33,108740.01,102649.45,108704.46,5405687,BTC-USD,477634130974.2535
2023-06-25,108704.46,109930.54,102724.39,104523.43,2067662,BTC-USD,180087900946.8477
2023-06-26,104523.43,109281.53,103900.95,108457.02,5128206,BTC-USD,510225546313.61993
2023-06-27,108457.02,115478.66,107281.43,115016.53,7290229,BTC-USD,965212094769.152
2023-06-28,115016.53,118649.7,112643.28,116830.78,2789365,BTC-USD,360412520233.9986
2023-06-29,116830.78,121027.98,116451.94,120796.17,10212484,BTC-USD,997836386531.9553
2023-06-30,120796.17,120896.27,110312.39,112605.29,3347574,BTC-USD,377212802677.9565
2023-07-01,112605.29,114489.05,111062.52,111736.25,3832217,BTC-USD,389606250932.86237
2023-07-02,111736.25,115053.25,111392.77,114387.76,2164486,BTC-USD,262312018505.7384
2023-07-03,114387.76,116991.63,112422.11,115609.54,940181,BTC-USD,118326514523.58685
2023-07-04,115609.54,116492.47,113595.37,116116.33,2487973,BTC-USD,330825865099.9573
2023-07-05,116116.33,116273.48,111234.59,111793.99,4070396,BTC-USD,450571114402.8523
2023-07-06,111793.99,113396.67,111463.89,112214.03,2217188,BTC-USD,298007194595.55066
2023-07-07,112214.03,113142.35,111758.17,112943.36,2401453,BTC-USD,323302472238.83795
2023-07-08,112943.36,115505.21,112361.83,115332.86,4925629,BTC-USD,654928440706.7329
2023-07-09,115332.86,117379.44,113721.49,116757.44,6022618,BTC-USD,724244315928.3475
2023-07-10,116757.44,130659.66,114726.56,130445.0,1931408,BTC-USD,241663910636.7166
2023-07-11,130445.0,134491.19,128287.98,134010.24,3731448,BTC-USD,472926670161.82983
2023-07-12,134010.24,138819.85,133789.94,137707.03,3082935,BTC-USD,341692443426.44354
2023-07-13,137707.03,139446.53,137547.71,138526.02,5779377,BTC-USD,720270327447.6855
2023-07-14,138526.02,140645.24,134432.62,135298.21,2884813,BTC-USD,424471255028.6644
2023-07-15,135298.21,139155.2,134839.03,138149.15,3035936,BTC-USD,436797795448.54224
2023-07-16,138149.15,146259.85,138142.76,144511.04,3934929,BTC-USD,663358521194.7723
2023-07-17,144511.04,147521.6,142956.04,146629.24,3641512,BTC-USD,437845508135.99384
2023-07-18,146629.24,147409.91,144108.07,145851.46,6062751,BTC-USD,762330891011.3651
2023-07-19,145851.46,167214.08,143026.68,164986.78,2234040,BTC-USD,411231673860.5913
2023-07-20,164986.78,165151.58,158041.24,160080.21,3865148,BTC-USD,583715264572.8873
2023-07-21,160080.21,160857.45,155674.61,157485.18,3791561,BTC-USD,505958027045.8201
2023-07-22,157485.18,165105.26,155761.23,164629.93,1391193,BTC-USD,274513228272.60947
2023-07-23,164629.93,171464.24,163241.93,169099.23,5846883,BTC-USD,1102305555076.8733
2023-07-24,169099.23,171054.72,165200.23,165835.52,2186079,BTC-USD,349295919458.0684
2023-07-25,165835.52,166607.94,158832.38,159347.37,6211471,BTC-USD,1117798916736.2837
2023-07-26,159347.37,167636.43,158331.18,166729.05,4093660,BTC-USD,731839214188.6661
2023-07-27,166729.05,174495.18,164737.44,172139.68,3771191,BTC-USD,724468964797.815
2023-07-28,172139.68,173092.29,165775.17,167219.86,3249911,BTC-USD,611969182226.3043
2023-07-29,167219.86,167844.31,163238.81,164689.97,3271184,BTC-USD,449243349773.5432
2023-07-30,164689.97,168734.35,163912.86,167133.93,2102246,BTC-USD,368639571852.19366
2023-07-31,167133.93,176830.31,163507.66,175881.81,1799294,BTC-USD,254029419166.30322
2023-08-01,175881.81,178260.63,169620.82,170155.59,2976567,BTC-USD,413987490651.41125
2023-08-02,170155.59,173796.51,168980.71,173286.52,3733320,BTC-USD,751473397102.344
2023-08-03,173286.52,177572.54,171678.56,177449.16,2433065,BTC-USD,436505543780.1852
2023-08-04,177449.16,177939.79,173756.06,174065.75,2071108,BTC-USD,394526879879.6048
2023-08-05,174065.75,174664.63,169733.25,171696.71,4285821,BTC-USD,835497285748.6906
2023-08-06,171696.71,182230.59,169670.47,179960.9,5792917,BTC-USD,1229975979508.4126
2023-08-07,179960.9,181335.55,151858.39,152503.3,816587,BTC-USD,142930743136.25955
2023-08-08,152503.3,154162.05,148495.89,151440.8,2750424,BTC-USD,413745921948.3106
2023-08-09,151440.8,151970.76,147751.45,149097.21,2264007,BTC-USD,315409370399.2347
2023-08-10,149097.21,151213.79,146845.39,150730.9,3176241,BTC-USD,412592060019.23816
2023-08-11,150730.9,152772.55,149692.95,151595.13,3141942,BTC-USD,457312230947.6406
2023-08-12,151595.13,155071.53,148536.82,149205.31,1978108,BTC-USD,279382758117.4229
2023-08-13,149205.31,155745.47,148623.83,154736.8,1297152,BTC-USD,205500226579.54883
2023-08-14,154736.8,170553.88,154358.81,170231.45,4061845,BTC-USD,737230605491.9575
2023-08-15,170231.45,171667.18,163897.36,166312.41,3292226,BTC-USD,652298597928.6923
2023-08-16,166312.41,166809.99,162275.47,163007.05,5854163,BTC-USD,1041446660634.146
2023-08-17,163007.05,164087.64,159816.95,161720.34,8123502,BTC-USD,1389274525800.2087
2023-08-18,161720.34,163065.23,157524.91,158676.15,3500218,BTC-USD,518765177956.58624
2023-08-19,158676.15,165673.69,157055.24,165654.37,5175556,BTC-USD,697715582141.8905
2023-08-20,165654.37,167443.18,162833.58,163154.98,2408727,BTC-USD,359689431249.18994
2023-08-21,163154.98,164150.32,162702.16,164133.88,6234674,BTC-USD,1133204608876.9946
2023-08-22,164133.88,168905.37,161294.55,166721.01,1562023,BTC-USD,229720577796.13043
2023-08-23,166721.01,169774.71,159543.75,160096.34,4175009,BTC-USD,725134606502.441
2023-08-24,160096.34,165478.98,158089.6,164102.33,3305919,BTC-USD,559821524077.4456
2023-08-25,164102.33,165803.28,162649.9,162740.82,2800126,BTC-USD,395881553922.8252
2023-08-26,162740.82,167358.6,151384.81,152343.46,4068237,BTC-USD,560674249838.4293
2023-08-27,152343.46,153249.18,148820.96,150560.06,2649942,BTC-USD,398385517966.2972
2023-08-28,150560.06,153541.81,143808.89,146500.45,6823978,BTC-USD,967075007436.41
2023-08-29,146500.45,146588.73,143197.52,143297.17,8459645,BTC-USD,1347318038316.3926
2023-08-30,143297.17,143538.83,137003.41,138100.28,6806660,BTC-USD,1028137952342.972
2023-08-31,138100.28,142302.79,137070.82,141568.69,3232321,BTC-USD,471245431008.5425
2023-09-01,141568.69,145972.02,139699.71,145580.96,3000773,BTC-USD,493170395093.555
2023-09-02,145580.96,145741.26,143983.86,144451.17,3139456,BTC-USD,464866299223.3728
2023-09-03,144451.17,145842.5,141870.13,142659.03,7625195,BTC-USD,1289868518444.1746
2023-09-04,142659.03,142687.82,128632.28,130160.46,2203734,BTC-USD,254394564983.94693
2023-09-05,130160.46,135898.27,129124.21,134379.49,2032888,BTC-USD,296576951338.62463
2023-09-06,134379.49,142518.97,133962.45,141834.04,2412393,BTC-USD,324359507806.2182
2023-09-07,141834.04,143136.62,136347.22,136721.15,5564800,BTC-USD,693558561828.3611
2023-09-08,136721.15,139573.75,135405.62,138348.45,3846482,BTC-USD,464121484235.28107
2023-09-09,138348.45,155067.97,137670.43,153322.58,4298720,BTC-USD,672932665229.5076
2023-09-10,153322.58,157383.7,153197.96,156514.86,3207663,BTC-USD,444907846787.11566
2023-09-11,156514.86,171765.26,156455.97,169754.93,2851197,BTC-USD,425992102999.69415
2023-09-12,169754.93,171990.6,169710.45,171105.1,2808659,BTC-USD,574870999658.1294
2023-09-13,171105.1,176529.86,170732.07,170791.62,8872126,BTC-USD,1698178078725.1697
2023-09-14,170791.62,173504.66,168652.67,170435.63,4142059,BTC-USD,776063284124.7848
2023-09-15,170435.63,173992.4,170397.96,172341.64,4317602,BTC-USD,831627121181.0658
2023-09-16,172341.64,174811.11,171447.41,173680.28,4188706,BTC-USD,863951367664.7793
2023-09-17,173680.28,174584.94,172717.96,173863.8,3957271,BTC-USD,708192685603.2098
2023-09-18,173863.8,189976.94,171944.46,186201.26,2875852,BTC-USD,475564929481.96204
2023-09-19,186201.26,186958.89,184125.79,184849.99,2349162,BTC-USD,497157310640.1239
2023-09-20,184849.99,188172.36,183619.95,186656.75,4690040,BTC-USD,960424898050.7812
2023-09-21,186656.75,187905.19,178080.2,178546.53,5452585,BTC-USD,940170412536.1307
2023-09-22,178546.53,180384.07,175648.4,177475.35,4868765,BTC-USD,854950484346.6797
2023-09-23,177475.35,179479.83,177434.79,177747.14,4726787,BTC-USD,810347539786.2399
2023-09-24,177747.14,179371.02,177704.07,178238.26,5963842,BTC-USD,1245793617086.599
2023-09-25,178238.26,183900.36,171001.94,171583.83,5858431,BTC-USD,942298466273.0154
2023-09-26,171583.83,175174.28,169895.9,171146.91,2361175,BTC-USD,479026851059.7992
2023-09-27,171146.91,171438.3,157392.28,158796.85,2519832,BTC-USD,465808069896.6777
2023-09-28,158796.85,165751.14,158205.4,165114.32,4570688,BTC-USD,794087034698.912
2023-09-29,165114.32,165927.16,161933.51,163907.93,2053760,BTC-USD,347375633493.0486
2023-09-30,163907.93,166235.78,163361.63,164010.58,3580199,BTC-USD,556677577515.2266
2023-10-01,164010.58,165214.72,155855.38,157431.77,2021299,BTC-USD,256907575917.03052
2023-10-02,157431.77,161177.09,150245.88,151714.23,4326885,BTC-USD,558671318432.1852
2023-10-03,151714.23,153632.84,148906.94,150377.87,2065622,BTC-USD,342211960200.7216
2023-10-04,150377.87,150550.02,141882.08,142195.58,1986458,BTC-USD,279249973966.1231
2023-10-05,142195.58,154659.99,140882.39,152891.17,1933202,BTC-USD,254170646398.78894
2023-10-06,152891.17,159563.8,152813.91,157693.03,6885314,BTC-USD,983252712895.8947
2023-10-07,157693.03,158425.77,151305.53,153377.43,2357613,BTC-USD,426380580185.98987
2023-10-08,153377.43,153493.53,131237.96,133097.38,5307815,BTC-USD,668910333394.513
2023-10-09,133097.38,136229.28,122990.21,123660.05,3876463,BTC-USD,557534763739.5775
2023-10-10,123660.05,135559.55,123003.39,135261.05,3521643,BTC-USD,439117134549.8472
2023-10-11,135261.05,144294.33,134345.08,140990.01,4023953,BTC-USD,577145320183.8197
2023-10-12,140990.01,141368.88,138808.7,139768.93,1663978,BTC-USD,187962901653.37405
2023-10-13,139768.93,142123.57,138792.08,139537.54,3525227,BTC-USD,496205663394.56525
2023-10-14,139537.54,141653.53,137800.94,139894.94,3672686,BTC-USD,541933972138.107
2023-10-15,139894.94,141314.14,136625.83,137057.84,2902037,BTC-USD,355475191161.0303
2023-10-16,137057.84,140856.38,135695.78,139996.99,6497689,BTC-USD,938379200818.5614
2023-10-17,139996.99,140662.48,135382.92,135960.38,4197431,BTC-USD,604278849385.3818
2023-10-18,135960.38,137632.23,135651.07,137052.89,4492787,BTC-USD,661779441934.5924
2023-10-19,137052.89,138723.96,133239.77,133246.57,2353215,BTC-USD,348225197258.6882
2023-10-20,133246.57,134534.71,131307.62,132194.53,4421083,BTC-USD,540338406547.4288
2023-10-21,132194.53,133539.96,130016.39,130513.59,2616965,BTC-USD,350809171206.823
2023-10-22,130513.59,131301.07,126187.2,126526.09,2165653,BTC-USD,326794903805.9614
2023-10-23,126526.09,128202.91,124217.48,124357.58,5016756,BTC-USD,723227977595.1399
2023-10-24,124357.58,125764.12,120990.35,122647.45,6239263,BTC-USD,903786908152.8864
2023-10-25,122647.45,130308.49,121251.65,129911.94,3922500,BTC-USD,486370557952.1745
2023-10-26,129911.94,134183.49,128235.35,133010.19,3043049,BTC-USD,451210934973.15344
2023-10-27,133010.19,141277.38,131720.59,138248.02,4137805,BTC-USD,599478078712.4293
2023-10-28,138248.02,138628.74,136604.63,136608.93,6046530,BTC-USD,688143996979.7324
2023-10-29,136608.93,143424.37,133595.98,141444.06,5954563,BTC-USD,951384948035.783
2023-10-30,141444.06,142557.24,134830.43,135352.44,4062265,BTC-USD,588788247452.5369
2023-10-31,135352.44,138337.83,134111.05,136625.73,4569452,BTC-USD,549117790352.1708
2023-11-01,136625.73,142106.34,136555.34,141825.34,4203992,BTC-USD,496003166605.17206
2023-11-02,141825.34,143285.88,139260.78,140384.94,2686928,BTC-USD,428054694847.4207
2023-11-03,140384.94,141551.7,137615.52,138920.63,5720818,BTC-USD,660874277187.6577
2023-11-04,138920.63,140938.8,136865.42,137627.84,6289287,BTC-USD,724094455465.215
2023-11-05,137627.84,138937.94,126021.83,127783.28,3463922,BTC-USD,429778768836.06006
2023-11-06,127783.28,132532.4,126599.41,129653.54,2022683,BTC-USD,223938593967.66907
2023-11-07,129653.54,130807.26,129366.95,130440.77,3384392,BTC-USD,514510577165.31445
2023-11-08,130440.77,134594.94,129568.44,131450.5,2921736,BTC-USD,379498514011.15076
2023-11-09,131450.5,134611.29,126637.61,127544.98,15501620,BTC-USD,2031842662893.4878
2023-11-10,127544.98,132393.0,127325.18,131279.66,1656094,BTC-USD,254641524756.11633
2023-11-11,131279.66,132369.68,125572.42,126902.98,4171922,BTC-USD,535838229886.8652
2023-11-12,126902.98,127082.58,123698.01,123768.71,3769348,BTC-USD,439205846238.70636
2023-11-13,123768.71,123795.77,118929.36,121486.34,9075499,BTC-USD,1233600401771.6865
2023-11-14,121486.34,122755.08,119549.89,122268.27,2942702,BTC-USD,351574104056.36566
2023-11-15,122268.27,124317.23,110659.89,111813.77,2623107,BTC-USD,272002353351.3038
2023-11-16,111813.77,116983.42,111245.22,116966.45,2974673,BTC-USD,379004850683.2425
2023-11-17,116966.45,119099.26,114410.62,118035.17,2318990,BTC-USD,306744868192.58856
2023-11-18,118035.17,125340.28,117041.33,124861.85,3493427,BTC-USD,487093900003.0559
2023-11-19,124861.85,132261.76,122271.61,131576.98,3233198,BTC-USD,506698263755.97
2023-11-20,131576.98,137130.46,131285.36,136874.94,3771349,BTC-USD,575394522972.9055
2023-11-21,136874.94,137888.57,134490.54,135451.37,3300977,BTC-USD,495399112646.35406
2023-11-22,135451.37,136025.53,133216.04,134930.16,2624846,BTC-USD,404815239054.4252
2023-11-23,134930.16,136616.64,126042.88,126082.46,7302951,BTC-USD,736687431078.7798
2023-11-24,126082.46,126482.52,125531.22,126117.81,1450050,BTC-USD,172813870888.95953
2023-11-25,126117.81,127239.68,122587.69,122834.39,3437983,BTC-USD,462438701462.80145
2023-11-26,122834.39,124411.84,120694.16,123134.73,9131533,BTC-USD,1169258825900.9417
2023-11-27,123134.73,123407.47,101724.78,102857.96,4352347,BTC-USD,389936541262.58746
2023-11-28,102857.96,104876.85,98435.47,98975.98,3481589,BTC-USD,317540748141.18475
2023-11-29,98975.98,107870.09,98057.49,107847.55,4783738,BTC-USD,482234004779.4718
2023-11-30,107847.55,111003.96,105802.72,110615.23,3072248,BTC-USD,349057631235.33606
2023-12-01,110615.23,111688.24,108903.14,109195.86,1562979,BTC-USD,193308499463.7286
2023-12-02,109195.86,111715.54,108478.77,110161.16,6471591,BTC-USD,836250436555.6328
2023-12-03,110161.16,116864.04,108576.03,116558.85,6365538,BTC-USD,816183194450.9816
2023-12-04,116558.85,118395.49,116491.76,118301.1,1360352,BTC-USD,183007696612.92334
2023-12-05,118301.1,118673.01,116919.49,117119.29,2731045,BTC-USD,316032031975.0787
2023-12-06,117119.29,118738.06,114589.02,114827.1,5165487,BTC-USD,566986518458.3304
2023-12-07,114827.1,116605.34,114607.79,115262.76,3339307,BTC-USD,368379243851.6249
2023-12-08,115262.76,116356.04,109241.56,110226.94,1702138,BTC-USD,196329990587.50113
2023-12-09,110226.94,116361.84,108361.46,115539.16,3731357,BTC-USD,366318547479.1731
2023-12-10,115539.16,118154.08,112902.45,113620.21,3746969,BTC-USD,439268672683.60376
2023-12-11,113620.21,118477.64,112538.34,117416.57,2712278,BTC-USD,339502085303.8105
2023-12-12,117416.57,117759.52,115806.88,115807.98,5687199,BTC-USD,642528583842.966
2023-12-13,115807.98,116793.14,115741.76,116471.42,4107129,BTC-USD,565074537427.3842
2023-12-14,116471.42,120041.56,115234.08,117580.09,5995379,BTC-USD,735450627001.8107
2023-12-15,117580.09,122013.58,117371.02,120984.84,1205714,BTC-USD,129535295659.07983
2023-12-16,120984.84,122044.08,103523.21,104047.16,3031878,BTC-USD,312835733765.9365
2023-12-17,104047.16,105220.88,100196.78,101361.27,3715559,BTC-USD,403037670169.0814
2023-12-18,101361.27,107380.16,100041.96,106318.04,1294313,BTC-USD,127900745994.80824
2023-12-19,106318.04,106334.73,105472.16,105959.64,3661021,BTC-USD,322694217401.78973
2023-12-20,105959.64,107437.09,102764.63,103145.17,3637853,BTC-USD,387749886151.5551
2023-12-21,103145.17,104930.79,99706.47,99934.35,6712038,BTC-USD,790929077585.9924
2023-12-22,99934.35,101455.77,96100.07,96920.44,5193072,BTC-USD,500309426812.93036
2023-12-23,96920.44,97414.89,94936.22,95895.3,11057519,BTC-USD,1232613497967.5642
2023-12-24,95895.3,97074.58,89328.78,90254.67,3372502,BTC-USD,345174390435.3331
2023-12-25,90254.67,91661.5,89568.71,90683.47,2684277,BTC-USD,209088903788.69714
2023-12-26,90683.47,98631.68,88809.4,97838.34,3965415,BTC-USD,420275063283.28265
2023-12-27,97838.34,99619.5,92367.83,92592.13,1250994,BTC-USD,112842131018.33742
2023-12-28,92592.13,97134.63,92401.4,96514.8,2455392,BTC-USD,213306850850.093
2023-12-29,96514.8,98067.59,94508.91,95228.84,3413955,BTC-USD,349416959750.89624
2023-12-30,95228.84,103679.27,93615.57,102767.32,2099087,BTC-USD,236656015277.84113
2023-12-31,102767.32,106157.11,102761.78,104716.62,2091083,BTC-USD,190933756198.2358
2024-01-01,104716.62,109139.68,104543.41,108114.11,5228941,BTC-USD,659040231218.0247
2024-01-02,108114.11,109587.03,105143.12,107164.23,1493444,BTC-USD,176121597640.66608
2024-01-03,107164.23,107241.2,102367.45,102814.94,7542192,BTC-USD,909874433383.7084
2024-01-04,102814.94,107551.55,102151.98,106996.95,5342729,BTC-USD,529827252244.2957
2024-01-05,106996.95,112480.42,106061.0,111957.64,3880527,BTC-USD,510803100174.8136
2024-01-06,111957.64,121210.62,111314.6,119670.0,2723325,BTC-USD,308760248703.2997
2024-01-07,119670.0,133839.98,118423.7,131688.58,1829293,BTC-USD,197918059454.2082
2024-01-08,131688.58,135405.8,129542.18,134609.55,2376060,BTC-USD,353483657730.0189
2024-01-09,134609.55,137062.03,132369.95,134040.83,1469817,BTC-USD,213053193369.8622
2024-01-10,134040.83,135264.55,111285.86,112976.16,2065522,BTC-USD,242493941767.53638
2024-01-11,112976.16,118519.6,110701.16,118319.49,4330203,BTC-USD,510276244998.3939
2024-01-12,118319.49,122795.94,118015.06,121603.65,5615584,BTC-USD,555086359192.1111
2024-01-13,121603.65,122639.31,119996.0,121176.07,2250303,BTC-USD,286273088496.50146
2024-01-14,121176.07,131244.52,120380.32,129386.41,2870065,BTC-USD,358994106827.08026
2024-01-15,129386.41,129671.76,121469.83,122677.54,2608705,BTC-USD,327737026296.15405
2024-01-16,122677.54,122791.82,111463.85,112729.33,2983787,BTC-USD,326850911259.9845
2024-01-17,112729.33,116482.12,112225.46,115714.44,4559814,BTC-USD,625999581291.5428
2024-01-18,115714.44,116863.53,115078.99,115134.48,1967974,BTC-USD,236017330331.8413
2024-01-19,115134.48,115508.62,109901.2,110365.52,2645455,BTC-USD,321074531872.45935
2024-01-20,110365.52,111305.0,108417.54,110200.31,7131048,BTC-USD,923003900137.883
2024-01-21,110200.31,120835.66,108589.14,118888.67,4608583,BTC-USD,567983515301.3706
2024-01-22,118888.67,121619.36,118738.72,119416.63,2484208,BTC-USD,238755964160.14795
2024-01-23,119416.63,119874.9,104914.43,105203.53,1087485,BTC-USD,93095095451.44003
2024-01-24,105203.53,105239.33,97548.99,97948.58,3904002,BTC-USD,413340447279.3829
2024-01-25,97948.58,102619.94,96350.04,102417.41,2079267,BTC-USD,194135335192.67514
2024-01-26,102417.41,102698.9,95438.67,96042.29,2824055,BTC-USD,279840733682.77185
2024-01-27,96042.29,96082.41,93640.71,93819.19,1546147,BTC-USD,127783397631.54105
2024-01-28,93819.19,98688.14,92094.07,98389.41,2175221,BTC-USD,194350294983.0702
2024-01-29,98389.41,102912.93,97310.84,102179.25,3159942,BTC-USD,323479906196.2066
2024-01-30,102179.25,104593.03,101723.32,103825.06,3300355,BTC-USD,407842924340.8747
2024-01-31,103825.06,104384.49,101096.27,102023.42,7589394,BTC-USD,810307038311.7554
2024-02-01,102023.42,105157.53,101615.35,105133.14,1953100,BTC-USD,241158217613.8201
2024-02-02,105133.14,105529.59,99923.18,101270.8,1100214,BTC-USD,131893110971.68048
2024-02-03,101270.8,101434.55,97812.99,98893.01,1562453,BTC-USD,136475047180.28937
2024-02-04,98893.01,100823.97,97021.2,100571.97,3819940,BTC-USD,355164718108.7478
2024-02-05,100571.97,100971.57,96487.75,96491.59,4396146,BTC-USD,470002448397.2659
2024-02-06,96491.59,97994.26,96293.51,97290.72,5718831,BTC-USD,638014595357.649
2024-02-07,97290.72,97800.11,94755.58,95595.08,2224042,BTC-USD,214242572711.15488
2024-02-08,95595.08,96595.08,93035.07,93568.71,1812913,BTC-USD,203098686788.28152
2024-02-09,93568.71,94889.59,93408.94,93773.31,981542,BTC-USD,74060007169.44331
2024-02-10,93773.31,94168.65,88990.78,89086.15,2750866,BTC-USD,225419006026.80563
2024-02-11,89086.15,91880.0,86766.04,91320.23,2513711,BTC-USD,240861510275.23273
2024-02-12,91320.23,92191.47,88507.9,89181.82,2925733,BTC-USD,257717016250.38452
2024-02-13,89181.82,90758.71,83357.36,85057.87,5780423,BTC-USD,416268468496.58777
2024-02-14,85057.87,85468.08,84012.51,84840.59,6581302,BTC-USD,528832501778.7758
2024-02-15,84840.59,85076.03,81414.78,83058.69,2857740,BTC-USD,192304167614.26627
2024-02-16,83058.69,84425.37,82814.88,83106.2,3703203,BTC-USD,325331688690.9845
2024-02-17,83106.2,83209.88,81801.45,82239.11,3963890,BTC-USD,377198337423.4643
2024-02-18,82239.11,92415.1,81976.63,92145.16,2956594,BTC-USD,314377227295.0656
2024-02-19,92145.16,92972.96,91001.44,92010.46,8016196,BTC-USD,796445398221.8408
2024-02-20,92010.46,93353.28,87715.68,89269.2,2290875,BTC-USD,201704517852.5819
2024-02-21,89269.2,89454.29,84813.55,86427.49,5413950,BTC-USD,470166015143.77905
2024-02-22,86427.49,87102.98,83820.8,85111.75,1746858,BTC-USD,127085247613.92636
2024-02-23,85111.75,87065.49,84361.33,86351.48,6335911,BTC-USD,512322500189.9509
2024-02-24,86351.48,88092.66,84631.03,85478.98,2721669,BTC-USD,203586028059.84024
2024-02-25,85478.98,86435.87,83006.08,83888.38,1054034,BTC-USD,99781568300.1569
2024-02-26,83888.38,87034.28,82980.7,86547.46,7335475,BTC-USD,740192110240.2745
2024-02-27,86547.46,91923.58,85681.88,91014.24,2599655,BTC-USD,240100124611.85666
2024-02-28,91014.24,92683.01,89604.28,92058.52,4852783,BTC-USD,487440545745.2299
2024-02-29,92058.52,92373.82,90653.04,91389.56,2639997,BTC-USD,204736764303.27222
2024-03-01,91389.56,92863.67,88308.8,88953.78,6727784,BTC-USD,624443353788.5293
2024-03-02,88953.78,89648.03,86184.86,87149.49,3048857,BTC-USD,287259476065.4075
2024-03-03,87149.49,90447.86,86949.13,89069.18,2526819,BTC-USD,220809662381.0597
2024-03-04,89069.18,91714.49,87949.97,91151.86,2957946,BTC-USD,241934561191.51517
2024-03-05,91151.86,92874.36,89359.7,90257.64,3119714,BTC-USD,324082171702.16034
2024-03-06,90257.64,98910.74,89959.59,97214.68,3224916,BTC-USD,343970822115.1879
2024-03-07,97214.68,98880.2,93702.86,95602.41,2407357,BTC-USD,266959853295.8789
2024-03-08,95602.41,96180.6,90743.2,91037.55,3292718,BTC-USD,337938855364.39264
2024-03-09,91037.55,93728.35,90878.54,93181.22,3310617,BTC-USD,368997050603.8112
2024-03-10,93181.22,94589.84,90764.65,91377.62,11426905,BTC-USD,915594598776.0095
2024-03-11,91377.62,91630.14,90848.06,91445.48,3171619,BTC-USD,242087967201.54715
2024-03-12,91445.48,92514.38,86871.7,88002.26,5081668,BTC-USD,418041440771.4125
2024-03-13,88002.26,88860.68,85963.42,86268.25,9190593,BTC-USD,675197812663.2501
2024-03-14,86268.25,86421.67,85247.2,85618.09,2527762,BTC-USD,218424501961.38702
2024-03-15,85618.09,86650.36,72774.97,73404.04,3525769,BTC-USD,272577143699.54288
2024-03-16,73404.04,74493.02,73028.96,73720.25,911844,BTC-USD,69326434754.07045
2024-03-17,73720.25,73960.59,73297.25,73359.5,3565805,BTC-USD,236393939517.54507
2024-03-18,73359.5,78910.04,72100.72,78552.27,3113435,BTC-USD,284561396704.8889
2024-03-19,78552.27,80289.61,78276.23,79532.08,2584297,BTC-USD,166168273209.24258
2024-03-20,79532.08,80270.35,78909.66,80181.33,4655296,BTC-USD,350575134886.5011
2024-03-21,80181.33,86979.87,79925.16,86111.94,4288453,BTC-USD,401635437784.49176
2024-03-22,86111.94,87563.28,85457.06,86423.68,1367542,BTC-USD,130807131875.53409
2024-03-23,86423.68,87778.96,83764.46,84672.31,5422742,BTC-USD,443750219152.98193
2024-03-24,84672.31,84922.52,78967.2,79773.13,3197306,BTC-USD,205772486498.97647
2024-03-25,79773.13,84263.73,79574.2,83701.67,3249228,BTC-USD,284807347725.1315
2024-03-26,83701.67,84253.1,81321.0,81719.5,1594184,BTC-USD,107508622550.25447
2024-03-27,81719.5,84386.36,81585.94,83785.96,4745577,BTC-USD,335244111371.5023
2024-03-28,83785.96,85988.4,83248.8,83982.64,13418773,BTC-USD,1194673639825.3503
2024-03-29,83982.64,83999.53,79320.21,80189.66,3475907,BTC-USD,257825613932.41003
2024-03-30,80189.66,80597.55,79047.76,79851.81,3348130,BTC-USD,251102327367.6567
2024-03-31,79851.81,81044.83,78189.46,78354.84,6661645,BTC-USD,519217592870.57135
2024-04-01,78354.84,78948.32,76709.22,76964.47,1936555,BTC-USD,177577993823.75665
2024-04-02,76964.47,82078.35,76546.19,81650.53,2707988,BTC-USD,262273976877.47348
2024-04-03,81650.53,83793.23,81564.82,83530.22,4441023,BTC-USD,358534112797.2651
2024-04-04,83530.22,83711.61,74552.94,74768.54,4989760,BTC-USD,338082324155.12854
2024-04-05,74768.54,76585.67,73560.29,75982.52,4940684,BTC-USD,345762414648.2632
2024-04-06,75982.52,84700.93,75502.09,83405.13,1278249,BTC-USD,96752200256.16557
2024-04-07,83405.13,84761.2,78812.06,79605.95,2485429,BTC-USD,200406933554.93387
2024-04-08,79605.95,80324.2,73421.78,74910.99,1262165,BTC-USD,98591468893.5914
2024-04-09,74910.99,76326.53,72811.26,72865.68,5484846,BTC-USD,397863274919.67126
2024-04-10,72865.68,73840.62,72810.38,73652.74,4462999,BTC-USD,316614758225.55396
2024-04-11,73652.74,74545.39,73517.8,74471.31,2471711,BTC-USD,162813871148.55048
2024-04-12,74471.31,77029.1,74270.44,76876.79,3129348,BTC-USD,238890747486.66602
2024-04-13,76876.79,79269.06,75733.68,78337.37,1880131,BTC-USD,137923273724.8245
2024-04-14,78337.37,78506.54,76136.06,78079.12,2533913,BTC-USD,201137490531.5807
2024-04-15,78079.12,78986.61,76900.86,77627.28,3728465,BTC-USD,309712667339.7722
2024-04-16,77627.28,80207.65,76469.6,79893.79,7460142,BTC-USD,627801654853.2081
2024-04-17,79893.79,82018.33,78949.43,81581.15,4695946,BTC-USD,377352664732.5413
2024-04-18,81581.15,82860.33,81557.14,82138.17,1831952,BTC-USD,153846939526.88242
2024-04-19,82138.17,82986.67,79630.54,80867.4,5503667,BTC-USD,406765845492.27124
2024-04-20,80867.4,83012.3,80090.36,81803.26,4261724,BTC-USD,282278617054.25903
2024-04-21,81803.26,85594.46,81103.22,84713.88,1729133,BTC-USD,153806783610.14148
2024-04-22,84713.88,85090.9,81028.31,81131.5,3072973,BTC-USD,224639570089.56754
2024-04-23,81131.5,81160.86,76967.28,78450.89,3575901,BTC-USD,299491426509.3612
2024-04-24,78450.89,78966.28,73517.94,73833.16,1937188,BTC-USD,157160434530.18384
2024-04-25,73833.16,76880.02,72701.66,76031.48,3285644,BTC-USD,291373935484.6892
2024-04-26,76031.48,77720.95,75601.81,76829.26,2798618,BTC-USD,254417196540.69937
2024-04-27,76829.26,76899.87,75766.99,76845.07,9146282,BTC-USD,565236623106.9425
2024-04-28,76845.07,79483.74,76130.13,79014.0,1570110,BTC-USD,148395133027.37314
2024-04-29,79014.0,79950.99,78482.69,78802.47,12124483,BTC-USD,1025384358772.3345
2024-04-30,78802.47,78844.94,73011.73,73111.75,2139373,BTC-USD,165392939180.07034
2024-05-01,73111.75,75449.73,72531.53,73817.81,4012276,BTC-USD,238744252107.76508
2024-05-02,73817.81,74267.66,70764.87,71488.39,9321406,BTC-USD,762658684362.9465
2024-05-03,71488.39,73678.94,70559.97,72889.7,11980509,BTC-USD,749425060129.0769
2024-05-04,72889.7,74301.93,72687.01,73825.04,1716650,BTC-USD,143831931873.60745
2024-05-05,73825.04,75147.66,73626.73,74883.44,6921964,BTC-USD,417899059754.3631
2024-05-06,74883.44,76808.39,74621.52,76460.19,2747076,BTC-USD,222305400404.27206
2024-05-07,76460.19,76931.39,76435.9,76859.4,9055915,BTC-USD,677880100769.6769
2024-05-08,76859.4,77270.27,76136.58,76195.02,3607125,BTC-USD,241947858782.92294
2024-05-09,76195.02,76279.12,74248.16,75051.28,3553312,BTC-USD,224818306264.5901
2024-05-10,75051.28,76275.92,74313.02,76017.05,1747749,BTC-USD,129676900005.59595
2024-05-11,76017.05,81171.57,75912.0,80604.06,1862132,BTC-USD,127479373206.71725
2024-05-12,80604.06,80802.0,79820.72,80759.59,4975734,BTC-USD,399659729919.4039
2024-05-13,80759.59,81508.41,80413.04,81336.28,4867172,BTC-USD,415705919299.19696
2024-05-14,81336.28,81964.33,79825.74,79895.75,11451896,BTC-USD,1034774911055.4878
2024-05-15,79895.75,82521.86,79193.77,80455.13,2335661,BTC-USD,201344337971.0885
2024-05-16,80455.13,83431.84,80327.35,82541.53,5366377,BTC-USD,365911242263.54803
2024-05-17,82541.53,83067.14,79297.29,81009.56,3029378,BTC-USD,226505495445.32498
2024-05-18,81009.56,85953.83,80049.67,85678.79,2043451,BTC-USD,160232092279.47443
2024-05-19,85678.79,86835.3,85092.83,86738.48,5090828,BTC-USD,514877142884.9435
2024-05-20,86738.48,89469.94,86094.13,89044.75,1574907,BTC-USD,160867889747.59946
2024-05-21,89044.75,89251.26,87890.78,88377.82,3254194,BTC-USD,272660462297.58786
2024-05-22,88377.82,90402.55,87770.52,89989.8,2702678,BTC-USD,201493128331.45782
2024-05-23,89989.8,91285.95,88666.05,88709.54,4306258,BTC-USD,442226736535.6728
2024-05-24,88709.54,88912.73,85087.13,86092.36,3272136,BTC-USD,325448072136.695
2024-05-25,86092.36,86272.45,79895.47,81152.37,3698756,BTC-USD,342755454556.1
2024-05-26,81152.37,81386.02,76025.97,76283.78,2431161,BTC-USD,211057431841.8309
2024-05-27,76283.78,78965.74,76200.86,78965.15,2705674,BTC-USD,211966428969.487
2024-05-28,78965.15,79075.71,74571.24,75824.86,4463945,BTC-USD,294805088385.8498
2024-05-29,75824.86,76909.45,75753.38,76537.24,1947033,BTC-USD,147678634930.26123
2024-05-30,76537.24,77885.92,73795.74,74388.7,3336598,BTC-USD,247668843104.73047
2024-05-31,74388.7,75893.34,73690.4,75595.51,1773437,BTC-USD,133523959200.23297
2024-06-01,75595.51,77429.34,74724.16,76483.25,1778530,BTC-USD,138137413754.55872
2024-06-02,76483.25,78723.02,75975.06,77812.39,1956057,BTC-USD,137451099445.32272
2024-06-03,77812.39,78263.2,73137.67,73981.11,2151024,BTC-USD,150620851641.1339
2024-06-04,73981.11,74311.46,73032.82,73903.04,3660578,BTC-USD,263406098647.40344
2024-06-05,73903.04,75788.05,73794.15,74333.63,5293354,BTC-USD,335416500291.10785
2024-06-06,74333.63,75356.6,73117.84,75056.95,5304005,BTC-USD,390994579341.9142
2024-06-07,75056.95,75275.74,73369.92,74840.96,2437399,BTC-USD,205071290422.44736
2024-06-08,74840.96,75158.91,70529.03,70635.85,8723603,BTC-USD,697059112660.5654
2024-06-09,70635.85,71358.97,68616.22,69183.68,4919183,BTC-USD,328288281596.31714
2024-06-10,69183.68,72435.1,68938.24,71563.12,3452711,BTC-USD,248945685663.32507
2024-06-11,71563.12,75304.49,70600.58,74880.35,2125409,BTC-USD,129463294432.10472
2024-06-12,74880.35,79365.95,73993.83,78564.56,2312950,BTC-USD,194394766581.0519
2024-06-13,78564.56,81511.49,76488.88,81381.6,4408519,BTC-USD,345082421998.72974
2024-06-14,81381.6,82193.02,80642.69,81603.48,3205450,BTC-USD,255871185864.94104
2024-06-15,81603.48,84553.16,80895.83,83860.51,2549283,BTC-USD,245738298422.84958
2024-06-16,83860.51,86928.2,83160.76,85636.33,7790935,BTC-USD,657001651793.5211
2024-06-17,85636.33,86751.6,81405.93,82508.71,6377767,BTC-USD,425437787060.51886
2024-06-18,82508.71,87342.18,81438.71,87063.39,2353452,BTC-USD,182564716223.5677
2024-06-19,87063.39,87145.59,84592.93,84817.06,3203751,BTC-USD,269082869874.9226
2024-06-20,84817.06,96110.15,84184.18,96020.34,3465566,BTC-USD,322701523828.765
2024-06-21,96020.34,96620.71,94426.34,95746.12,3005928,BTC-USD,329292609874.887
2024-06-22,95746.12,96834.66,89942.77,90585.73,12972207,BTC-USD,1194903102432.1555
2024-06-23,90585.73,93967.87,89838.2,92475.7,3977228,BTC-USD,395695921850.84454
2024-06-24,92475.7,94408.04,78980.21,79811.0,1736480,BTC-USD,136889609055.97636
2024-06-25,79811.0,81942.44,78586.07,81233.28,2606212,BTC-USD,206600927580.9344
2024-06-26,81233.28,81950.76,78818.26,78908.59,3519670,BTC-USD,271765028336.9224
2024-06-27,78908.59,79074.59,76152.9,76883.49,6173410,BTC-USD,457721470053.0664
2024-06-28,76883.49,77519.09,72860.34,73081.02,2486275,BTC-USD,184503745968.34766
2024-06-29,73081.02,77960.81,72224.87,77933.68,1758027,BTC-USD,123332862387.869
2024-06-30,77933.68,78106.22,77556.28,78089.25,3194801,BTC-USD,288503733512.50946
2024-07-01,78089.25,78655.88,77052.53,78122.06,9865870,BTC-USD,719282890814.2426
2024-07-02,78122.06,79241.51,76610.66,77207.5,2115149,BTC-USD,140280866652.25845
2024-07-03,77207.5,79598.14,76062.97,79242.75,2708842,BTC-USD,180014930782.42236
2024-07-04,79242.75,79328.66,74566.67,74673.77,5054362,BTC-USD,303969087416.4075
2024-07-05,74673.77,75818.16,71218.43,71478.34,7690940,BTC-USD,532772119517.46515
2024-07-06,71478.34,74738.65,71205.65,73329.03,1689179,BTC-USD,108388124447.11739
2024-07-07,73329.03,74464.07,71687.67,74268.52,2044211,BTC-USD,122771058809.21014
2024-07-08,74268.52,75402.92,70679.36,71923.04,8679362,BTC-USD,629244949780.8881
2024-07-09,71923.04,72461.6,71034.35,71841.17,3967448,BTC-USD,305545540205.20074
2024-07-10,71841.17,76854.78,70923.14,76842.24,4745176,BTC-USD,304210923093.9331
2024-07-11,76842.24,78010.58,75372.16,77042.59,6832389,BTC-USD,518156657737.21533
2024-07-12,77042.59,79536.11,75594.24,79269.0,6714866,BTC-USD,584152251650.6586
2024-07-13,79269.0,79629.67,75110.85,76155.24,4186054,BTC-USD,380738079316.0274
2024-07-14,76155.24,77045.61,73001.48,74089.81,2754680,BTC-USD,217742717418.86768
2024-07-15,74089.81,75426.37,70615.17,70635.09,2073764,BTC-USD,131530094015.833
2024-07-16,70635.09,72648.74,69672.24,70064.3,3038672,BTC-USD,231344344769.6361
2024-07-17,70064.3,77240.0,69817.88,76714.06,2978571,BTC-USD,237448956425.10843
2024-07-18,76714.06,78144.29,76344.69,76381.5,3668491,BTC-USD,247902751011.2549
2024-07-19,76381.5,77598.45,71319.15,71821.97,4783627,BTC-USD,391821905328.1431
2024-07-20,71821.97,71842.43,69736.13,70366.67,2423849,BTC-USD,165605475126.807
2024-07-21,70366.67,74042.3,69687.2,73399.65,7245295,BTC-USD,630074395091.5894
2024-07-22,73399.65,74515.83,72119.78,72699.94,3783552,BTC-USD,299588820773.9018
2024-07-23,72699.94,72742.89,65851.22,66251.98,4192862,BTC-USD,293848423402.2604
2024-07-24,66251.98,67998.36,65440.07,67564.39,2147832,BTC-USD,158372106635.0204
2024-07-25,67564.39,68411.43,67303.37,67696.41,1085284,BTC-USD,72826147303.34921
2024-07-26,67696.41,72012.84,67434.25,71056.98,1888475,BTC-USD,134469865327.92528
2024-07-27,71056.98,72694.71,70944.82,71983.23,3813835,BTC-USD,313099251119.8359
2024-07-28,71983.23,72083.76,69107.05,70542.59,3910216,BTC-USD,295799460931.8363
2024-07-29,70542.59,70729.02,61550.31,62518.03,4326503,BTC-USD,313463700383.42847
2024-07-30,62518.03,65561.78,62397.04,64524.83,3072702,BTC-USD,229260570473.24954
2024-07-31,64524.83,65664.16,54902.09,55410.87,4504017,BTC-USD,297138833565.96686
2024-08-01,55410.87,57336.02,54608.07,56756.5,2792531,BTC-USD,171187437437.76428
2024-08-02,56756.5,57588.99,56079.33,56333.66,5356747,BTC-USD,302042995487.27875
2024-08-03,56333.66,56844.02,54713.17,54903.56,2439012,BTC-USD,116036702638.97694
2024-08-04,54903.56,55694.71,54365.38,54532.63,2482164,BTC-USD,146478968213.07242
2024-08-05,54532.63,54688.35,52370.65,53410.74,5331957,BTC-USD,261041655670.78735
2024-08-06,53410.74,53868.46,50871.66,51948.97,2206345,BTC-USD,104666160370.96733
2024-08-07,51948.97,53835.66,50741.31,53256.63,2509330,BTC-USD,119648532017.6558
2024-08-08,53256.63,55152.74,53042.04,55094.29,4108300,BTC-USD,260306503121.44412
2024-08-09,55094.29,55354.81,52128.58,52399.41,4454905,BTC-USD,267792616597.98413
2024-08-10,52399.41,55065.91,51727.32,55004.78,4678740,BTC-USD,270835322509.26184
2024-08-11,55004.78,55532.76,54624.74,55402.04,2617150,BTC-USD,143428395091.0755
2024-08-12,55402.04,55752.17,55162.68,55727.03,8071058,BTC-USD,480741278945.36346
2024-08-13,55727.03,62576.85,55446.42,62218.31,7813773,BTC-USD,507012007917.1225
2024-08-14,62218.31,63424.11,61475.28,63021.06,4558685,BTC-USD,277609571243.97894
2024-08-15,63021.06,63331.95,60130.86,60650.25,2663611,BTC-USD,153770483599.06744
2024-08-16,60650.25,61266.44,60021.87,60330.65,4333814,BTC-USD,249203890402.75385
2024-08-17,60330.65,60550.99,59169.04,59289.47,2522564,BTC-USD,154893852171.19876
2024-08-18,59289.47,61307.72,58838.41,60261.99,3365254,BTC-USD,214775658125.0081
2024-08-19,60261.99,60537.47,59729.49,60026.38,3799130,BTC-USD,223645942005.35297
2024-08-20,60026.38,64759.21,59770.12,63173.48,4311046,BTC-USD,323401858415.76654
2024-08-21,63173.48,64011.6,61133.66,61800.95,3577263,BTC-USD,184277187342.81354
2024-08-22,61800.95,63300.8,61498.22,63138.8,3825840,BTC-USD,226780082876.51236
2024-08-23,63138.8,65229.51,62826.03,64835.79,3072326,BTC-USD,192748661459.43564
2024-08-24,64835.79,65042.9,61387.75,61858.41,3943872,BTC-USD,196820584487.46106
2024-08-25,61858.41,61989.12,56913.85,57444.44,2509009,BTC-USD,136343203451.25514
2024-08-26,57444.44,60414.42,57421.97,60157.69,3088065,BTC-USD,168955615925.61826
2024-08-27,60157.69,60460.32,59562.62,59575.81,2529489,BTC-USD,151060213632.08255
2024-08-28,59575.81,64525.85,59334.54,63303.41,3838437,BTC-USD,227086162565.38138
2024-08-29,63303.41,66455.07,62683.82,65448.51,2885001,BTC-USD,205902012133.70148
2024-08-30,65448.51,69403.74,65126.86,68359.24,2915230,BTC-USD,200074657849.53488
2024-08-31,68359.24,68921.02,65331.06,65707.16,2125919,BTC-USD,119000975837.34532
2024-09-01,65707.16,66803.38,62121.26,62514.27,882870,BTC-USD,60712524750.61123
2024-09-02,62514.27,63351.63,58961.93,59335.08,8159266,BTC-USD,406520462683.106
2024-09-03,59335.08,60770.9,58207.91,60468.79,3065950,BTC-USD,210537398169.48816
2024-09-04,60468.79,61014.05,57348.27,57601.54,2427295,BTC-USD,163943808155.7412
2024-09-05,57601.54,58152.43,57444.38,57727.71,5309921,BTC-USD,284759271387.88043
2024-09-06,57727.71,58085.12,54932.2,55566.14,1812521,BTC-USD,117882342927.78635
2024-09-07,55566.14,57777.45,55354.56,56821.77,1732831,BTC-USD,110002653753.00919
2024-09-08,56821.77,57162.2,56224.91,56543.89,2716306,BTC-USD,179543347651.1797
2024-09-09,56543.89,56739.52,55999.86,56298.63,2346139,BTC-USD,140869088762.96213
2024-09-10,56298.63,56606.54,54687.85,56428.97,3794774,BTC-USD,191492022854.3718
2024-09-11,56428.97,57012.75,54109.9,54242.27,3788041,BTC-USD,237897325063.3323
2024-09-12,54242.27,56740.22,54113.3,55612.57,1986780,BTC-USD,96535728478.2444
2024-09-13,55612.57,55680.05,52665.59,52878.31,6328019,BTC-USD,296209258575.9472
2024-09-14,52878.31,53612.8,52593.08,53131.09,6024826,BTC-USD,290791967402.7805
2024-09-15,53131.09,54485.2,53095.79,54062.98,2733136,BTC-USD,136191535255.52065
2024-09-16,54062.98,57122.31,53631.37,56439.3,3568964,BTC-USD,202596482625.70084
2024-09-17,56439.3,57447.64,53304.69,53989.6,4179517,BTC-USD,244917150885.6655
2024-09-18,53989.6,54758.75,51194.88,51732.15,6238277,BTC-USD,377737753927.95624
2024-09-19,51732.15,54194.81,50333.65,52852.15,3873534,BTC-USD,171021819875.30313
2024-09-20,52852.15,52891.76,51792.97,52260.98,1369308,BTC-USD,84567497074.98792
2024-09-21,52260.98,52870.97,46407.32,46464.82,5207286,BTC-USD,282732188323.1214
2024-09-22,46464.82,48999.6,45882.31,48844.34,3398679,BTC-USD,136390673725.28453
2024-09-23,48844.34,52700.07,48415.27,52353.41,1968559,BTC-USD,97302611635.69753
2024-09-24,52353.41,52610.92,51292.53,51436.58,858306,BTC-USD,49678227729.339874
2024-09-25,51436.58,53831.99,51075.36,53736.61,2961409,BTC-USD,166238422132.08188
2024-09-26,53736.61,55952.13,53390.19,54837.66,1904847,BTC-USD,116118717867.38728
2024-09-27,54837.66,56865.56,54273.43,55872.02,2962927,BTC-USD,180048641401.132
2024-09-28,55872.02,56598.73,51773.72,52030.02,1995439,BTC-USD,103688596808.29465
2024-09-29,52030.02,55527.4,51759.26,54497.61,3153897,BTC-USD,140337699549.4631
2024-09-30,54497.61,55188.85,54225.55,54477.56,5429612,BTC-USD,305762357972.0199
2024-10-01,54477.56,55009.97,53598.74,54391.73,5132245,BTC-USD,228744332668.66412
2024-10-02,54391.73,54962.75,54005.86,54918.79,3136067,BTC-USD,179374904740.08224
2024-10-03,54918.79,58862.32,53860.42,58717.63,10623147,BTC-USD,698720449603.558
2024-10-04,58717.63,59281.5,56387.46,56645.75,2011335,BTC-USD,117806945241.87187
2024-10-05,56645.75,59414.76,56512.71,58402.84,6080507,BTC-USD,425719607559.51733
2024-10-06,58402.84,61575.78,58054.19,60951.26,3206261,BTC-USD,191975720721.40598
2024-10-07,60951.26,61285.07,58364.96,59473.13,5437690,BTC-USD,355584411056.1711
2024-10-08,59473.13,61666.9,58961.21,61288.93,2610275,BTC-USD,170681339048.23605
2024-10-09,61288.93,61896.52,60320.6,60468.16,5738225,BTC-USD,415186676551.2454
2024-10-10,60468.16,60660.12,55619.8,56031.11,4793047,BTC-USD,291464560233.69275
2024-10-11,56031.11,56311.39,54009.58,54284.98,1034069,BTC-USD,48590639646.819244
2024-10-12,54284.98,55897.94,53901.07,55764.23,5037669,BTC-USD,332107662139.3274
2024-10-13,55764.23,56751.91,55448.23,55779.27,1933010,BTC-USD,115057909543.15123
2024-10-14,55779.27,58284.2,54848.44,57588.39,3795309,BTC-USD,180040309498.66397
2024-10-15,57588.39,57915.03,53949.23,54534.43,2200883,BTC-USD,127588684926.15848
2024-10-16,54534.43,55790.5,54329.24,55622.25,3626656,BTC-USD,232636329371.74625
2024-10-17,55622.25,56324.19,55395.2,56109.67,4141589,BTC-USD,239544485590.39868
2024-10-18,56109.67,58483.26,54885.98,57838.53,4226666,BTC-USD,230189362301.61423
2024-10-19,57838.53,60668.91,57687.67,59736.7,4157285,BTC-USD,280220685492.40753
2024-10-20,59736.7,61547.61,59532.46,60332.93,1895972,BTC-USD,127316114096.49454
2024-10-21,60332.93,60348.38,58246.81,58285.76,3226145,BTC-USD,191361488297.1936
2024-10-22,58285.76,65596.13,58007.85,65250.18,2558876,BTC-USD,143883031716.35135
2024-10-23,65250.18,65975.44,65086.9,65097.4,3511848,BTC-USD,205841165635.70773
2024-10-24,65097.4,65699.8,63275.66,63987.05,2016372,BTC-USD,141329538605.04742
2024-10-25,63987.05,65903.58,63653.88,65785.75,1905459,BTC-USD,140699260097.20007
2024-10-26,65785.75,68915.52,65732.71,68147.26,4875853,BTC-USD,302938079970.8958
2024-10-27,68147.26,68955.37,67656.76,67825.9,1827535,BTC-USD,117408684173.2506
2024-10-28,67825.9,67847.87,66454.17,66912.29,5581436,BTC-USD,310370499888.1754
2024-10-29,66912.29,67073.55,60729.5,61663.69,1303867,BTC-USD,87266293521.4436
2024-10-30,61663.69,61868.62,60424.08,61058.54,4261136,BTC-USD,208515314743.836
2024-10-31,61058.54,61657.97,57224.88,57476.57,3959490,BTC-USD,186299052061.42227
2024-11-01,57476.57,57691.41,56170.48,57300.87,5042907,BTC-USD,231672476614.6749
2024-11-02,57300.87,57799.75,55094.57,55354.79,3138598,BTC-USD,183835355616.78943
2024-11-03,55354.79,57779.41,55341.51,57406.96,2159624,BTC-USD,119880595331.9189
2024-11-04,57406.96,57767.96,54730.13,55434.22,2930392,BTC-USD,149289069674.05194
2024-11-05,55434.22,55920.18,53773.93,54251.97,1799427,BTC-USD,113738014708.87454
2024-11-06,54251.97,54788.0,51630.51,51880.12,2108760,BTC-USD,95959437688.21555
2024-11-07,51880.12,52036.88,51187.17,51279.86,6643199,BTC-USD,325587054808.03754
2024-11-08,51279.86,51505.21,49028.5,49860.01,5631199,BTC-USD,330222464762.48254
2024-11-09,49860.01,50157.16,49590.17,49590.47,3103563,BTC-USD,149419619440.47357
2024-11-10,49590.47,51133.79,48448.35,50855.32,2933604,BTC-USD,152453256778.93594
2024-11-11,50855.32,51286.81,50112.26,50864.1,1871177,BTC-USD,79199035335.23297
2024-11-12,50864.1,54942.69,50742.48,53958.2,3184420,BTC-USD,191768773317.51068
2024-11-13,53958.2,55024.42,53831.82,54147.69,3334531,BTC-USD,174978568827.51138
2024-11-14,54147.69,56448.12,53466.37,56205.48,2181555,BTC-USD,137354452304.30228
2024-11-15,56205.48,57597.05,53910.58,53966.19,5271442,BTC-USD,256463817287.08234
2024-11-16,53966.19,55274.64,53803.08,55230.54,4937620,BTC-USD,264251170976.62073
2024-11-17,55230.54,56245.43,52783.3,52889.47,14517955,BTC-USD,855857235635.9268
2024-11-18,52889.47,53904.64,51969.61,53792.46,1922803,BTC-USD,123038011067.92175
2024-11-19,53792.46,53793.09,51452.24,51949.05,3187255,BTC-USD,136408890850.52377
2024-11-20,51949.05,53014.14,51699.17,52950.01,1956185,BTC-USD,116525701568.3829
2024-11-21,52950.01,53939.32,51580.69,53129.02,3255800,BTC-USD,159186943518.7963
2024-11-22,53129.02,53699.73,52472.23,52607.45,5207643,BTC-USD,279521487051.74585
2024-11-23,52607.45,53515.99,50784.17,51238.48,1475483,BTC-USD,69253769813.92734
2024-11-24,51238.48,51249.8,49930.98,50497.14,1017631,BTC-USD,53719324725.37532
2024-11-25,50497.14,53532.12,49855.18,52755.91,4777341,BTC-USD,237294369008.62646
2024-11-26,52755.91,53104.57,49880.75,50808.0,3353630,BTC-USD,159051007485.67694
2024-11-27,50808.0,52148.72,50583.53,51780.56,2861490,BTC-USD,120784164880.03923
2024-11-28,51780.56,53303.61,51712.35,52802.79,3381172,BTC-USD,153323301004.2378
2024-11-29,52802.79,54200.5,52470.92,53610.75,1845331,BTC-USD,115434127142.47926
2024-11-30,53610.75,53743.78,51298.29,51519.16,3284092,BTC-USD,202915814197.01697
2024-12-01,51519.16,52451.26,51182.23,51281.83,1985876,BTC-USD,113266569285.99084
2024-12-02,51281.83,51537.81,49515.21,49900.62,2105188,BTC-USD,96092037012.87907
2024-12-03,49900.62,50281.88,49519.41,50104.93,3213716,BTC-USD,154739584037.01172
2024-12-04,50104.93,52368.43,49812.33,51928.18,4171575,BTC-USD,237375012946.29657
2024-12-05,51928.18,52232.09,49515.6,49782.45,7129151,BTC-USD,421418025210.56683
2024-12-06,49782.45,49945.56,48486.88,48899.99,2158222,BTC-USD,103657257986.41502
2024-12-07,48899.99,48972.39,42113.09,42609.08,2733257,BTC-USD,131812244803.07135
2024-12-08,42609.08,42988.54,41124.6,41369.73,3082896,BTC-USD,151774420530.32928
2024-12-09,41369.73,42780.41,40927.57,42472.95,1718564,BTC-USD,83896776456.16997
2024-12-10,42472.95,43560.47,40729.99,40897.44,3668630,BTC-USD,133662459140.64577
2024-12-11,40897.44,42088.52,40720.62,41961.12,2283931,BTC-USD,76976939865.42928
2024-12-12,41961.12,42515.66,38596.93,39018.29,3301172,BTC-USD,128398116619.81418
2024-12-13,39018.29,41285.42,38921.73,41227.32,3253258,BTC-USD,135805593502.76761
2024-12-14,41227.32,42741.29,41124.15,42536.85,2788752,BTC-USD,104449088110.52457
2024-12-15,42536.85,44364.24,41983.88,44225.56,5283781,BTC-USD,213551415711.04068
2024-12-16,44225.56,44704.59,41227.72,41492.57,2896530,BTC-USD,132931391025.39726
2024-12-17,41492.57,43573.37,40884.71,43000.76,2340259,BTC-USD,99439298872.38554
2024-12-18,43000.76,43755.12,41254.58,41541.6,3298521,BTC-USD,127014955928.63087
2024-12-19,41541.6,41834.88,41077.71,41588.9,3671266,BTC-USD,160173123300.60577
2024-12-20,41588.9,46883.37,41567.31,46723.51,1656699,BTC-USD,82136649374.14926
2024-12-21,46723.51,47174.64,46666.16,46838.63,3245079,BTC-USD,168373784925.93158
2024-12-22,46838.63,50587.38,46103.89,49906.48,2849266,BTC-USD,122670895767.0024
2024-12-23,49906.48,51044.52,49517.02,50766.31,4249276,BTC-USD,236560109416.78867
2024-12-24,50766.31,51475.84,49723.11,50418.99,5066883,BTC-USD,265627397431.2121
2024-12-25,50418.99,50511.2,49414.27,49999.44,3619028,BTC-USD,148926535854.9779
2024-12-26,49999.44,50982.29,48958.43,50765.92,4574861,BTC-USD,258021396523.1294
2024-12-27,50765.92,51459.37,46826.39,47383.01,2706882,BTC-USD,122261757485.56055
2024-12-28,47383.01,47764.02,46350.0,46658.83,3275888,BTC-USD,142478652591.2237
2024-12-29,46658.83,47099.91,46448.14,46775.27,2026822,BTC-USD,92836049151.744
2024-12-30,46775.27,46824.2,46593.26,46773.31,4789680,BTC-USD,210244678465.09927
2021-01-01,730.0,767.84,729.61,763.57,4116255,ETH-USD,2963349588.186468
2021-01-02,763.57,765.23,752.57,756.39,3524637,ETH-USD,3047363507.992862
2021-01-03,756.39,761.3,678.75,685.7,5018116,ETH-USD,2804971580.33775
2021-01-04,685.7,687.48,676.75,677.48,5384897,ETH-USD,3138698918.9499297
2021-01-05,677.48,711.08,677.24,696.61,7595348,ETH-USD,4497591904.805057
2021-01-06,696.61,714.03,692.85,698.6,2189662,ETH-USD,1470391818.72299
2021-01-07,698.6,701.72,684.5,687.75,2290651,ETH-USD,1888575541.5201035
2021-01-08,687.75,749.06,683.46,738.55,4505326,ETH-USD,2892659875.2507415
2021-01-09,738.55,745.78,711.15,715.02,5104000,ETH-USD,3131943029.2041707
2021-01-10,715.02,720.65,709.69,711.26,1678919,ETH-USD,1392403103.8167276
2021-01-11,711.26,718.13,659.61,662.75,5165238,ETH-USD,3946405012.4451613
2021-01-12,662.75,664.4,653.6,656.44,9750852,ETH-USD,5203225729.224478
2021-01-13,656.44,661.27,630.16,650.43,3355113,ETH-USD,2401981907.109064
2021-01-14,650.43,694.03,644.49,686.84,1995643,ETH-USD,1455925391.7489023
2021-01-15,686.84,741.36,675.6,734.28,2857427,ETH-USD,2322855810.0201554
2021-01-16,734.28,734.57,705.85,730.52,4584784,ETH-USD,3341911288.299131
2021-01-17,730.52,738.24,710.43,718.84,2487050,ETH-USD,2139184364.055696
2021-01-18,718.84,805.26,716.52,798.33,3739289,ETH-USD,2440505882.756852
2021-01-19,798.33,812.04,781.75,781.89,2364533,ETH-USD,1652366682.7828522
2021-01-20,781.89,787.74,735.04,740.6,4859059,ETH-USD,3449702460.690996
2021-01-21,740.6,748.43,693.39,695.55,1978294,ETH-USD,1348360122.691324
2021-01-22,695.55,708.39,689.54,699.56,5767851,ETH-USD,4715037728.514264
2021-01-23,699.56,709.17,678.36,691.09,3456252,ETH-USD,2445911312.93347
2021-01-24,691.09,693.61,670.0,674.27,1260326,ETH-USD,695174139.4301859
2021-01-25,674.27,689.18,661.37,672.58,3811794,ETH-USD,2469250378.424492
2021-01-26,672.58,694.61,671.32,682.03,5478428,ETH-USD,3611640414.238684
2021-01-27,682.03,727.98,681.16,724.5,2432299,ETH-USD,2090315994.6518586
2021-01-28,724.5,730.18,663.36,669.4,12599458,ETH-USD,8768731554.087734
2021-01-29,669.4,682.77,667.49,677.01,3592084,ETH-USD,2563831465.3730826
2021-01-30,677.01,694.26,671.43,693.5,2554943,ETH-USD,1922994177.2562776
2021-01-31,693.5,702.68,626.13,635.78,4211071,ETH-USD,2966506814.3628364
2021-02-01,635.78,635.93,609.69,610.66,2894418,ETH-USD,1862986688.5988646
2021-02-02,610.66,613.61,606.1,612.84,3086609,ETH-USD,1692748460.4587743
2021-02-03,612.84,666.99,606.9,658.92,1662057,ETH-USD,1259019036.6342938
2021-02-04,658.92,664.97,658.83,663.83,3723169,ETH-USD,2701029672.94382
2021-02-05,663.83,721.52,661.33,703.69,3828692,ETH-USD,2954872445.296312
2021-02-06,703.69,731.06,699.39,721.79,2651754,ETH-USD,2294175250.0386553
2021-02-07,721.79,749.4,721.39,735.91,2094409,ETH-USD,1727809766.2170613
2021-02-08,735.91,740.27,718.01,719.35,4876623,ETH-USD,3969863840.046496
2021-02-09,719.35,746.56,715.26,738.02,3958837,ETH-USD,3449249640.2296295
2021-02-10,738.02,791.18,729.42,789.32,1468404,ETH-USD,997300695.7074438
2021-02-11,789.32,816.33,787.86,816.16,2949304,ETH-USD,2404915776.214998
2021-02-12,816.16,823.74,762.72,770.37,4095906,ETH-USD,3257050390.7143035
2021-02-13,770.37,771.34,712.32,724.12,3934011,ETH-USD,2654159423.31835
2021-02-14,724.12,733.2,706.6,707.07,4307318,ETH-USD,3459046719.8152337
2021-02-15,707.07,738.05,700.53,732.01,3556635,ETH-USD,2876775381.143395
2021-02-16,732.01,753.97,728.77,753.69,3580643,ETH-USD,2937133226.5062027
2021-02-17,753.69,767.4,748.97,765.01,3003722,ETH-USD,2754832745.518557
2021-02-18,765.01,828.52,756.17,809.38,11648296,ETH-USD,8520486686.781019
2021-02-19,809.38,894.09,804.7,882.4,3788840,ETH-USD,3658151509.869442
2021-02-20,882.4,883.22,877.11,881.05,3845131,ETH-USD,3457410926.3445883
2021-02-21,881.05,884.93,832.51,837.65,3216318,ETH-USD,2492614786.913701
2021-02-22,837.65,875.73,834.29,867.87,1305676,ETH-USD,979313680.6979529
2021-02-23,867.87,906.93,866.5,898.6,3603721,ETH-USD,3751100526.8498907
2021-02-24,898.6,903.36,888.31,898.77,2585879,ETH-USD,2412850103.4974093
2021-02-25,898.77,900.65,851.86,853.46,2135923,ETH-USD,2059856829.642078
2021-02-26,853.46,897.74,852.24,878.34,1984452,ETH-USD,1774638520.032582
2021-02-27,878.34,890.5,870.56,889.34,2391861,ETH-USD,1888914262.2168036
2021-02-28,889.34,895.85,846.4,849.27,4583053,ETH-USD,3639329206.029447
2021-03-01,849.27,860.65,788.82,792.45,1881561,ETH-USD,1420390741.8846083
2021-03-02,792.45,829.45,779.86,826.3,6240613,ETH-USD,6132116287.423158
2021-03-03,826.3,855.64,820.86,849.84,2428412,ETH-USD,1655659620.8281024
2021-03-04,849.84,872.94,827.74,867.93,6682240,ETH-USD,6926406674.367482
2021-03-05,867.93,907.26,865.13,905.35,3216355,ETH-USD,3471554682.202047
2021-03-06,905.35,992.14,896.56,979.17,4042604,ETH-USD,4743981191.408341
2021-03-07,979.17,984.08,923.81,935.67,2011656,ETH-USD,1864619445.299998
2021-03-08,935.67,940.86,925.96,932.34,2381576,ETH-USD,2632382297.5426397
2021-03-09,932.34,997.82,908.98,980.31,2608222,ETH-USD,2450090543.3554974
2021-03-10,980.31,1062.3,974.36,1059.51,2384500,ETH-USD,2047693402.7376983
2021-03-11,1059.51,1102.68,1059.48,1095.46,4378914,ETH-USD,4268010766.85209
2021-03-12,1095.46,1113.03,1082.87,1107.71,2393387,ETH-USD,3123402684.1298823
2021-03-13,1107.71,1163.16,1102.23,1157.13,1966964,ETH-USD,1833358001.4560738
2021-03-14,1157.13,1169.34,1070.83,1073.72,2268527,ETH-USD,2480575132.2646494
2021-03-15,1073.72,1079.16,1058.33,1063.44,6527909,ETH-USD,5763563325.53595
2021-03-16,1063.44,1129.24,1057.92,1121.27,4979318,ETH-USD,5106127071.254234
2021-03-17,1121.27,1169.09,1117.68,1166.91,1654448,ETH-USD,1612502070.7094295
2021-03-18,1166.91,1167.02,1130.37,1134.79,2264682,ETH-USD,2939525062.9789553
2021-03-19,1134.79,1134.86,1113.4,1114.31,5893860,ETH-USD,6806833065.081322
2021-03-20,1114.31,1117.78,1094.78,1095.28,1404092,ETH-USD,1785229498.9293766
2021-03-21,1095.28,1105.25,1091.42,1100.08,9570044,ETH-USD,11320992984.210962
2021-03-22,1100.08,1112.87,1089.39,1097.06,2686163,ETH-USD,3502108884.4954567
2021-03-23,1097.06,1122.73,1071.23,1110.68,3298987,ETH-USD,3678596041.683675
2021-03-24,1110.68,1175.58,1091.06,1169.41,4157151,ETH-USD,5131145773.838352
2021-03-25,1169.41,1186.53,1167.71,1183.09,4004430,ETH-USD,4882209387.973522
2021-03-26,1183.09,1197.02,1181.17,1185.32,7401487,ETH-USD,8717896447.802475
2021-03-27,1185.32,1187.46,1138.27,1157.0,4478818,ETH-USD,5899095950.530327
2021-03-28,1157.0,1163.44,1134.84,1145.47,3439309,ETH-USD,4167375231.4762487
2021-03-29,1145.47,1152.61,1121.58,1138.13,1442370,ETH-USD,1839458804.2645206
2021-03-30,1138.13,1233.71,1128.5,1232.04,2456359,ETH-USD,3372985542.4792795
2021-03-31,1232.04,1319.89,1227.3,1299.38,2233171,ETH-USD,2543135367.811097
2021-04-01,1299.38,1448.1,1284.79,1442.06,7322906,ETH-USD,11194364781.863678
2021-04-02,1442.06,1478.03,1392.52,1398.94,4372570,ETH-USD,5382066285.235533
2021-04-03,1398.94,1415.83,1364.47,1413.47,3095768,ETH-USD,4521611867.732518
2021-04-04,1413.47,1486.16,1402.3,1471.63,4622321,ETH-USD,7285135117.604536
2021-04-05,1471.63,1489.15,1437.95,1455.86,2491925,ETH-USD,4349460369.797735
2021-04-06,1455.86,1477.19,1414.05,1435.81,5799275,ETH-USD,6763050661.122931
2021-04-07,1435.81,1452.58,1364.97,1370.46,3546944,ETH-USD,4066165598.584191
2021-04-08,1370.46,1380.15,1309.13,1330.65,2223932,ETH-USD,2458597366.969467
2021-04-09,1330.65,1398.73,1306.88,1396.15,13878193,ETH-USD,18588296878.08693
2021-04-10,1396.15,1448.66,1392.7,1444.38,1862445,ETH-USD,3036117459.3767996
2021-04-11,1444.38,1452.49,1363.56,1380.07,4971710,ETH-USD,7805578382.327871
2021-04-12,1380.07,1423.86,1348.24,1422.67,1623880,ETH-USD,2529237764.1338696
2021-04-13,1422.67,1496.46,1403.18,1471.96,2002943,ETH-USD,3416290802.924573
2021-04-14,1471.96,1564.26,1470.97,1544.59,5937542,ETH-USD,8521242598.919001
2021-04-15,1544.59,1558.52,1508.13,1524.24,5036822,ETH-USD,6412577213.830536
2021-04-16,1524.24,1647.47,1498.52,1607.7,4953502,ETH-USD,6556242490.523017
2021-04-17,1607.7,1673.93,1604.52,1668.48,1074485,ETH-USD,2045272054.3747318
2021-04-18,1668.48,1687.86,1659.96,1686.39,3615965,ETH-USD,6660000716.739686
2021-04-19,1686.39,1728.05,1637.11,1725.98,1845122,ETH-USD,3437651260.346415
2021-04-20,1725.98,1729.72,1619.14,1645.33,2436641,ETH-USD,3751978476.516215
2021-04-21,1645.33,1655.83,1541.52,1547.57,6738283,ETH-USD,9927026844.545149
2021-04-22,1547.57,1583.6,1525.68,1580.16,2111481,ETH-USD,3947872067.6887364
2021-04-23,1580.16,1587.31,1568.78,1574.63,2104566,ETH-USD,2735707550.7246757
2021-04-24,1574.63,1676.3,1566.39,1648.55,2190641,ETH-USD,4006801082.24827
2021-04-25,1648.55,1651.71,1627.17,1629.1,1144197,ETH-USD,1722073075.9096048
2021-04-26,1629.1,1633.0,1506.31,1513.14,3062063,ETH-USD,3779045180.429943
2021-04-27,1513.14,1562.4,1503.32,1533.56,2678847,ETH-USD,4506780558.848639
2021-04-28,1533.56,1557.19,1455.48,1466.5,6990382,ETH-USD,9558039569.383589
2021-04-29,1466.5,1489.4,1460.31,1476.34,3500423,ETH-USD,5627021358.492352
2021-04-30,1476.34,1506.52,1443.01,1455.84,4283559,ETH-USD,6754164291.0799
2021-05-01,1455.84,1501.06,1436.24,1495.44,2199613,ETH-USD,3335160294.5611362
2021-05-02,1495.44,1510.96,1480.91,1507.57,1710627,ETH-USD,2865015856.117927
2021-05-03,1507.57,1516.29,1228.97,1244.23,2832558,ETH-USD,3638596725.4599905
2021-05-04,1244.23,1259.56,1224.47,1226.0,4060460,ETH-USD,4553264681.993169
2021-05-05,1226.0,1227.16,1195.52,1211.96,6383359,ETH-USD,8460857350.997284
2021-05-06,1211.96,1225.73,1207.14,1214.4,4414761,ETH-USD,5552447368.5486555
2021-05-07,1214.4,1240.17,1153.09,1167.1,6661059,ETH-USD,6258874943.145086
2021-05-08,1167.1,1170.32,1138.76,1150.58,3893468,ETH-USD,5199452037.056925
2021-05-09,1150.58,1188.31,1145.43,1181.73,7315877,ETH-USD,8803234104.011402
2021-05-10,1181.73,1230.76,1171.4,1214.37,3563836,ETH-USD,4965955844.064528
2021-05-11,1214.37,1219.55,1196.95,1215.78,4032341,ETH-USD,5652977226.2664995
2021-05-12,1215.78,1233.57,1200.52,1226.16,4263148,ETH-USD,5112231199.422876
2021-05-13,1226.16,1289.96,1208.73,1265.58,2163438,ETH-USD,2746393103.992801
2021-05-14,1265.58,1272.55,1218.57,1225.02,1810260,ETH-USD,2142875318.6867836
2021-05-15,1225.02,1239.18,1122.94,1125.35,1483399,ETH-USD,1635580117.2636583
2021-05-16,1125.35,1144.16,1120.24,1138.01,5449094,ETH-USD,7181265990.465465
2021-05-17,1138.01,1154.26,1119.77,1147.4,4118915,ETH-USD,5270755479.265269
2021-05-18,1147.4,1158.81,1102.41,1115.28,4067529,ETH-USD,3858737133.459627
2021-05-19,1115.28,1117.56,1109.55,1115.55,4962565,ETH-USD,5780254468.858641
2021-05-20,1115.55,1151.93,1105.45,1150.54,3009289,ETH-USD,4149099851.61508
2021-05-21,1150.54,1246.02,1141.09,1245.23,2560473,ETH-USD,3310238487.386288
2021-05-22,1245.23,1255.52,1162.18,1164.67,6030967,ETH-USD,7827281127.548878
2021-05-23,1164.67,1170.39,1141.07,1164.09,4211220,ETH-USD,5429840558.747342
2021-05-24,1164.09,1170.19,1149.06,1165.56,1793524,ETH-USD,1965297753.4664721
2021-05-25,1165.56,1178.15,1116.71,1131.44,1715945,ETH-USD,1841967552.8414075
2021-05-26,1131.44,1152.24,1129.67,1151.33,5113805,ETH-USD,6415392958.494685
2021-05-27,1151.33,1210.35,1128.21,1205.04,4344898,ETH-USD,5235741395.989487
2021-05-28,1205.04,1253.16,1191.77,1234.81,1606416,ETH-USD,2039612687.791893
2021-05-29,1234.81,1253.66,1225.77,1240.89,5873759,ETH-USD,7909410425.854179
2021-05-30,1240.89,1276.16,1235.32,1271.28,2174370,ETH-USD,3071145923.879303
2021-05-31,1271.28,1298.23,1269.47,1287.69,2482403,ETH-USD,2904420627.3509703
2021-06-01,1287.69,1302.76,1286.96,1296.12,5163076,ETH-USD,5746508394.785418
2021-06-02,1296.12,1331.43,1284.72,1326.03,2534480,ETH-USD,3080902184.17187
2021-06-03,1326.03,1348.31,1272.63,1283.66,6353244,ETH-USD,8179996431.281096
2021-06-04,1283.66,1297.1,1231.99,1232.2,3809553,ETH-USD,4397727459.116506
2021-06-05,1232.2,1276.68,1225.99,1266.44,4724758,ETH-USD,6147245298.909482
2021-06-06,1266.44,1271.19,1216.93,1223.15,3960375,ETH-USD,3978904169.6254616
2021-06-07,1223.15,1227.83,1163.36,1173.65,1880686,ETH-USD,2215875829.0998244
2021-06-08,1173.65,1180.56,1149.97,1164.1,3062062,ETH-USD,3376316805.6740522
2021-06-09,1164.1,1246.79,1163.71,1239.79,5925152,ETH-USD,7447808216.868652
2021-06-10,1239.79,1295.28,1237.81,1287.04,1996218,ETH-USD,2489601108.1775093
2021-06-11,1287.04,1320.36,1265.04,1305.71,1917118,ETH-USD,2287149791.096756
2021-06-12,1305.71,1306.49,1297.25,1298.79,2141359,ETH-USD,3230733683.1693296
2021-06-13,1298.79,1304.17,1258.45,1267.23,3477917,ETH-USD,3851584035.597591
2021-06-14,1267.23,1269.69,1209.08,1211.44,3022042,ETH-USD,3926615946.037948
2021-06-15,1211.44,1254.12,1199.66,1249.1,1528887,ETH-USD,2234115917.881947
2021-06-16,1249.1,1262.53,1176.42,1180.49,3195013,ETH-USD,3830021195.653578
2021-06-17,1180.49,1263.1,1180.2,1243.58,3657535,ETH-USD,5233265550.43404
2021-06-18,1243.58,1247.63,1193.26,1197.77,1404639,ETH-USD,1429969335.6550372
2021-06-19,1197.77,1262.81,1193.2,1259.42,5455163,ETH-USD,6853272077.9552
2021-06-20,1259.42,1313.98,1247.33,1313.6,2340369,ETH-USD,3021461696.4447026
2021-06-21,1313.6,1317.02,1258.48,1281.51,7026300,ETH-USD,7232660554.713653
2021-06-22,1281.51,1293.2,1223.83,1228.26,1446755,ETH-USD,1736658812.086646
2021-06-23,1228.26,1231.11,1183.42,1203.89,4937719,ETH-USD,5633051025.675653
2021-06-24,1203.89,1229.2,1160.13,1163.64,3707597,ETH-USD,4607333788.686644
2021-06-25,1163.64,1174.52,1142.29,1170.24,2183875,ETH-USD,3003746261.0630937
2021-06-26,1170.24,1178.15,1144.52,1154.24,9195434,ETH-USD,8855215836.63047
2021-06-27,1154.24,1173.58,1109.9,1122.99,2701724,ETH-USD,2824633754.1930904
2021-06-28,1122.99,1133.76,1060.37,1081.08,2089162,ETH-USD,2208018191.9381084
2021-06-29,1081.08,1087.99,1013.28,1024.73,3595945,ETH-USD,3618818248.677403
2021-06-30,1024.73,1030.78,942.07,945.05,3015843,ETH-USD,3163418966.5785356
2021-07-01,945.05,953.3,898.5,901.28,5646236,ETH-USD,4973619431.590372
2021-07-02,901.28,903.93,877.27,890.69,3647757,ETH-USD,2634515597.9367685
2021-07-03,890.69,897.97,882.07,897.7,3592726,ETH-USD,3496240391.0781627
2021-07-04,897.7,902.59,831.34,839.6,3448091,ETH-USD,3340652638.7611446
2021-07-05,839.6,846.36,799.48,800.12,3536758,ETH-USD,2845570004.5562425
2021-07-06,800.12,802.62,788.18,788.28,4275047,ETH-USD,3479266196.73953
2021-07-07,788.28,796.07,777.5,785.73,3333150,ETH-USD,2265854102.091331
2021-07-08,785.73,788.06,753.37,760.25,498874,ETH-USD,336888829.85425466
2021-07-09,760.25,764.81,751.83,755.02,1859756,ETH-USD,1255408376.466602
2021-07-10,755.02,777.99,742.95,773.61,2256684,ETH-USD,1697429230.4946358
2021-07-11,773.61,820.63,762.41,820.35,1820064,ETH-USD,1748793156.328805
2021-07-12,820.35,850.81,818.1,837.83,2719179,ETH-USD,2298061848.6690736
2021-07-13,837.83,843.3,791.32,796.63,9218898,ETH-USD,6439550510.331507
2021-07-14,796.63,806.38,756.12,770.53,2736138,ETH-USD,1911015729.455333
2021-07-15,770.53,771.44,754.54,756.02,5593312,ETH-USD,4032471534.2025046
2021-07-16,756.02,785.92,754.88,782.08,7274273,ETH-USD,5969554680.14677
2021-07-17,782.08,791.06,752.38,760.94,1747482,ETH-USD,1297833092.009803
2021-07-18,760.94,763.61,728.21,735.82,1381871,ETH-USD,973063128.3336376
2021-07-19,735.82,740.52,722.73,739.91,3546376,ETH-USD,2691938180.9603224
2021-07-20,739.91,740.69,716.56,729.4,4526096,ETH-USD,2960418815.273643
2021-07-21,729.4,758.97,677.52,683.6,6488685,ETH-USD,3688527448.718603
2021-07-22,683.6,757.12,667.31,743.97,9566223,ETH-USD,5763088844.93716
2021-07-23,743.97,745.36,738.25,742.6,4651360,ETH-USD,3110429652.980487
2021-07-24,742.6,746.05,719.88,721.9,3017592,ETH-USD,1822529354.4314642
2021-07-25,721.9,727.57,706.61,711.09,3849627,ETH-USD,2558228762.3635025
2021-07-26,711.09,730.04,709.44,728.77,3701846,ETH-USD,2992321730.232961
2021-07-27,728.77,737.32,711.63,713.08,4097588,ETH-USD,3174704909.2975197
2021-07-28,713.08,767.97,709.8,761.77,6299440,ETH-USD,5011648845.233229
2021-07-29,761.77,779.45,703.43,720.36,1404345,ETH-USD,1154274451.8389056
2021-07-30,720.36,724.85,669.0,671.98,2200836,ETH-USD,1349996149.7318144
2021-07-31,671.98,707.41,671.23,702.12,3061941,ETH-USD,2480973141.59859
2021-08-01,702.12,733.12,701.64,733.03,2848141,ETH-USD,2003626508.993602
2021-08-02,733.03,797.78,728.13,795.42,1627118,ETH-USD,1242934979.6569223
2021-08-03,795.42,817.81,790.39,817.8,3108973,ETH-USD,2446260024.4683666
2021-08-04,817.8,828.09,807.17,813.04,1067305,ETH-USD,728258337.6845031
2021-08-05,813.04,860.6,810.41,851.35,4201268,ETH-USD,4257033674.9084573
2021-08-06,851.35,853.99,794.0,809.07,5610569,ETH-USD,3882966360.9834237
2021-08-07,809.07,837.85,807.64,831.49,3515171,ETH-USD,2736803973.218727
2021-08-08,831.49,833.45,813.34,819.57,4291076,ETH-USD,3262640618.2037272
2021-08-09,819.57,848.31,819.08,844.81,3154681,ETH-USD,2211696287.939733
2021-08-10,844.81,851.62,844.5,847.65,3821182,ETH-USD,2788489680.282004
2021-08-11,847.65,857.95,798.17,803.76,3528308,ETH-USD,2319616003.0572176
2021-08-12,803.76,885.21,797.28,879.69,7561652,ETH-USD,6099547027.023458
2021-08-13,879.69,891.25,855.45,864.67,4981513,ETH-USD,4939094903.70931
2021-08-14,864.67,867.81,815.93,839.16,2882660,ETH-USD,2263656411.1802382
2021-08-15,839.16,851.7,767.95,772.3,3933949,ETH-USD,2580870706.3237915
2021-08-16,772.3,787.83,770.4,783.26,1247947,ETH-USD,1034431344.6887114
2021-08-17,783.26,846.65,772.7,843.0,5150564,ETH-USD,5204407107.815051
2021-08-18,843.0,852.95,804.75,808.18,3988073,ETH-USD,2877984011.332841
2021-08-19,808.18,810.66,790.02,793.44,4528624,ETH-USD,3276373997.0929165
2021-08-20,793.44,804.07,775.25,778.58,3976507,ETH-USD,3680369651.5454946
2021-08-21,778.58,787.13,777.32,780.17,2018270,ETH-USD,1372274971.5764663
2021-08-22,780.17,792.34,761.4,767.23,2292130,ETH-USD,1766479282.6938202
2021-08-23,767.23,780.55,758.18,772.34,5472205,ETH-USD,3786268827.091929
2021-08-24,772.34,833.33,765.93,829.23,3938935,ETH-USD,3831156543.8175273
2021-08-25,829.23,846.54,820.11,837.89,4174175,ETH-USD,4171147292.0564046
2021-08-26,837.89,849.09,833.4,834.48,1516225,ETH-USD,1424529205.9686487
2021-08-27,834.48,842.8,814.33,825.5,1577121,ETH-USD,1205459213.738186
2021-08-28,825.5,843.14,821.79,838.28,2668280,ETH-USD,2150415394.18028
2021-08-29,838.28,856.3,832.29,842.69,2218389,ETH-USD,1676719258.002404
2021-08-30,842.69,863.53,830.81,861.57,2800040,ETH-USD,2789501032.0777154
2021-08-31,861.57,869.08,841.33,841.82,2454032,ETH-USD,2408419839.084045
2021-09-01,841.82,870.36,833.95,864.49,3398323,ETH-USD,2842479015.5391173
2021-09-02,864.49,920.32,856.46,916.24,3658176,ETH-USD,3561632140.6440125
2021-09-03,916.24,925.09,889.89,895.35,2769195,ETH-USD,2147707932.949767
2021-09-04,895.35,913.0,894.57,908.63,1946095,ETH-USD,1722259673.6040554
2021-09-05,908.63,960.15,905.05,954.64,3815275,ETH-USD,3833793287.5530376
2021-09-06,954.64,1027.2,938.87,1012.88,1980674,ETH-USD,1914224059.5311897
2021-09-07,1012.88,1066.39,1009.61,1061.83,6374302,ETH-USD,6382894315.23982
2021-09-08,1061.83,1110.68,1055.82,1106.6,2564608,ETH-USD,2271530224.3484826
2021-09-09,1106.6,1111.53,1071.7,1094.29,6021833,ETH-USD,7391704367.487702
2021-09-10,1094.29,1096.01,1054.43,1077.23,3252323,ETH-USD,4049117620.027191
2021-09-11,1077.23,1079.15,1053.77,1061.45,3926673,ETH-USD,4950650465.878037
2021-09-12,1061.45,1079.99,1019.3,1027.25,4659730,ETH-USD,5206542848.376949
2021-09-13,1027.25,1052.68,1022.72,1043.98,4660459,ETH-USD,4960384140.64459
2021-09-14,1043.98,1066.64,1027.92,1057.13,3995649,ETH-USD,3834110895.493812
2021-09-15,1057.13,1110.28,1053.45,1097.96,7518234,ETH-USD,9903351191.201382
2021-09-16,1097.96,1143.61,1079.42,1138.78,3479760,ETH-USD,4104945868.6716814
2021-09-17,1138.78,1178.46,1123.77,1167.24,2439293,ETH-USD,3053556035.862692
2021-09-18,1167.24,1262.91,1164.58,1260.83,4046638,ETH-USD,5474386029.2934065
2021-09-19,1260.83,1270.66,1217.18,1230.76,2624924,ETH-USD,3676806749.7615695
2021-09-20,1230.76,1239.05,1211.54,1217.27,2105171,ETH-USD,2059963792.810813
2021-09-21,1217.27,1233.07,1214.15,1230.29,2526080,ETH-USD,2760043112.99355
2021-09-22,1230.29,1231.91,1206.55,1209.66,1935117,ETH-USD,2495828652.037125
2021-09-23,1209.66,1219.62,1186.96,1217.53,1766506,ETH-USD,2490721728.900614
2021-09-24,1217.53,1221.78,1134.68,1138.25,5185148,ETH-USD,6339542115.25721
2021-09-25,1138.25,1151.66,1121.88,1128.25,5558710,ETH-USD,6054594847.252496
2021-09-26,1128.25,1144.17,1036.19,1039.25,3181924,ETH-USD,3123690398.577966
2021-09-27,1039.25,1071.24,1038.93,1062.52,3796190,ETH-USD,4417435761.231946
2021-09-28,1062.52,1075.22,1050.16,1067.06,5261311,ETH-USD,6155870868.4505
2021-09-29,1067.06,1135.13,1062.39,1133.67,2783490,ETH-USD,3290690237.647058
2021-09-30,1133.67,1141.18,1082.4,1095.73,1970332,ETH-USD,1978866818.0163255
2021-10-01,1095.73,1150.79,1072.88,1144.09,3481713,ETH-USD,4660816521.617785
2021-10-02,1144.09,1147.31,1131.05,1141.94,2314095,ETH-USD,2697395939.3525805
2021-10-03,1141.94,1149.57,1099.45,1106.32,9405048,ETH-USD,11614021042.218292
2021-10-04,1106.32,1184.6,1094.12,1176.28,4721382,ETH-USD,4919012483.296181
2021-10-05,1176.28,1201.6,1172.89,1192.0,4216065,ETH-USD,4712037186.528614
2021-10-06,1192.0,1195.07,1050.94,1065.82,3920840,ETH-USD,4805043276.902833
2021-10-07,1065.82,1068.8,1050.81,1051.03,3181173,ETH-USD,2741819913.911063
2021-10-08,1051.03,1131.47,1035.18,1108.74,2562647,ETH-USD,2855305877.821098
2021-10-09,1108.74,1149.13,1100.93,1148.6,8626466,ETH-USD,9835851379.339914
2021-10-10,1148.6,1149.11,1121.28,1144.17,4642640,ETH-USD,5845780240.018711
2021-10-11,1144.17,1179.03,1143.0,1172.62,2254781,ETH-USD,2413332034.920391
2021-10-12,1172.62,1226.07,1164.27,1215.7,5687880,ETH-USD,6137721996.255848
2021-10-13,1215.7,1254.1,1206.99,1248.94,2832217,ETH-USD,4140207709.2117276
2021-10-14,1248.94,1254.37,1220.48,1242.86,2347549,ETH-USD,3001364926.4842157
2021-10-15,1242.86,1290.58,1235.45,1284.61,3820933,ETH-USD,4132270669.7314463
2021-10-16,1284.61,1300.16,1233.03,1247.83,2863051,ETH-USD,3133937212.472472
2021-10-17,1247.83,1256.56,1224.41,1229.89,2054319,ETH-USD,3030717249.068106
2021-10-18,1229.89,1231.14,1135.73,1151.45,3926393,ETH-USD,3970579022.866253
2021-10-19,1151.45,1192.98,1146.3,1178.78,2790931,ETH-USD,3435274717.236001
2021-10-20,1178.78,1185.86,1003.0,1007.74,3442439,ETH-USD,3358250533.259504
2021-10-21,1007.74,1012.95,965.27,967.2,3373349,ETH-USD,3765941305.793354
2021-10-22,967.2,982.33,946.48,950.33,2141942,ETH-USD,2243315289.76382
2021-10-23,950.33,957.49,763.28,767.46,4102316,ETH-USD,3270458729.836681
2021-10-24,767.46,779.16,706.15,711.44,2394600,ETH-USD,1370209412.0569284
2021-10-25,711.44,766.26,696.79,755.59,4873147,ETH-USD,4241478888.5841
2021-10-26,755.59,882.26,752.71,879.52,4005787,ETH-USD,3445191424.35362
2021-10-27,879.52,891.14,808.7,810.59,6398602,ETH-USD,6082018445.015799
2021-10-28,810.59,823.57,800.29,813.76,2890548,ETH-USD,2348015064.873972
2021-10-29,813.76,827.21,808.89,821.94,2230505,ETH-USD,1975773189.1189349
2021-10-30,821.94,831.82,820.45,820.48,4201532,ETH-USD,2853366651.44698
2021-10-31,820.48,847.33,814.45,838.73,5202627,ETH-USD,4791496781.485561
2021-11-01,838.73,877.77,838.51,865.5,5769266,ETH-USD,4669725974.2099695
2021-11-02,865.5,903.16,864.39,886.14,1732268,ETH-USD,1443764499.7651534
2021-11-03,886.14,892.4,857.71,876.4,1089538,ETH-USD,809217297.4955132
2021-11-04,876.4,905.72,870.87,901.62,2511797,ETH-USD,1944783284.4736934
2021-11-05,901.62,1000.08,898.78,998.11,3639989,ETH-USD,3176440727.471936
2021-11-06,998.11,1053.49,983.92,1046.41,3554796,ETH-USD,3464160385.6970615
2021-11-07,1046.41,1055.39,961.96,974.68,3497601,ETH-USD,3943538460.4906707
2021-11-08,974.68,977.42,971.9,973.72,2855297,ETH-USD,2633751489.6277175
2021-11-09,973.72,974.82,949.4,958.26,3739221,ETH-USD,3904715641.7014184
2021-11-10,958.26,970.7,944.33,966.94,2350766,ETH-USD,1893675415.5959964
2021-11-11,966.94,1045.24,964.2,1035.14,3257493,ETH-USD,3494833954.4151382
2021-11-12,1035.14,1049.47,1011.36,1019.1,4787648,ETH-USD,4843750336.788399
2021-11-13,1019.1,1021.46,857.08,871.95,1697903,ETH-USD,1763530640.0497136
2021-11-14,871.95,874.35,865.17,865.49,8468530,ETH-USD,8344430002.760319
2021-11-15,865.49,888.17,855.75,887.39,1884421,ETH-USD,1642002593.9439747
2021-11-16,887.39,903.59,875.45,878.31,4724342,ETH-USD,4606111828.596835
2021-11-17,878.31,1065.47,868.53,1056.77,6404486,ETH-USD,5937054719.011648
2021-11-18,1056.77,1120.93,1043.19,1108.26,2770359,ETH-USD,3146834008.805932
2021-11-19,1108.26,1131.5,1093.62,1130.75,3964543,ETH-USD,3720129712.3348594
2021-11-20,1130.75,1170.06,1129.59,1162.46,3308448,ETH-USD,3612242368.6099815
2021-11-21,1162.46,1165.95,1110.74,1127.21,3273050,ETH-USD,3284851452.762086
2021-11-22,1127.21,1159.41,1112.9,1148.71,1754026,ETH-USD,2191296889.688393
2021-11-23,1148.71,1217.33,1142.31,1215.59,1894064,ETH-USD,2293279159.900471
2021-11-24,1215.59,1223.18,1177.38,1194.83,3591106,ETH-USD,4721674567.812869
2021-11-25,1194.83,1232.97,1176.63,1224.99,2957286,ETH-USD,3644809758.1580257
2021-11-26,1224.99,1305.67,1211.82,1287.12,3868167,ETH-USD,4155271414.2690525
2021-11-27,1287.12,1300.6,1243.16,1263.93,1700698,ETH-USD,2351938280.6527753
2021-11-28,1263.93,1294.18,1262.05,1290.94,2811232,ETH-USD,4112865010.607244
2021-11-29,1290.94,1343.94,1290.58,1343.08,13011475,ETH-USD,20296208045.234306
2021-11-30,1343.08,1352.72,1170.92,1174.47,7229643,ETH-USD,8735512223.102772
2021-12-01,1174.47,1197.59,1172.92,1195.61,3522587,ETH-USD,4638844364.276251
2021-12-02,1195.61,1278.55,1177.11,1257.43,3619954,ETH-USD,5010744830.784881
2021-12-03,1257.43,1290.4,1254.05,1269.13,3907134,ETH-USD,4275852880.9498262
2021-12-04,1269.13,1351.72,1268.47,1346.71,3943896,ETH-USD,4597916441.602984
2021-12-05,1346.71,1362.65,1339.72,1341.81,6129001,ETH-USD,6812347544.649704
2021-12-06,1341.81,1350.14,1254.59,1256.56,5326757,ETH-USD,6211234482.586199
2021-12-07,1256.56,1259.14,1141.09,1148.71,2533427,ETH-USD,2879335092.8454256
2021-12-08,1148.71,1189.02,1147.4,1186.54,3271966,ETH-USD,4655517763.079538
2021-12-09,1186.54,1199.69,1127.18,1133.68,5153186,ETH-USD,5680807382.291062
2021-12-10,1133.68,1139.8,1096.12,1114.94,2420842,ETH-USD,2943353546.6980724
2021-12-11,1114.94,1148.2,1106.89,1140.75,5344214,ETH-USD,6568023310.514615
2021-12-12,1140.75,1148.74,1081.05,1104.98,5538921,ETH-USD,5396921821.205893
2021-12-13,1104.98,1167.35,1091.48,1153.86,1846758,ETH-USD,1754589308.6635654
2021-12-14,1153.86,1160.9,1094.04,1098.78,2901380,ETH-USD,3246645726.9188323
2021-12-15,1098.78,1115.28,1097.89,1112.48,3035811,ETH-USD,3647874171.1874976
2021-12-16,1112.48,1127.04,1083.75,1091.24,2371632,ETH-USD,3103813883.8383455
2021-12-17,1091.24,1097.7,1049.86,1066.46,3698231,ETH-USD,3720959355.558374
2021-12-18,1066.46,1225.26,1053.29,1219.89,5408871,ETH-USD,7644349088.470304
2021-12-19,1219.89,1222.45,1117.78,1137.09,1702186,ETH-USD,1844128959.3923872
2021-12-20,1137.09,1149.01,1085.12,1094.19,3765809,ETH-USD,4432699726.840609
2021-12-21,1094.19,1116.84,1069.79,1074.17,2923603,ETH-USD,3263869868.4992085
2021-12-22,1074.17,1082.19,1023.54,1024.8,3865240,ETH-USD,3252820037.4601393
2021-12-23,1024.8,1038.68,938.39,939.95,1641216,ETH-USD,1282499490.3631546
2021-12-24,939.95,960.9,926.23,953.72,5132081,ETH-USD,3956307135.121388
2021-12-25,953.72,1011.75,950.0,1007.96,3229505,ETH-USD,3087026891.915373
2021-12-26,1007.96,1023.9,976.03,985.58,1609067,ETH-USD,1741787092.5797262
2021-12-27,985.58,1048.47,979.35,1044.33,6508242,ETH-USD,5907072147.554813
2021-12-28,1044.33,1131.42,1037.04,1121.44,3781839,ETH-USD,4420678971.914035
2021-12-29,1121.44,1151.75,1114.71,1148.4,8929090,ETH-USD,9388008875.987806
2021-12-30,1148.4,1149.04,1050.4,1054.71,1926545,ETH-USD,2273335499.5803547
2021-12-31,1054.71,1072.49,1043.39,1063.03,2713181,ETH-USD,3228445608.043468
2022-01-01,1063.03,1139.96,1050.76,1128.18,4694619,ETH-USD,5879854713.121993
2022-01-02,1128.18,1130.81,1012.4,1013.31,10578785,ETH-USD,10826070649.208883
2022-01-03,1013.31,1031.23,1000.1,1005.72,5742701,ETH-USD,5277851019.33479
2022-01-04,1005.72,1123.02,1002.79,1111.32,2032528,ETH-USD,2538376540.0306993
2022-01-05,1111.32,1233.72,1105.39,1224.69,4044040,ETH-USD,4330836033.000891
2022-01-06,1224.69,1285.0,1208.78,1271.93,3415528,ETH-USD,3978972531.033094
2022-01-07,1271.93,1330.57,1260.57,1327.81,8703902,ETH-USD,10096065374.29151
2022-01-08,1327.81,1349.4,1296.4,1296.73,2454406,ETH-USD,3404485495.235036
2022-01-09,1296.73,1299.0,1249.72,1257.98,1288722,ETH-USD,1741955835.5142052
2022-01-10,1257.98,1261.42,1228.89,1233.1,2779168,ETH-USD,3636052274.5891466
2022-01-11,1233.1,1298.91,1223.48,1286.07,1888333,ETH-USD,2346542726.7355886
2022-01-12,1286.07,1289.62,1269.32,1278.43,3501181,ETH-USD,3760158626.004776
2022-01-13,1278.43,1278.87,1183.59,1191.27,3943517,ETH-USD,5470429416.642111
2022-01-14,1191.27,1289.48,1190.58,1258.92,1762460,ETH-USD,2225657516.453429
2022-01-15,1258.92,1303.68,1246.55,1286.4,2779451,ETH-USD,3442437929.2100697
2022-01-16,1286.4,1368.46,1280.75,1356.1,2775603,ETH-USD,3897729818.0363326
2022-01-17,1356.1,1415.3,1342.02,1413.19,2704895,ETH-USD,3352803385.4671373
2022-01-18,1413.19,1507.03,1399.86,1497.29,4754733,ETH-USD,6072828597.613129
2022-01-19,1497.29,1505.18,1492.31,1501.16,2534333,ETH-USD,3660669901.149203
2022-01-20,1501.16,1516.45,1475.59,1483.39,3822460,ETH-USD,5051513766.998018
2022-01-21,1483.39,1531.53,1473.83,1522.28,3214116,ETH-USD,4392331510.666517
2022-01-22,1522.28,1548.16,1419.04,1431.82,8788344,ETH-USD,14558966820.722706
2022-01-23,1431.82,1432.55,1366.69,1382.51,3982879,ETH-USD,5574118611.051822
2022-01-24,1382.51,1485.99,1373.05,1485.18,1882120,ETH-USD,2776803497.8837585
2022-01-25,1485.18,1504.85,1454.1,1455.12,3315030,ETH-USD,5189368576.747906
2022-01-26,1455.12,1474.75,1432.93,1464.1,3928358,ETH-USD,6790342154.269591
2022-01-27,1464.1,1542.74,1459.98,1510.51,2375915,ETH-USD,3032139922.859135
2022-01-28,1510.51,1547.68,1497.44,1541.07,4567592,ETH-USD,7978076129.361403
2022-01-29,1541.07,1640.5,1506.22,1620.86,3671792,ETH-USD,6151475522.65814
2022-01-30,1620.86,1637.96,1533.84,1559.95,2546557,ETH-USD,3410258114.013877
2022-01-31,1559.95,1567.65,1477.7,1504.47,6462433,ETH-USD,8933647308.14464
2022-02-01,1504.47,1520.15,1464.6,1473.99,2162859,ETH-USD,3165539586.120306
2022-02-02,1473.99,1481.25,1393.12,1397.33,2090690,ETH-USD,3144784587.351865
2022-02-03,1397.33,1504.35,1372.44,1490.88,2360287,ETH-USD,3156608133.239767
2022-02-04,1490.88,1519.86,1487.61,1519.58,11521891,ETH-USD,17752704516.93134
2022-02-05,1519.58,1572.43,1496.77,1560.69,1608639,ETH-USD,2696040461.027133
2022-02-06,1560.69,1584.7,1522.33,1535.25,4817033,ETH-USD,7243717879.740738
2022-02-07,1535.25,1574.65,1534.21,1556.98,1999211,ETH-USD,3564732486.790719
2022-02-08,1556.98,1622.77,1554.25,1600.1,935302,ETH-USD,1717746288.6286068
2022-02-09,1600.1,1602.03,1571.33,1599.94,1666477,ETH-USD,2635005240.109751
2022-02-10,1599.94,1615.12,1549.51,1555.46,2600049,ETH-USD,4809328342.166832
2022-02-11,1555.46,1558.79,1498.53,1501.58,2321697,ETH-USD,2894373341.3286724
2022-02-12,1501.58,1633.61,1499.33,1600.5,3371060,ETH-USD,4323561749.560178
2022-02-13,1600.5,1747.86,1597.0,1702.14,6791407,ETH-USD,11008139118.370956
2022-02-14,1702.14,1927.76,1692.04,1898.28,5533309,ETH-USD,10928529912.909863
2022-02-15,1898.28,1914.53,1840.02,1872.51,4295353,ETH-USD,8458758918.5136385
2022-02-16,1872.51,1915.95,1863.65,1900.47,3931322,ETH-USD,7400966572.376297
2022-02-17,1900.47,1920.81,1854.45,1878.55,3474775,ETH-USD,5548103118.883293
2022-02-18,1878.55,1880.71,1779.9,1827.44,6292408,ETH-USD,9983418730.38397
2022-02-19,1827.44,1861.77,1827.18,1847.62,1268021,ETH-USD,2672828831.0589085
2022-02-20,1847.62,1881.08,1844.74,1873.86,2830690,ETH-USD,6084923636.810411
2022-02-21,1873.86,1892.88,1871.24,1888.08,2075859,ETH-USD,4192018188.035305
2022-02-22,1888.08,2032.09,1854.81,2018.65,1351790,ETH-USD,2908037485.764588
2022-02-23,2018.65,2038.38,1976.13,1997.72,2451858,ETH-USD,5089509502.9407625
2022-02-24,1997.72,2007.59,1970.54,1978.16,6472458,ETH-USD,11282115313.55616
2022-02-25,1978.16,2001.6,1865.25,1879.38,1471051,ETH-USD,2685318750.898784
2022-02-26,1879.38,1894.32,1810.27,1820.93,1056793,ETH-USD,2075133719.1479294
2022-02-27,1820.93,1842.77,1812.66,1835.52,3667363,ETH-USD,6831823871.565694
2022-02-28,1835.52,1913.08,1822.83,1886.55,1289222,ETH-USD,1963821711.1438794
2022-03-01,1886.55,1914.45,1882.86,1908.3,2691503,ETH-USD,6068017687.787527
2022-03-02,1908.3,2049.81,1890.59,2019.7,3385151,ETH-USD,7779990963.557338
2022-03-03,2019.7,2115.33,2014.6,2101.7,2972427,ETH-USD,5648785356.533905
2022-03-04,2101.7,2169.79,2093.07,2150.7,1763238,ETH-USD,3968850008.284863
2022-03-05,2150.7,2190.55,2095.7,2103.23,2418108,ETH-USD,5946847944.788192
2022-03-06,2103.23,2265.21,2092.78,2210.86,1908272,ETH-USD,3537162984.618979
2022-03-07,2210.86,2260.71,2179.99,2237.35,4983558,ETH-USD,11163474931.412323
2022-03-08,2237.35,2302.47,2227.21,2278.58,2925049,ETH-USD,6548302789.810617
2022-03-09,2278.58,2396.29,2261.31,2391.86,2850678,ETH-USD,6573518589.631111
2022-03-10,2391.86,2408.98,2329.47,2359.06,3546800,ETH-USD,9490277268.15729
2022-03-11,2359.06,2644.99,2345.2,2627.64,4294513,ETH-USD,10745697860.573359
2022-03-12,2627.64,2646.05,2553.25,2564.23,5848646,ETH-USD,12379729395.108473
2022-03-13,2564.23,2633.38,2562.81,2622.38,3042042,ETH-USD,6591997420.986091
2022-03-14,2622.38,2644.09,2507.29,2522.28,4760605,ETH-USD,9811366715.61548
2022-03-15,2522.28,2765.46,2482.23,2740.11,2626529,ETH-USD,6935427004.457149
2022-03-16,2740.11,2763.64,2584.29,2611.62,1805530,ETH-USD,5127303796.710017
2022-03-17,2611.62,2732.91,2602.86,2710.48,7753561,ETH-USD,18525259690.37774
2022-03-18,2710.48,2996.22,2677.65,2934.2,2481898,ETH-USD,7709041180.6035185
2022-03-19,2934.2,2941.53,2851.03,2905.52,4671857,ETH-USD,14590002536.438055
2022-03-20,2905.52,2933.9,2826.41,2866.32,2384553,ETH-USD,6165625141.697166
2022-03-21,2866.32,2914.27,2643.31,2655.96,2197243,ETH-USD,6070522844.368569
2022-03-22,2655.96,2659.01,2593.53,2639.86,3353043,ETH-USD,9506113678.258131
2022-03-23,2639.86,2758.94,2632.3,2756.75,2544112,ETH-USD,6919818870.40406
2022-03-24,2756.75,2780.0,2625.5,2635.16,2789005,ETH-USD,6869455539.474115
2022-03-25,2635.16,2652.79,2579.31,2599.03,2858827,ETH-USD,7784303991.5868635
2022-03-26,2599.03,2699.64,2591.67,2661.15,3857516,ETH-USD,12227550785.83741
2022-03-27,2661.15,2719.22,2636.74,2704.91,1263723,ETH-USD,3318227034.703467
2022-03-28,2704.91,2786.5,2672.18,2768.57,3679131,ETH-USD,9744820146.22258
2022-03-29,2768.57,2779.07,2708.35,2756.79,3018888,ETH-USD,8203485621.724423
2022-03-30,2756.79,2764.97,2592.34,2604.19,3602970,ETH-USD,7792312094.564446
2022-03-31,2604.19,2677.9,2545.13,2656.13,3311239,ETH-USD,8982111390.6557
2022-04-01,2656.13,2683.47,2625.65,2679.19,1254733,ETH-USD,3131323094.3050222
2022-04-02,2679.19,2827.6,2663.31,2794.65,4621436,ETH-USD,10959517959.96457
2022-04-03,2794.65,2864.6,2587.64,2589.62,3571101,ETH-USD,9122974281.09059
2022-04-04,2589.62,2764.14,2551.36,2682.04,1892681,ETH-USD,4067868098.918093
2022-04-05,2682.04,2729.44,2617.54,2619.39,2035279,ETH-USD,5121748873.49555
2022-04-06,2619.39,2625.13,2408.86,2434.44,5564829,ETH-USD,11410762366.765104
2022-04-07,2434.44,2450.31,2357.46,2361.45,6546180,ETH-USD,12516992685.186947
2022-04-08,2361.45,2555.97,2349.12,2505.1,4804902,ETH-USD,13599011303.279547
2022-04-09,2505.1,2528.42,2415.34,2436.85,9310693,ETH-USD,26466430288.70452
2022-04-10,2436.85,2582.2,2431.8,2534.34,4287400,ETH-USD,9595198058.746214
2022-04-11,2534.34,2552.18,2522.87,2523.81,3725893,ETH-USD,9551261653.267511
2022-04-12,2523.81,2559.72,2410.99,2422.32,2339894,ETH-USD,5164561251.769135
2022-04-13,2422.32,2577.46,2422.11,2531.18,1234174,ETH-USD,3115891127.0818787
2022-04-14,2531.18,2599.35,2512.93,2559.83,3736936,ETH-USD,9323448972.619064
2022-04-15,2559.83,2632.11,2522.15,2605.25,3157811,ETH-USD,7466890748.747273
2022-04-16,2605.25,2722.06,2591.52,2693.97,1421891,ETH-USD,4137577280.758962
2022-04-17,2693.97,2723.39,2576.15,2603.71,3813644,ETH-USD,8446101431.948859
2022-04-18,2603.71,2621.2,2478.85,2511.91,4990391,ETH-USD,10294446144.084877
2022-04-19,2511.91,2686.35,2505.12,2667.28,3295516,ETH-USD,9731217582.587658
2022-04-20,2667.28,2711.64,2502.66,2553.56,2025124,ETH-USD,5514503612.893951
2022-04-21,2553.56,2568.96,2491.4,2517.82,2965969,ETH-USD,7463373437.649555
2022-04-22,2517.82,2527.0,2359.88,2383.44,2154561,ETH-USD,5069103620.01508
2022-04-23,2383.44,2397.11,2288.16,2289.01,3732957,ETH-USD,8535928229.712977
2022-04-24,2289.01,2319.33,2263.4,2317.46,2870465,ETH-USD,6484616749.355847
2022-04-25,2317.46,2351.21,2288.22,2335.54,1551365,ETH-USD,3468042744.852685
2022-04-26,2335.54,2485.02,2298.55,2478.59,4022702,ETH-USD,9969394996.651701
2022-04-27,2478.59,2551.85,2464.74,2549.77,3570499,ETH-USD,9207791526.311077
2022-04-28,2549.77,2631.95,2537.25,2625.37,5098888,ETH-USD,14414025231.62002
2022-04-29,2625.37,2864.56,2617.37,2838.97,4071081,ETH-USD,12534102469.458504
2022-04-30,2838.97,2979.22,2827.91,2948.62,3221970,ETH-USD,9035337810.899015
2022-05-01,2948.62,3029.25,2940.34,3004.01,2680578,ETH-USD,7773997725.387944
2022-05-02,3004.01,3030.96,2939.44,2988.82,2615128,ETH-USD,7421266280.437198
2022-05-03,2988.82,3017.46,2842.48,2848.42,4379147,ETH-USD,12655943677.320078
2022-05-04,2848.42,2997.94,2819.37,2943.81,4125236,ETH-USD,11917322795.748304
2022-05-05,2943.81,3202.52,2912.42,3188.43,2170254,ETH-USD,7998059681.077743
2022-05-06,3188.43,3193.1,3061.11,3116.89,4156800,ETH-USD,13973933630.133543
2022-05-07,3116.89,3153.34,3029.6,3051.78,3127286,ETH-USD,11065665812.225344
2022-05-08,3051.78,3130.38,3038.93,3105.18,6393014,ETH-USD,21512128995.62843
2022-05-09,3105.18,3153.63,3083.85,3092.86,4774930,ETH-USD,17550470614.925484
2022-05-10,3092.86,3313.77,3084.13,3255.89,6725571,ETH-USD,23086649714.18897
2022-05-11,3255.89,3273.5,3189.63,3204.44,2580198,ETH-USD,9801159324.36024
2022-05-12,3204.44,3219.35,3165.44,3184.93,3668002,ETH-USD,10084980805.53534
2022-05-13,3184.93,3187.98,2875.98,2886.78,4643463,ETH-USD,11005103001.49126
2022-05-14,2886.78,3069.15,2851.91,3043.51,1116885,ETH-USD,3506837201.761715
2022-05-15,3043.51,3068.9,3024.75,3061.97,6235096,ETH-USD,22783955326.33961
2022-05-16,3061.97,3109.9,2940.51,2987.62,5193714,ETH-USD,15005441216.979095
2022-05-17,2987.62,3330.01,2977.04,3282.63,3685317,ETH-USD,10704106270.96387
2022-05-18,3282.63,3351.54,3260.29,3346.82,5336361,ETH-USD,18013730454.01048
2022-05-19,3346.82,3422.82,3281.33,3363.04,2897419,ETH-USD,10324101607.192451
2022-05-20,3363.04,3539.9,3335.96,3507.41,6886425,ETH-USD,22367882181.959873
2022-05-21,3507.41,3521.41,3413.54,3434.06,8219827,ETH-USD,30652329548.84358
2022-05-22,3434.06,3440.7,3387.85,3440.32,2734943,ETH-USD,11197235093.434778
2022-05-23,3440.32,3524.18,3399.63,3418.18,6506330,ETH-USD,25771160377.192196
2022-05-24,3418.18,3441.09,3261.61,3299.44,4102392,ETH-USD,12407189764.912933
2022-05-25,3299.44,3504.68,3220.45,3497.43,3073686,ETH-USD,10004913351.734932
2022-05-26,3497.43,3539.48,3432.69,3526.72,3666424,ETH-USD,12266038895.914684
2022-05-27,3526.72,3529.38,3444.53,3475.22,5837393,ETH-USD,19430574480.363758
2022-05-28,3475.22,3496.09,3308.62,3312.36,2880041,ETH-USD,8014594564.427185
2022-05-29,3312.36,3376.41,2930.04,2975.49,1541418,ETH-USD,5067068128.372208
2022-05-30,2975.49,2975.97,2769.12,2806.1,3815764,ETH-USD,10130667985.496975
2022-05-31,2806.1,2811.51,2672.93,2698.43,2186006,ETH-USD,6794974597.084074
2022-06-01,2698.43,2779.47,2664.14,2779.36,5633740,ETH-USD,18332238838.948193
2022-06-02,2779.36,2954.05,2773.75,2940.68,4044292,ETH-USD,9630599196.615217
2022-06-03,2940.68,3373.71,2899.38,3319.24,3695468,ETH-USD,14662965039.718185
2022-06-04,3319.24,3514.87,3265.66,3455.61,11011683,ETH-USD,41248802762.88954
2022-06-05,3455.61,3463.31,3390.58,3441.41,2532846,ETH-USD,8787661590.086994
2022-06-06,3441.41,3611.34,3428.19,3604.93,1359374,ETH-USD,4683902424.548038
2022-06-07,3604.93,3658.89,3302.53,3357.53,2871088,ETH-USD,9711168264.557543
2022-06-08,3357.53,3550.25,3347.44,3532.39,1264287,ETH-USD,4152667536.7215996
2022-06-09,3532.39,3544.0,3453.2,3501.45,9572004,ETH-USD,35160690080.21766
2022-06-10,3501.45,3656.97,3479.37,3582.3,2433619,ETH-USD,7298601759.732008
2022-06-11,3582.3,3596.64,3398.8,3399.9,2090854,ETH-USD,7453103947.765304
2022-06-12,3399.9,3418.75,3306.4,3377.91,6094863,ETH-USD,18737827691.34382
2022-06-13,3377.91,3390.74,3172.84,3174.31,4753862,ETH-USD,12178630810.627663
2022-06-14,3174.31,3384.12,3158.27,3377.32,3237275,ETH-USD,11163813071.058052
2022-06-15,3377.32,3392.57,3231.81,3252.6,2293881,ETH-USD,7695199250.045389
2022-06-16,3252.6,3300.67,3193.31,3197.07,5479074,ETH-USD,17002467311.39919
2022-06-17,3197.07,3449.17,3180.5,3377.3,2497701,ETH-USD,6992296258.975366
2022-06-18,3377.3,3486.48,2810.6,2816.18,5283486,ETH-USD,17220306478.623005
2022-06-19,2816.18,2846.55,2695.14,2723.45,2135136,ETH-USD,6074121350.387872
2022-06-20,2723.45,2878.14,2686.16,2874.34,2311623,ETH-USD,5623050100.2704315
2022-06-21,2874.34,2942.57,2855.8,2910.83,5594724,ETH-USD,16356493506.81641
2022-06-22,2910.83,2914.53,2807.68,2850.02,1177988,ETH-USD,3353602137.419416
2022-06-23,2850.02,2891.32,2820.51,2865.17,5131907,ETH-USD,12118283243.941727
2022-06-24,2865.17,2983.98,2851.43,2951.5,713308,ETH-USD,2195318476.448856
2022-06-25,2951.5,2964.61,2808.7,2808.97,1132223,ETH-USD,3572618539.654545
2022-06-26,2808.97,2817.65,2798.13,2817.21,4563825,ETH-USD,14137877291.909243
2022-06-27,2817.21,3022.44,2795.43,2956.2,6782588,ETH-USD,17668419765.298817
2022-06-28,2956.2,3079.64,2953.41,3066.16,1565141,ETH-USD,5494425516.196671
2022-06-29,3066.16,3074.1,2832.92,2857.13,4885695,ETH-USD,13079880050.047548
2022-06-30,2857.13,2865.63,2693.15,2745.74,2993176,ETH-USD,9686331689.325054
2022-07-01,2745.74,2772.8,2724.36,2754.8,1531001,ETH-USD,3495122974.0288424
2022-07-02,2754.8,2889.95,2727.68,2888.74,11754467,ETH-USD,33768282104.64955
2022-07-03,2888.74,3060.97,2848.23,3060.41,2412693,ETH-USD,7670689731.717466
2022-07-04,3060.41,3359.63,3044.3,3306.17,2791870,ETH-USD,8298680944.666245
2022-07-05,3306.17,3323.07,3269.17,3309.45,1865614,ETH-USD,6844373727.874938
2022-07-06,3309.45,3345.14,3203.32,3212.55,5468667,ETH-USD,18460106078.215446
2022-07-07,3212.55,3263.38,3189.53,3222.0,2072145,ETH-USD,5389523661.652561
2022-07-08,3222.0,3230.31,3069.83,3119.45,3937971,ETH-USD,12816796705.035017
2022-07-09,3119.45,3129.56,3063.1,3070.54,1934024,ETH-USD,5918255457.634465
2022-07-10,3070.54,3157.33,3011.78,3128.08,4253184,ETH-USD,11686652353.510181
2022-07-11,3128.08,3172.2,3093.18,3154.76,3023202,ETH-USD,11428751615.612015
2022-07-12,3154.76,3180.44,3072.79,3107.65,4758327,ETH-USD,17136383991.824886
2022-07-13,3107.65,3121.2,2960.32,3000.5,3234527,ETH-USD,8899696680.342583
2022-07-14,3000.5,3030.29,2959.61,2960.7,5782173,ETH-USD,17400521431.750458
2022-07-15,2960.7,3116.35,2935.5,3045.37,2194293,ETH-USD,6191949132.345483
2022-07-16,3045.37,3082.85,2912.61,2941.41,4546940,ETH-USD,14848252566.998577
2022-07-17,2941.41,2971.88,2802.58,2838.61,2831035,ETH-USD,9419496780.248482
2022-07-18,2838.61,2851.93,2664.17,2693.57,3789210,ETH-USD,9630155915.910437
2022-07-19,2693.57,2732.7,2492.99,2508.18,1352490,ETH-USD,3806940325.750023
2022-07-20,2508.18,2513.6,2269.9,2326.23,1855633,ETH-USD,4313879534.569989
2022-07-21,2326.23,2345.91,2281.19,2284.61,2989921,ETH-USD,6548222809.145656
2022-07-22,2284.61,2470.05,2258.49,2438.87,3470883,ETH-USD,9949534499.258577
2022-07-23,2438.87,2748.43,2414.99,2726.75,2995694,ETH-USD,8202504930.273039
2022-07-24,2726.75,2771.1,2725.49,2759.87,3580684,ETH-USD,9753399677.97352
2022-07-25,2759.87,2795.45,2743.03,2788.54,4396929,ETH-USD,13106700529.481455
2022-07-26,2788.54,3039.14,2769.51,2993.84,2074011,ETH-USD,5616233799.955374
2022-07-27,2993.84,3436.42,2984.92,3352.95,3581019,ETH-USD,11165494421.799856
2022-07-28,3352.95,3376.37,3273.06,3284.23,3269502,ETH-USD,12593484669.97993
2022-07-29,3284.23,3448.52,3271.83,3386.53,9434646,ETH-USD,34232373968.25307
2022-07-30,3386.53,3407.6,3263.28,3292.99,2010170,ETH-USD,7484335590.410273
2022-07-31,3292.99,3301.44,3114.86,3150.01,4510574,ETH-USD,12907503233.315634
2022-08-01,3150.01,3164.37,3004.49,3053.3,2693289,ETH-USD,8367461340.9728
2022-08-02,3053.3,3233.63,3010.42,3203.66,2197408,ETH-USD,8367152505.738621
2022-08-03,3203.66,3215.4,3005.32,3060.32,3561030,ETH-USD,10107593246.851732
2022-08-04,3060.32,3116.06,2948.54,3007.12,3552020,ETH-USD,9230722494.590096
2022-08-05,3007.12,3019.78,3005.26,3016.71,1999329,ETH-USD,6057658917.249964
2022-08-06,3016.71,3052.23,2916.27,2924.87,2253480,ETH-USD,6295381461.245604
2022-08-07,2924.87,3056.0,2924.14,3014.69,3141891,ETH-USD,8182057104.048296
2022-08-08,3014.69,3133.95,3003.74,3103.27,4952507,ETH-USD,17757619655.738705
2022-08-09,3103.27,3128.83,2894.43,2914.97,4807425,ETH-USD,16764203392.208447
2022-08-10,2914.97,2928.55,2897.01,2900.31,3864887,ETH-USD,11516875641.858234
2022-08-11,2900.31,2960.57,2888.97,2950.55,3608947,ETH-USD,11818323456.553288
2022-08-12,2950.55,2987.68,2947.37,2977.83,1049839,ETH-USD,3575218411.5274615
2022-08-13,2977.83,3152.39,2937.21,3133.68,9514835,ETH-USD,32213475966.874287
2022-08-14,3133.68,3261.62,3124.58,3223.53,4675828,ETH-USD,12324357321.350357
2022-08-15,3223.53,3368.76,3172.89,3342.14,1525951,ETH-USD,4401523667.827248
2022-08-16,3342.14,3370.35,3309.54,3315.6,6030403,ETH-USD,16563277981.749931
2022-08-17,3315.6,3513.41,3303.16,3473.31,2123032,ETH-USD,5928299304.0819845
2022-08-18,3473.31,3475.79,3402.44,3412.34,3021052,ETH-USD,9508874502.298992
2022-08-19,3412.34,3414.43,3364.72,3387.92,2055825,ETH-USD,6665075604.331572
2022-08-20,3387.92,3422.99,3344.06,3392.86,4047684,ETH-USD,12310626340.470774
2022-08-21,3392.86,3421.35,3368.17,3413.93,2813946,ETH-USD,7933544518.189126
2022-08-22,3413.93,3738.36,3351.22,3674.75,2479488,ETH-USD,9220337531.279966
2022-08-23,3674.75,3685.38,3470.02,3486.62,15662319,ETH-USD,49657072948.11732
2022-08-24,3486.62,3488.37,3298.31,3306.49,11280903,ETH-USD,41717090160.42176
2022-08-25,3306.49,3307.22,3171.24,3196.62,1353944,ETH-USD,3476376417.2194014
2022-08-26,3196.62,3348.66,3195.57,3339.71,2791656,ETH-USD,10600717382.887236
2022-08-27,3339.71,3645.55,3291.83,3570.16,5720148,ETH-USD,24136606983.894947
2022-08-28,3570.16,3601.64,3354.6,3401.92,3659007,ETH-USD,13523798462.609652
2022-08-29,3401.92,3425.01,3370.37,3412.69,4015853,ETH-USD,14985685184.735785
2022-08-30,3412.69,3418.96,3322.92,3389.46,1208833,ETH-USD,4807863500.461338
2022-08-31,3389.46,3410.28,3296.62,3349.41,2765647,ETH-USD,8185303395.105231
2022-09-01,3349.41,3356.74,3086.88,3104.93,5515528,ETH-USD,20513167452.111866
2022-09-02,3104.93,3152.83,2916.75,2977.83,2059659,ETH-USD,6804252836.715395
2022-09-03,2977.83,3002.93,2839.83,2866.73,3577158,ETH-USD,11184116193.213583
2022-09-04,2866.73,2936.34,2865.41,2897.3,1908133,ETH-USD,5221253128.895477
2022-09-05,2897.3,3137.09,2839.42,3129.73,1637169,ETH-USD,5217720581.223189
2022-09-06,3129.73,3292.65,3089.83,3278.29,2100192,ETH-USD,7308930386.712471
2022-09-07,3278.29,3294.72,3045.32,3128.93,2573765,ETH-USD,8440785229.254918
2022-09-08,3128.93,3153.2,3095.32,3124.91,771570,ETH-USD,2608781111.827773
2022-09-09,3124.91,3176.85,3041.04,3091.6,3206171,ETH-USD,8256392263.298149
2022-09-10,3091.6,3097.16,2844.7,2858.13,3833700,ETH-USD,10324536634.75831
2022-09-11,2858.13,2869.0,2727.3,2739.24,7490388,ETH-USD,19976296142.099037
2022-09-12,2739.24,2791.49,2721.65,2749.1,3491883,ETH-USD,8680396528.921446
2022-09-13,2749.1,2761.74,2742.13,2748.53,2755438,ETH-USD,6581673629.002381
2022-09-14,2748.53,2869.78,2715.04,2856.15,6056160,ETH-USD,14799069303.428959
2022-09-15,2856.15,3020.78,2837.17,2984.87,3808692,ETH-USD,10760844974.128757
2022-09-16,2984.87,2989.6,2652.7,2665.12,1942086,ETH-USD,5162314219.852836
2022-09-17,2665.12,2795.88,2655.32,2780.63,4795021,ETH-USD,11002413860.41439
2022-09-18,2780.63,2784.91,2688.52,2696.08,2402417,ETH-USD,7633811419.777047
2022-09-19,2696.08,2718.99,2622.1,2660.13,1025714,ETH-USD,3018022602.3404098
2022-09-20,2660.13,2709.52,2498.48,2533.07,3193894,ETH-USD,8837426385.12815
2022-09-21,2533.07,2599.23,2502.15,2583.99,11399728,ETH-USD,25602192524.017593
2022-09-22,2583.99,2627.61,2570.9,2617.08,5699999,ETH-USD,15536726478.062529
2022-09-23,2617.08,2745.11,2609.62,2741.63,5276422,ETH-USD,14637997242.594797
2022-09-24,2741.63,2759.51,2667.08,2690.23,819407,ETH-USD,2629813728.8211784
2022-09-25,2690.23,3045.26,2664.82,3000.2,4537750,ETH-USD,14962894549.423458
2022-09-26,3000.2,3066.67,2995.3,3013.36,3486555,ETH-USD,10824634550.951916
2022-09-27,3013.36,3047.64,2976.15,2989.66,7035887,ETH-USD,23986635064.799145
2022-09-28,2989.66,3024.42,2978.62,2985.03,3115211,ETH-USD,8016087176.955524
2022-09-29,2985.03,3151.84,2969.03,3143.74,4800450,ETH-USD,12164948638.083717
2022-09-30,3143.74,3208.7,3129.29,3147.7,1921027,ETH-USD,6506939125.934314
2022-10-01,3147.7,3165.76,3034.1,3078.34,3183560,ETH-USD,8225448145.971642
2022-10-02,3078.34,3208.13,3044.65,3202.88,6066211,ETH-USD,16440596757.469414
2022-10-03,3202.88,3475.56,3190.8,3458.3,4173152,ETH-USD,15844505590.663805
2022-10-04,3458.3,3484.47,3106.26,3142.34,2603540,ETH-USD,7430287026.726996
2022-10-05,3142.34,3407.13,3139.62,3396.08,2482957,ETH-USD,8866184468.538279
2022-10-06,3396.08,3430.41,3340.75,3373.89,3261716,ETH-USD,12842041352.354061
2022-10-07,3373.89,3491.43,3340.92,3451.47,4297377,ETH-USD,13743428236.669426
2022-10-08,3451.47,3700.39,3446.03,3605.87,3836534,ETH-USD,12268826917.73565
2022-10-09,3605.87,3620.3,3589.93,3594.21,4034921,ETH-USD,12220047765.978191
2022-10-10,3594.21,3611.91,3577.8,3609.46,5122663,ETH-USD,15756939841.355156
2022-10-11,3609.46,3849.39,3595.01,3761.61,7378098,ETH-USD,22893581482.12814
2022-10-12,3761.61,3787.4,3741.22,3782.48,3189988,ETH-USD,10075852132.482252
2022-10-13,3782.48,3939.05,3744.7,3938.32,5905990,ETH-USD,22627057974.289356
2022-10-14,3938.32,4235.46,3919.64,4208.8,4960534,ETH-USD,19381911151.10262
2022-10-15,4208.8,4365.08,4186.47,4337.05,1500693,ETH-USD,7046347657.167245
2022-10-16,4337.05,4339.03,3702.02,3725.08,5737267,ETH-USD,24536867649.31778
2022-10-17,3725.08,3773.16,3710.9,3772.38,4617437,ETH-USD,19402881661.908836
2022-10-18,3772.38,3860.44,3759.5,3799.51,3841076,ETH-USD,14773057255.025969
2022-10-19,3799.51,3840.12,3112.85,3132.66,8822071,ETH-USD,23241697774.553646
2022-10-20,3132.66,3167.62,3025.83,3056.5,2081078,ETH-USD,6894531253.678534
2022-10-21,3056.5,3161.67,3050.46,3143.47,3340264,ETH-USD,9923899240.335674
2022-10-22,3143.47,3282.35,3137.06,3241.49,5050097,ETH-USD,13656704400.511124
2022-10-23,3241.49,3268.22,3126.64,3154.11,7608873,ETH-USD,27286793408.989777
2022-10-24,3154.11,3164.3,3063.39,3084.15,3130900,ETH-USD,9031282018.048197
2022-10-25,3084.15,3086.91,2953.62,2980.0,9111971,ETH-USD,24093441886.894123
2022-10-26,2980.0,3000.98,2899.37,2932.48,4145249,ETH-USD,13961987473.63659
2022-10-27,2932.48,2934.63,2753.88,2769.4,1194035,ETH-USD,3838664690.421854
2022-10-28,2769.4,2810.01,2555.8,2567.44,7719188,ETH-USD,18542006101.571766
2022-10-29,2567.44,2599.63,2404.47,2431.45,2904297,ETH-USD,6651516146.846042
2022-10-30,2431.45,2456.37,2386.36,2386.56,5324974,ETH-USD,13113149464.262314
2022-10-31,2386.56,2449.45,2384.09,2448.06,1725954,ETH-USD,4619777386.047025
2022-11-01,2448.06,2455.34,2437.75,2442.71,3016697,ETH-USD,6081269207.026766
2022-11-02,2442.71,2552.13,2424.78,2532.95,4833428,ETH-USD,12699947717.451092
2022-11-03,2532.95,2560.51,2366.46,2399.59,4016958,ETH-USD,11384954740.868534
2022-11-04,2399.59,2514.05,2392.93,2455.4,3327181,ETH-USD,7392124933.218246
2022-11-05,2455.4,2459.09,2368.13,2383.35,1904759,ETH-USD,5282089728.205015
2022-11-06,2383.35,2438.1,2378.95,2424.26,2721331,ETH-USD,7785156622.279018
2022-11-07,2424.26,2581.73,2408.69,2567.23,1186728,ETH-USD,2765284772.655982
2022-11-08,2567.23,2573.61,2267.94,2290.2,1869233,ETH-USD,4716204294.600326
2022-11-09,2290.2,2390.91,2286.37,2379.79,2421099,ETH-USD,5159666424.183394
2022-11-10,2379.79,2391.36,2322.03,2344.83,1559415,ETH-USD,4004099154.4767528
2022-11-11,2344.83,2369.56,2080.27,2101.53,10976072,ETH-USD,25810725002.055126
2022-11-12,2101.53,2219.09,2093.64,2197.62,2027597,ETH-USD,4005318519.018257
2022-11-13,2197.62,2286.92,2183.11,2258.67,1766760,ETH-USD,4335101175.931284
2022-11-14,2258.67,2323.61,2253.76,2318.15,1341365,ETH-USD,3497679061.8622103
2022-11-15,2318.15,2339.7,2252.35,2277.95,4860396,ETH-USD,10445427937.494873
2022-11-16,2277.95,2333.49,2276.33,2304.62,3637488,ETH-USD,7268764875.170478
2022-11-17,2304.62,2318.49,2281.59,2311.6,3495867,ETH-USD,6762104891.087901
2022-11-18,2311.6,2364.51,2207.9,2220.33,6673489,ETH-USD,15264130600.373898
2022-11-19,2220.33,2232.04,2097.82,2122.19,5053608,ETH-USD,12775703050.574867
2022-11-20,2122.19,2148.55,1946.41,1953.27,4583576,ETH-USD,10109506205.311544
2022-11-21,1953.27,1990.46,1883.27,1889.71,2762005,ETH-USD,5085437329.0768
2022-11-22,1889.71,1893.97,1870.89,1876.48,2165303,ETH-USD,4122666229.398595
2022-11-23,1876.48,1887.04,1858.27,1871.22,3521372,ETH-USD,6008162328.389901
2022-11-24,1871.22,1917.04,1864.97,1902.25,2884829,ETH-USD,4748073176.362317
2022-11-25,1902.25,1908.76,1789.16,1803.15,2642674,ETH-USD,4730983324.272092
2022-11-26,1803.15,1883.64,1801.67,1833.9,4162090,ETH-USD,7521421922.707372
2022-11-27,1833.9,1834.11,1807.78,1816.16,4315820,ETH-USD,7906976366.00653
2022-11-28,1816.16,1827.92,1780.09,1795.14,4030051,ETH-USD,8544832703.68308
2022-11-29,1795.14,1806.17,1631.75,1653.55,5629142,ETH-USD,9694893551.332039
2022-11-30,1653.55,1712.83,1651.24,1695.06,1209669,ETH-USD,2137213968.1381156
2022-12-01,1695.06,1744.42,1681.3,1737.53,2168100,ETH-USD,3206625854.655435
2022-12-02,1737.53,1809.64,1736.44,1804.42,8154442,ETH-USD,17636180697.440926
2022-12-03,1804.42,1836.85,1710.56,1723.28,2836172,ETH-USD,5420932367.462619
2022-12-04,1723.28,1733.89,1692.07,1726.43,2517647,ETH-USD,5002353277.19158
2022-12-05,1726.43,1731.06,1537.89,1543.0,3981666,ETH-USD,5933105249.397544
2022-12-06,1543.0,1548.52,1525.73,1526.91,2383688,ETH-USD,3642775276.6314178
2022-12-07,1526.91,1531.04,1503.69,1504.99,2931435,ETH-USD,4450751926.87019
2022-12-08,1504.99,1570.42,1501.34,1542.32,3102795,ETH-USD,4199938210.802896
2022-12-09,1542.32,1624.36,1536.98,1613.75,1887146,ETH-USD,3276208593.048439
2022-12-10,1613.75,1648.34,1598.8,1641.36,1993651,ETH-USD,3799763138.1106534
2022-12-11,1641.36,1682.83,1617.62,1662.3,1724592,ETH-USD,2481155459.1899114
2022-12-12,1662.3,1688.67,1570.99,1590.92,2662113,ETH-USD,3534397416.237766
2022-12-13,1590.92,1604.36,1555.11,1599.16,4394945,ETH-USD,7697922220.178496
2022-12-14,1599.16,1603.2,1595.22,1598.94,3189906,ETH-USD,4637757552.452652
2022-12-15,1598.94,1622.48,1504.67,1518.99,1913540,ETH-USD,3050658054.32008
2022-12-16,1518.99,1700.21,1517.81,1674.8,4180812,ETH-USD,7550305765.042416
2022-12-17,1674.8,1688.98,1622.16,1644.63,3439694,ETH-USD,5254041913.44104
2022-12-18,1644.63,1659.66,1625.94,1635.59,3642725,ETH-USD,6709057765.0266905
2022-12-19,1635.59,1686.33,1630.54,1679.12,5753601,ETH-USD,9854163663.884026
2022-12-20,1679.12,1722.83,1650.2,1664.2,2557948,ETH-USD,4885259963.767395
2022-12-21,1664.2,1686.45,1634.48,1682.21,3238620,ETH-USD,6021812362.071071
2022-12-22,1682.21,1683.48,1665.46,1670.44,3167123,ETH-USD,6070467066.666476
2022-12-23,1670.44,1888.73,1644.72,1880.65,3130734,ETH-USD,4757734512.071946
2022-12-24,1880.65,1937.31,1871.54,1936.22,5403661,ETH-USD,9389232094.00734
2022-12-25,1936.22,1952.66,1934.5,1951.04,3858019,ETH-USD,6292720797.408481
2022-12-26,1951.04,1957.04,1824.04,1873.27,7572568,ETH-USD,13856832736.904795
2022-12-27,1873.27,1908.5,1817.39,1840.29,2691080,ETH-USD,5724857963.890894
2022-12-28,1840.29,1844.44,1711.71,1725.24,2943385,ETH-USD,5012112726.86364
2022-12-29,1725.24,1735.12,1674.49,1680.3,6743593,ETH-USD,12916334995.897108
2022-12-30,1680.3,1685.48,1603.75,1614.45,3778590,ETH-USD,5678635702.752683
2022-12-31,1614.45,1623.26,1597.42,1597.56,1529965,ETH-USD,2287361055.6426673
2023-01-01,1597.56,1636.13,1589.54,1628.82,4332617,ETH-USD,8173653295.331781
2023-01-02,1628.82,1672.26,1469.79,1475.59,2979875,ETH-USD,4266598760.1035113
2023-01-03,1475.59,1607.83,1451.56,1598.76,2307775,ETH-USD,4117223348.180912
2023-01-04,1598.76,1652.82,1583.2,1652.45,3544998,ETH-USD,5240842275.575677
2023-01-05,1652.45,1761.08,1625.84,1737.66,2060068,ETH-USD,4222326290.911247
2023-01-06,1737.66,1749.59,1704.48,1716.17,3519146,ETH-USD,6219617510.477408
2023-01-07,1716.17,1808.98,1716.08,1790.12,5344210,ETH-USD,10559133527.058788
2023-01-08,1790.12,1800.67,1698.13,1704.05,4070949,ETH-USD,5798072282.21839
2023-01-09,1704.05,1720.31,1577.02,1592.57,2226689,ETH-USD,3535752574.7315216
2023-01-10,1592.57,1609.51,1566.28,1605.05,3568603,ETH-USD,6646611361.588622
2023-01-11,1605.05,1649.92,1577.7,1641.97,5537074,ETH-USD,10462879654.27801
2023-01-12,1641.97,1645.07,1604.51,1618.53,3248541,ETH-USD,4304745364.995111
2023-01-13,1618.53,1629.31,1585.32,1593.29,1398499,ETH-USD,2053253706.9477167
2023-01-14,1593.29,1606.0,1584.03,1592.92,1952227,ETH-USD,3039237383.133957
2023-01-15,1592.92,1722.42,1582.21,1692.62,3010814,ETH-USD,4428087091.794269
2023-01-16,1692.62,1701.69,1588.81,1616.96,3900370,ETH-USD,6886958303.658017
2023-01-17,1616.96,1619.09,1544.62,1551.31,2938308,ETH-USD,3983000260.1075964
2023-01-18,1551.31,1635.24,1532.42,1624.29,5875560,ETH-USD,8958168768.18412
2023-01-19,1624.29,1768.11,1612.95,1766.2,3475730,ETH-USD,6539775437.325566
2023-01-20,1766.2,2055.16,1747.35,2023.78,3077766,ETH-USD,6184097083.152734
2023-01-21,2023.78,2027.57,1900.83,1938.14,4702294,ETH-USD,9983410433.686506
2023-01-22,1938.14,1996.89,1936.39,1987.6,7307735,ETH-USD,17204445073.428936
2023-01-23,1987.6,1992.6,1962.03,1963.6,2407735,ETH-USD,4002667854.986796
2023-01-24,1963.6,1972.26,1807.17,1814.54,2545280,ETH-USD,5005668807.51543
2023-01-25,1814.54,1920.86,1786.39,1888.32,6938512,ETH-USD,11688904502.885046
2023-01-26,1888.32,2015.93,1883.7,2015.55,2145994,ETH-USD,4177390691.1113954
2023-01-27,2015.55,2044.94,1953.05,1987.42,1551076,ETH-USD,2506633145.307232
2023-01-28,1987.42,1990.44,1954.21,1989.76,9844518,ETH-USD,16735456432.412987
2023-01-29,1989.76,2066.57,1973.65,2046.49,1748704,ETH-USD,3320719664.2949986
2023-01-30,2046.49,2078.58,2010.06,2024.52,5796318,ETH-USD,10993058148.197592
2023-01-31,2024.52,2033.66,1887.21,1900.96,6069999,ETH-USD,13383122900.974083
2023-02-01,1900.96,1916.58,1806.62,1813.96,7248455,ETH-USD,14420189293.122011
2023-02-02,1813.96,1828.98,1736.25,1761.68,3300701,ETH-USD,6913034768.938093
2023-02-03,1761.68,1768.2,1760.99,1762.15,5953104,ETH-USD,10905976662.125622
2023-02-04,1762.15,1772.93,1683.93,1696.96,2512539,ETH-USD,3823178371.4208746
2023-02-05,1696.96,1705.94,1690.87,1704.09,4635911,ETH-USD,7355398810.392907
2023-02-06,1704.09,1740.86,1685.69,1693.63,3527622,ETH-USD,5543931313.98666
2023-02-07,1693.63,1791.11,1675.09,1783.31,3135247,ETH-USD,5203081099.156529
2023-02-08,1783.31,1826.3,1627.27,1634.25,3588049,ETH-USD,6269457866.225259
2023-02-09,1634.25,1784.99,1599.31,1777.88,2238125,ETH-USD,4028153023.477882
2023-02-10,1777.88,1778.9,1712.51,1731.44,3038871,ETH-USD,5020480901.282458
2023-02-11,1731.44,1745.72,1703.27,1712.56,2481648,ETH-USD,3653427762.398299
2023-02-12,1712.56,1792.09,1689.29,1773.36,1566203,ETH-USD,2246549495.868647
2023-02-13,1773.36,1773.46,1693.77,1714.44,2361376,ETH-USD,3593125378.895535
2023-02-14,1714.44,1724.23,1639.73,1657.21,3626280,ETH-USD,5065946065.402771
2023-02-15,1657.21,1714.64,1639.88,1713.82,3528716,ETH-USD,6738085181.9980955
2023-02-16,1713.82,1897.21,1702.61,1867.51,2946775,ETH-USD,4650141858.943527
2023-02-17,1867.51,1907.74,1854.69,1857.17,3503467,ETH-USD,7090113251.123051
2023-02-18,1857.17,1863.43,1767.92,1770.52,1515876,ETH-USD,2561137031.8847113
2023-02-19,1770.52,1789.66,1753.96,1767.17,3119142,ETH-USD,4571429598.127433
2023-02-20,1767.17,1792.38,1548.6,1550.91,4792323,ETH-USD,8362203305.353678
2023-02-21,1550.91,1559.19,1488.44,1490.64,2011460,ETH-USD,3093867268.1265936
2023-02-22,1490.64,1500.17,1402.47,1416.63,5059007,ETH-USD,6409249557.46142
2023-02-23,1416.63,1475.33,1396.83,1475.27,1728356,ETH-USD,2952333677.963679
2023-02-24,1475.27,1500.31,1399.65,1414.56,4701473,ETH-USD,5440808967.323004
2023-02-25,1414.56,1417.43,1358.45,1375.9,6835826,ETH-USD,8283609100.826457
2023-02-26,1375.9,1399.25,1353.75,1373.53,1236722,ETH-USD,1869933071.372834
2023-02-27,1373.53,1453.13,1372.56,1440.29,1914629,ETH-USD,2988574993.6354747
2023-02-28,1440.29,1460.05,1379.41,1401.56,1803215,ETH-USD,2314283374.6433477
2023-03-01,1401.56,1404.53,1398.43,1403.02,2669804,ETH-USD,3089563550.1076245
2023-03-02,1403.02,1446.92,1395.72,1425.45,2197960,ETH-USD,3581837278.8180294
2023-03-03,1425.45,1427.89,1310.22,1320.31,5227665,ETH-USD,6387784503.411955
2023-03-04,1320.31,1328.75,1214.38,1217.9,3631217,ETH-USD,3884181183.17609
2023-03-05,1217.9,1228.05,1118.53,1119.08,2878430,ETH-USD,3241888739.157718
2023-03-06,1119.08,1124.16,1082.3,1093.5,3479969,ETH-USD,4429768690.90749
2023-03-07,1093.5,1097.32,1077.61,1087.12,2397733,ETH-USD,2130702612.410333
2023-03-08,1087.12,1097.4,1049.92,1057.65,2527673,ETH-USD,2957632900.8230376
2023-03-09,1057.65,1075.94,1001.98,1006.89,3210027,ETH-USD,3325841652.061041
2023-03-10,1006.89,1012.4,980.24,1009.3,6083502,ETH-USD,5956979255.9078455
2023-03-11,1009.3,1073.58,1003.17,1069.21,7550482,ETH-USD,8861240394.820461
2023-03-12,1069.21,1074.02,1055.42,1064.37,1352031,ETH-USD,1707201184.1696305
2023-03-13,1064.37,1125.73,1052.25,1108.25,6634096,ETH-USD,6555860858.234352
2023-03-14,1108.25,1122.34,1084.17,1114.51,3245550,ETH-USD,3101598725.0642595
2023-03-15,1114.51,1119.71,1065.8,1074.59,4547567,ETH-USD,5693833276.691657
2023-03-16,1074.59,1090.6,997.53,998.64,3564696,ETH-USD,3800426924.3003826
2023-03-17,998.64,1036.46,987.87,1023.34,2572604,ETH-USD,2567344172.5154705
2023-03-18,1023.34,1077.27,1014.6,1061.2,1043657,ETH-USD,1139983642.223479
2023-03-19,1061.2,1076.23,1056.37,1072.19,3238403,ETH-USD,3813309913.725242
2023-03-20,1072.19,1145.59,1063.7,1130.55,1918073,ETH-USD,2405302834.1717396
2023-03-21,1130.55,1185.98,1107.44,1180.48,4503864,ETH-USD,6209705521.232293
2023-03-22,1180.48,1189.38,1073.27,1088.13,3592314,ETH-USD,3794518808.2559633
2023-03-23,1088.13,1091.38,995.17,1008.72,1376692,ETH-USD,1273940914.7530155
2023-03-24,1008.72,1099.68,1005.45,1097.68,2897365,ETH-USD,3358053767.9163756
2023-03-25,1097.68,1104.19,993.91,1005.83,1621145,ETH-USD,1575630765.929713
2023-03-26,1005.83,1009.74,922.28,922.68,2809429,ETH-USD,2690291344.1055784
2023-03-27,922.68,933.92,870.41,871.01,3717375,ETH-USD,3134240540.0840898
2023-03-28,871.01,871.83,839.19,842.58,2135876,ETH-USD,1549852446.753114
2023-03-29,842.58,847.92,840.54,844.53,10511595,ETH-USD,8768793465.301964
2023-03-30,844.53,866.96,781.38,783.32,3329157,ETH-USD,2806945097.7776356
2023-03-31,783.32,789.25,761.22,766.26,2343541,ETH-USD,2010738689.5474553
2023-04-01,766.26,775.26,758.38,764.34,2534603,ETH-USD,1932126859.5541487
2023-04-02,764.34,777.04,719.32,727.33,5464790,ETH-USD,3442473362.8973207
2023-04-03,727.33,737.75,716.8,734.67,1632430,ETH-USD,1158371426.6688902
2023-04-04,734.67,736.47,662.15,673.99,4062876,ETH-USD,3051925589.5979896
2023-04-05,673.99,683.42,649.87,659.79,3165381,ETH-USD,2015689827.2068427
2023-04-06,659.79,667.33,651.83,660.51,4613510,ETH-USD,3286822406.5861144
2023-04-07,660.51,693.89,646.26,692.5,4158888,ETH-USD,2888340187.6842113
2023-04-08,692.5,692.8,679.89,682.42,3072774,ETH-USD,1879868419.4318228
2023-04-09,682.42,684.26,651.12,654.64,6067148,ETH-USD,4442297737.271616
2023-04-10,654.64,655.4,627.35,631.41,3715610,ETH-USD,1955887022.8586285
2023-04-11,631.41,631.72,607.13,617.05,1713568,ETH-USD,1067884301.6193566
2023-04-12,617.05,633.21,605.31,632.87,2830153,ETH-USD,1582554617.509891
2023-04-13,632.87,684.27,632.53,679.41,3041673,ETH-USD,1708672045.8450255
2023-04-14,679.41,681.65,674.85,680.13,2444486,ETH-USD,1664519411.4523106
2023-04-15,680.13,680.98,676.02,680.98,6322363,ETH-USD,4304648717.722254
2023-04-16,680.98,730.71,678.89,719.33,6606388,ETH-USD,5145464638.111745
2023-04-17,719.33,731.23,718.32,726.81,3084179,ETH-USD,2461066588.818546
2023-04-18,726.81,738.33,686.8,692.94,3229766,ETH-USD,2441956095.423835
2023-04-19,692.94,694.48,667.46,670.49,1199262,ETH-USD,775003896.0177276
2023-04-20,670.49,679.08,661.85,673.53,2270706,ETH-USD,1609950556.5498848
2023-04-21,673.53,688.49,647.35,653.37,1545828,ETH-USD,1041083445.7629311
2023-04-22,653.37,681.37,652.38,680.14,2276831,ETH-USD,1499977185.1946576
2023-04-23,680.14,685.9,670.28,672.5,1535270,ETH-USD,1072616715.177788
2023-04-24,672.5,687.4,663.53,685.15,1646715,ETH-USD,1330089173.3547943
2023-04-25,685.15,686.82,629.64,633.31,5079175,ETH-USD,2821545784.8925056
2023-04-26,633.31,637.76,615.27,616.63,6749782,ETH-USD,4837666624.284642
2023-04-27,616.63,620.41,596.69,601.6,3420479,ETH-USD,1690207584.0596256
2023-04-28,601.6,632.67,594.72,622.54,6825562,ETH-USD,3923509466.364164
2023-04-29,622.54,628.1,618.43,626.46,2528949,ETH-USD,1450030035.5235045
2023-04-30,626.46,667.32,617.34,663.68,2695449,ETH-USD,1879338197.0453405
2023-05-01,663.68,665.46,609.06,612.65,4385353,ETH-USD,2290373335.732249
2023-05-02,612.65,624.53,611.12,612.04,4659787,ETH-USD,3288154525.955995
2023-05-03,612.04,613.14,603.52,608.95,5139279,ETH-USD,3540853004.1238766
2023-05-04,608.95,664.44,608.69,659.88,2041280,ETH-USD,1428932900.7035036
2023-05-05,659.88,664.92,658.59,660.65,4856647,ETH-USD,3155171423.0079117
2023-05-06,660.65,690.58,640.17,688.12,3737141,ETH-USD,3016957621.807414
2023-05-07,688.12,689.23,663.48,670.36,2950410,ETH-USD,2239501936.857226
2023-05-08,670.36,699.85,661.04,687.9,2999366,ETH-USD,2062698659.3115091
2023-05-09,687.9,694.2,685.54,690.08,2073869,ETH-USD,1546698770.7216861
2023-05-10,690.08,700.08,684.26,699.97,8382282,ETH-USD,6024426404.587855
2023-05-11,699.97,713.24,628.35,635.29,938981,ETH-USD,617509145.4163384
2023-05-12,635.29,645.91,634.73,644.79,6031764,ETH-USD,3626272534.054164
2023-05-13,644.79,652.84,606.02,620.3,3223228,ETH-USD,1969045592.1313016
2023-05-14,620.3,620.68,580.33,584.56,1674458,ETH-USD,813643698.8515787
2023-05-15,584.56,591.34,574.41,577.17,2004119,ETH-USD,1090714465.1343832
2023-05-16,577.17,584.91,558.0,568.58,6596459,ETH-USD,4044405578.305899
2023-05-17,568.58,573.28,534.83,537.11,4145995,ETH-USD,2630553995.7778387
2023-05-18,537.11,549.11,522.85,531.2,4647554,ETH-USD,2926062179.7653575
2023-05-19,531.2,556.11,529.36,555.29,1973953,ETH-USD,1120547860.7901092
2023-05-20,555.29,573.33,545.84,572.96,1889127,ETH-USD,1128557128.9523342
2023-05-21,572.96,575.77,513.21,518.79,2025879,ETH-USD,918882227.8904072
2023-05-22,518.79,535.02,518.67,528.08,3840452,ETH-USD,2186504977.154715
2023-05-23,528.08,529.8,498.88,503.59,9637042,ETH-USD,4019660567.515308
2023-05-24,503.59,507.95,485.98,489.32,1436441,ETH-USD,642343319.4703012
2023-05-25,489.32,490.61,470.41,470.42,2798391,ETH-USD,1405073784.2733397
2023-05-26,470.42,471.39,458.88,462.16,3161689,ETH-USD,1350335784.385966
2023-05-27,462.16,466.68,458.85,460.84,6329252,ETH-USD,2391574789.8293104
2023-05-28,460.84,460.91,445.96,451.1,5451500,ETH-USD,2785622170.8599143
2023-05-29,451.1,461.38,449.13,459.96,4598337,ETH-USD,1954586396.7238867
2023-05-30,459.96,535.1,456.48,527.07,4615681,ETH-USD,2007638215.6163466
2023-05-31,527.07,530.67,516.3,523.27,2246436,ETH-USD,975559225.126785
2023-06-01,523.27,529.61,498.81,506.87,2280540,ETH-USD,1041156803.2761405
2023-06-02,506.87,515.7,503.74,512.61,6024905,ETH-USD,2690656912.8749175
2023-06-03,512.61,515.39,507.24,512.13,1513024,ETH-USD,859883203.3539721
2023-06-04,512.13,516.55,484.3,486.47,1336640,ETH-USD,603856332.6318954
2023-06-05,486.47,502.16,478.64,496.57,3850818,ETH-USD,2145256490.9365053
2023-06-06,496.57,497.8,477.79,480.96,3674878,ETH-USD,1536882445.5271542
2023-06-07,480.96,481.4,474.15,475.55,2365693,ETH-USD,1121800921.8311813
2023-06-08,475.55,482.4,456.24,463.56,2673651,ETH-USD,1332618770.7040179
2023-06-09,463.56,469.47,439.47,440.33,6612834,ETH-USD,3088857757.497205
2023-06-10,440.33,453.41,437.85,451.02,1779207,ETH-USD,834918780.3725384
2023-06-11,451.02,456.02,444.08,451.24,9743542,ETH-USD,5143797050.338232
2023-06-12,451.24,451.97,431.67,433.48,2831833,ETH-USD,1094244150.3802147
2023-06-13,433.48,438.96,427.07,436.49,1937076,ETH-USD,843390102.2547936
2023-06-14,436.49,443.52,435.14,442.83,3969906,ETH-USD,2028016032.813693
2023-06-15,442.83,443.47,426.1,428.39,1343647,ETH-USD,478418365.1206767
2023-06-16,428.39,428.96,422.8,424.64,1309226,ETH-USD,457188209.93978274
2023-06-17,424.64,431.08,424.6,429.72,5220359,ETH-USD,2003980260.164972
2023-06-18,429.72,443.43,427.82,442.88,3061594,ETH-USD,1428065137.0460966
2023-06-19,442.88,476.09,442.07,473.06,1832411,ETH-USD,783581936.4246006
2023-06-20,473.06,488.7,472.16,483.77,3766810,ETH-USD,1596483087.3571947
2023-06-21,483.77,502.38,483.75,500.08,2619229,ETH-USD,1288239351.2532656
2023-06-22,500.08,502.84,462.62,468.64,1823754,ETH-USD,893520258.671195
2023-06-23,468.64,472.36,464.48,471.03,3127351,ETH-USD,1324918684.4239056
2023-06-24,471.03,474.13,468.37,471.65,2280958,ETH-USD,990046168.7415639
2023-06-25,471.65,489.79,468.11,484.9,3302699,ETH-USD,1674223870.2855883
2023-06-26,484.9,488.19,477.16,485.49,4476612,ETH-USD,2560848663.817248
2023-06-27,485.49,524.16,480.05,519.35,2265496,ETH-USD,1258824770.047187
2023-06-28,519.35,523.11,499.45,501.23,2637815,ETH-USD,1471768925.558308
2023-06-29,501.23,521.34,499.65,517.86,5834700,ETH-USD,2860581346.260856
2023-06-30,517.86,537.95,516.13,529.53,3683924,ETH-USD,1773038509.4266
2023-07-01,529.53,529.75,524.3,524.35,3256441,ETH-USD,1676279435.5208983
2023-07-02,524.35,574.56,518.25,566.34,3235601,ETH-USD,2057572524.3411982
2023-07-03,566.34,569.74,551.37,557.5,1205983,ETH-USD,660583001.2319264
2023-07-04,557.5,587.41,553.24,582.34,2784441,ETH-USD,1846376275.4540515
2023-07-05,582.34,586.31,559.54,560.91,2927072,ETH-USD,1962814974.1968873
2023-07-06,560.91,564.6,539.39,540.61,4058895,ETH-USD,1818642027.2906091
2023-07-07,540.61,542.29,503.84,511.6,2782876,ETH-USD,1164836016.651859
2023-07-08,511.6,517.26,490.76,493.08,1567286,ETH-USD,664478916.9512254
2023-07-09,493.08,493.56,484.25,485.36,4120678,ETH-USD,1907507446.965137
2023-07-10,485.36,486.29,474.42,476.37,5310689,ETH-USD,2156489341.2678432
2023-07-11,476.37,493.34,472.93,485.64,2048907,ETH-USD,1142560282.7947843
2023-07-12,485.64,546.23,479.22,533.23,3351640,ETH-USD,1446302743.3758016
2023-07-13,533.23,567.61,531.96,556.72,7877986,ETH-USD,4062671459.2269773
2023-07-14,556.72,559.94,539.52,542.91,5533765,ETH-USD,2625423000.990038
2023-07-15,542.91,556.43,540.89,550.73,1321418,ETH-USD,853364690.8280481
2023-07-16,550.73,553.38,515.69,517.8,3449076,ETH-USD,1907004142.4933407
2023-07-17,517.8,527.75,474.91,484.1,3351763,ETH-USD,1890010685.383477
2023-07-18,484.1,488.21,460.57,467.35,2956393,ETH-USD,1642711282.9573746
2023-07-19,467.35,472.25,453.25,463.28,5077298,ETH-USD,2349480400.627474
2023-07-20,463.28,476.69,456.98,470.65,1651004,ETH-USD,694466625.6607925
2023-07-21,470.65,502.96,459.86,501.05,4136631,ETH-USD,1818740652.0457175
2023-07-22,501.05,517.42,499.04,514.96,3180182,ETH-USD,1456159921.0023005
2023-07-23,514.96,516.67,495.39,496.06,3162989,ETH-USD,1699948180.1765304
2023-07-24,496.06,497.13,484.08,486.52,1452562,ETH-USD,576793577.3284198
2023-07-25,486.52,487.16,484.31,484.79,2250547,ETH-USD,895248993.2143866
2023-07-26,484.79,488.69,465.67,468.7,4183959,ETH-USD,2045849840.93797
2023-07-27,468.7,490.7,468.37,489.71,3509950,ETH-USD,1816528017.845494
2023-07-28,489.71,528.64,477.66,524.3,3047740,ETH-USD,1703561521.285659
2023-07-29,524.3,551.25,524.01,550.74,2426708,ETH-USD,1267993241.9894943
2023-07-30,550.74,561.91,536.21,543.75,2515742,ETH-USD,1535339765.8536158
2023-07-31,543.75,546.5,536.78,540.2,2533481,ETH-USD,1386993698.0741866
2023-08-01,540.2,544.28,498.78,515.71,4836259,ETH-USD,2100502734.9757478
2023-08-02,515.71,520.2,502.36,510.55,2700792,ETH-USD,1542756184.4285192
2023-08-03,510.55,515.09,448.46,454.64,2938970,ETH-USD,1578324156.211401
2023-08-04,454.64,454.88,432.45,436.83,6452625,ETH-USD,2322649889.4764957
2023-08-05,436.83,481.97,430.46,473.71,9067193,ETH-USD,4108552035.007936
2023-08-06,473.71,474.58,465.33,466.23,1629488,ETH-USD,755922485.0970911
2023-08-07,466.23,505.76,460.67,498.26,2840224,ETH-USD,1215048419.007957
2023-08-08,498.26,505.36,496.07,505.28,3517072,ETH-USD,2038489271.7186892
2023-08-09,505.28,528.1,498.04,525.93,9779697,ETH-USD,4699351044.645109
2023-08-10,525.93,527.09,499.93,500.46,5050070,ETH-USD,2813463594.837561
2023-08-11,500.46,502.63,483.33,486.18,2857562,ETH-USD,1484313828.0681105
2023-08-12,486.18,517.41,477.35,510.46,3842066,ETH-USD,2038136821.160141
2023-08-13,510.46,517.19,506.88,514.46,4692777,ETH-USD,2116948890.1531274
2023-08-14,514.46,516.1,510.78,511.75,3163329,ETH-USD,1437979803.872871
2023-08-15,511.75,517.13,505.91,512.25,1652939,ETH-USD,693410700.8801656
2023-08-16,512.25,525.01,510.35,521.46,3822044,ETH-USD,1786334546.8535619
2023-08-17,521.46,527.3,486.7,491.5,5323640,ETH-USD,2454806072.195642
2023-08-18,491.5,510.12,491.1,501.36,4740635,ETH-USD,2693487971.351611
2023-08-19,501.36,510.86,496.53,502.12,2381354,ETH-USD,1131822393.899193
2023-08-20,502.12,510.19,449.62,455.13,5652541,ETH-USD,2834661158.970236
2023-08-21,455.13,456.78,452.26,453.21,2784169,ETH-USD,1231248220.1736956
2023-08-22,453.21,454.22,385.24,389.26,1593276,ETH-USD,690868588.8689989
2023-08-23,389.26,412.68,382.27,407.43,1771887,ETH-USD,859451902.7624204
2023-08-24,407.43,407.85,393.99,395.93,5491988,ETH-USD,1948162947.5437148
2023-08-25,395.93,408.88,394.64,408.43,3593252,ETH-USD,1680299762.3417416
2023-08-26,408.43,426.72,405.24,426.45,3654408,ETH-USD,1634363640.3010886
2023-08-27,426.45,449.53,421.45,444.69,4227421,ETH-USD,2118483402.3555956
2023-08-28,444.69,446.54,427.87,431.62,4773365,ETH-USD,2185203550.3416777
2023-08-29,431.62,438.28,428.16,437.43,1785246,ETH-USD,757164412.6685131
2023-08-30,437.43,442.32,414.38,415.88,2874255,ETH-USD,1065327446.3691767
2023-08-31,415.88,423.62,405.55,405.79,1213376,ETH-USD,407694138.9900279
2023-09-01,405.79,410.36,330.6,332.37,1579658,ETH-USD,532490225.4222837
2023-09-02,332.37,333.34,325.74,330.11,4721422,ETH-USD,1864275284.1253
2023-09-03,330.11,335.36,325.91,333.36,1691455,ETH-USD,617552667.1013879
2023-09-04,333.36,336.09,257.28,260.76,7721644,ETH-USD,1874440272.3653724
2023-09-05,260.76,279.65,260.66,279.03,2919827,ETH-USD,921351357.723148
2023-09-06,279.03,286.23,273.99,280.35,2384486,ETH-USD,740415965.7577698
2023-09-07,280.35,282.53,278.41,278.63,3102167,ETH-USD,788858957.2211506
2023-09-08,278.63,296.29,276.01,294.14,2801783,ETH-USD,664009576.3843256
2023-09-09,294.14,318.11,292.66,316.86,6867736,ETH-USD,1843742662.0848856
2023-09-10,316.86,317.36,306.08,306.28,1782682,ETH-USD,628403491.2232877
2023-09-11,306.28,315.12,304.31,314.99,11003089,ETH-USD,3932455553.155649
2023-09-12,314.99,329.8,314.68,329.64,2870958,ETH-USD,868858340.2376188
2023-09-13,329.64,333.22,317.5,318.52,1788616,ETH-USD,520759445.5654023
2023-09-14,318.52,322.43,276.87,280.65,3939487,ETH-USD,1235135633.0383353
2023-09-15,280.65,286.9,262.89,263.55,3958476,ETH-USD,1225925307.805514
2023-09-16,263.55,267.43,260.57,263.67,1685517,ETH-USD,494041969.1118002
2023-09-17,263.67,276.66,262.56,274.68,3127438,ETH-USD,895323389.7408139
2023-09-18,274.68,294.17,271.42,292.07,4955685,ETH-USD,1298423210.8634088
2023-09-19,292.07,305.43,288.74,302.48,5140611,ETH-USD,1570946517.66136
2023-09-20,302.48,308.89,284.62,287.57,1987949,ETH-USD,510736704.5791833
2023-09-21,287.57,289.84,276.87,280.44,5521738,ETH-USD,1739300474.8234694
2023-09-22,280.44,296.35,276.35,292.96,2391936,ETH-USD,669057142.2907408
2023-09-23,292.96,301.76,289.7,299.21,2822129,ETH-USD,957120020.5222938
2023-09-24,299.21,301.64,287.8,289.32,2106947,ETH-USD,580714354.6161374
2023-09-25,289.32,289.53,272.12,274.1,1792929,ETH-USD,555162070.8079103
2023-09-26,274.1,275.56,253.64,254.81,4104472,ETH-USD,976129984.362987
2023-09-27,254.81,256.32,247.04,252.53,4701373,ETH-USD,1158807039.0927222
2023-09-28,252.53,255.42,231.87,231.89,4255485,ETH-USD,1032390209.5617046
2023-09-29,231.89,234.03,212.39,216.48,2206309,ETH-USD,395525775.7700455
2023-09-30,216.48,217.97,211.06,213.36,1984983,ETH-USD,499445112.81458515
2023-10-01,213.36,217.47,199.91,202.39,1365637,ETH-USD,284528871.1839874
2023-10-02,202.39,203.64,192.33,192.64,5424690,ETH-USD,1048281086.1576723
2023-10-03,192.64,197.15,189.22,191.42,13255353,ETH-USD,2881802786.1036096
2023-10-04,191.42,193.94,190.44,193.21,2455171,ETH-USD,543765397.4073513
2023-10-05,193.21,197.2,191.41,194.79,8969697,ETH-USD,1762764694.9573379
2023-10-06,194.79,195.42,187.97,189.3,6383708,ETH-USD,1414963581.8526912
2023-10-07,189.3,190.22,180.23,182.4,6703234,ETH-USD,1009797071.9935118
2023-10-08,182.4,196.83,182.32,193.88,2625384,ETH-USD,430260759.2282194
2023-10-09,193.88,199.51,193.39,196.41,3282974,ETH-USD,669772889.0950382
2023-10-10,196.41,197.87,195.68,196.53,1900123,ETH-USD,351632630.6144425
2023-10-11,196.53,197.35,192.88,195.51,3511995,ETH-USD,676804510.7557458
2023-10-12,195.51,203.84,190.82,202.16,4263250,ETH-USD,802590056.7950125
2023-10-13,202.16,203.27,193.07,193.97,3775507,ETH-USD,704425893.6365954
2023-10-14,193.97,209.95,191.99,209.85,4270971,ETH-USD,1011933691.6795782
2023-10-15,209.85,219.99,207.05,219.18,1537499,ETH-USD,349589212.4174555
2023-10-16,219.18,227.02,218.19,224.54,3529843,ETH-USD,950267262.1845248
2023-10-17,224.54,231.67,223.44,229.06,6543897,ETH-USD,1670951507.8637707
2023-10-18,229.06,241.15,228.46,238.42,1579616,ETH-USD,342516040.6061938
2023-10-19,238.42,243.24,234.69,239.82,3526177,ETH-USD,765935358.0417145
2023-10-20,239.82,242.46,238.51,241.05,1994833,ETH-USD,449290872.8923691
2023-10-21,241.05,255.04,240.96,254.21,5190005,ETH-USD,1500503090.1566458
2023-10-22,254.21,261.18,247.1,251.26,4161659,ETH-USD,847940177.1599253
2023-10-23,251.26,257.56,250.73,254.88,2165762,ETH-USD,492432428.413248
2023-10-24,254.88,269.27,252.2,269.12,2552926,ETH-USD,798322063.7223494
2023-10-25,269.12,271.65,251.87,254.39,438203,ETH-USD,117712413.10279354
2023-10-26,254.39,255.33,243.1,244.59,3041179,ETH-USD,662568933.5966032
2023-10-27,244.59,247.9,241.56,245.23,4537032,ETH-USD,987622796.4034824
2023-10-28,245.23,252.17,243.01,249.55,6282490,ETH-USD,1795199773.2845984
2023-10-29,249.55,251.51,230.55,232.05,6615674,ETH-USD,1776960588.6768649
2023-10-30,232.05,253.8,231.86,250.73,2721513,ETH-USD,615801915.6831352
2023-10-31,250.73,254.58,249.88,252.98,4330072,ETH-USD,1060591745.8013594
2023-11-01,252.98,255.57,243.25,244.68,14951818,ETH-USD,4148046297.5523186
2023-11-02,244.68,247.49,233.83,235.03,2441440,ETH-USD,636014532.6672647
2023-11-03,235.03,250.5,233.64,247.71,3675170,ETH-USD,1024689081.7642982
2023-11-04,247.71,253.37,247.53,250.56,3868962,ETH-USD,976541253.5685703
2023-11-05,250.56,269.09,248.42,268.73,3246437,ETH-USD,1016031642.6718037
2023-11-06,268.73,270.8,254.49,259.29,2440405,ETH-USD,588719373.9600637
2023-11-07,259.29,279.15,257.25,275.08,4388139,ETH-USD,1041318322.1910883
2023-11-08,275.08,281.39,272.45,277.34,3928815,ETH-USD,1180592917.4013803
2023-11-09,277.34,280.05,276.94,277.68,6128367,ETH-USD,1728513105.1819777
2023-11-10,277.68,288.79,277.42,288.68,3495096,ETH-USD,1152070067.9702876
2023-11-11,288.68,304.12,287.08,303.86,4233777,ETH-USD,1070944136.9403412
2023-11-12,303.86,313.67,297.84,309.89,2827851,ETH-USD,996796934.7476906
2023-11-13,309.89,315.83,293.61,296.71,18154975,ETH-USD,4941373577.057602
2023-11-14,296.71,302.42,296.28,298.5,1553006,ETH-USD,492287009.56139517
2023-11-15,298.5,311.15,294.59,308.73,5036854,ETH-USD,1268982903.548506
2023-11-16,308.73,311.57,280.57,281.05,4966706,ETH-USD,1457078214.860326
2023-11-17,281.05,285.46,270.26,270.26,2193675,ETH-USD,644387509.4011961
2023-11-18,270.26,300.9,267.75,300.39,3757565,ETH-USD,1069476462.3046211
2023-11-19,300.39,302.03,261.8,264.16,3090318,ETH-USD,723409934.7427801
2023-11-20,264.16,266.03,246.64,247.19,2545782,ETH-USD,638764123.8574735
2023-11-21,247.19,275.63,246.8,275.05,9710057,ETH-USD,3026699071.2081165
2023-11-22,275.05,290.33,274.5,289.92,1729740,ETH-USD,466090793.4248044
2023-11-23,289.92,292.58,289.59,290.6,7363943,ETH-USD,1928079333.2027097
2023-11-24,290.6,295.64,272.39,277.57,3377004,ETH-USD,854468562.7464726
2023-11-25,277.57,278.11,266.97,267.78,3480224,ETH-USD,1099359060.9952383
2023-11-26,267.78,268.14,258.66,259.34,4179966,ETH-USD,1023013030.3327801
2023-11-27,259.34,262.69,258.17,261.9,1665511,ETH-USD,349586728.64767766
2023-11-28,261.9,309.94,260.47,307.28,4698693,ETH-USD,1606492537.0590172
2023-11-29,307.28,329.75,303.42,326.24,5916003,ETH-USD,2083879895.5360782
2023-11-30,326.24,379.92,323.35,378.95,4234467,ETH-USD,1366243907.3327405
2023-12-01,378.95,394.86,375.33,394.13,6310258,ETH-USD,2969456755.4001026
2023-12-02,394.13,397.42,390.47,390.68,3690315,ETH-USD,1504051017.5070257
2023-12-03,390.68,395.54,390.39,391.57,2438634,ETH-USD,955193648.4661025
2023-12-04,391.57,392.64,388.59,389.62,6394904,ETH-USD,2374198331.99464
2023-12-05,389.62,393.85,382.74,384.36,6908690,ETH-USD,3078882183.8049955
2023-12-06,384.36,387.9,368.47,371.66,3907685,ETH-USD,1303590379.0773838
2023-12-07,371.66,372.31,369.87,371.2,5455149,ETH-USD,1851428290.4458508
2023-12-08,371.2,396.35,365.29,390.36,6657621,ETH-USD,2206347003.899895
2023-12-09,390.36,391.53,379.86,386.13,4512076,ETH-USD,1922827786.5420783
2023-12-10,386.13,403.99,385.05,403.64,6155791,ETH-USD,2579688895.419564
2023-12-11,403.64,457.9,395.72,455.31,2451831,ETH-USD,1165045281.9739943
2023-12-12,455.31,457.43,434.9,437.26,7390605,ETH-USD,2867697764.96146
2023-12-13,437.26,437.67,427.94,434.49,5367790,ETH-USD,2473276132.446045
2023-12-14,434.49,439.91,429.37,431.82,2724729,ETH-USD,1301527041.5513444
2023-12-15,431.82,519.27,429.27,518.67,6396726,ETH-USD,3129191476.901097
2023-12-16,518.67,533.91,512.16,527.55,4325662,ETH-USD,2557073021.290411
2023-12-17,527.55,539.9,523.87,536.4,2613775,ETH-USD,1317228923.463123
2023-12-18,536.4,592.06,526.08,589.84,3227254,ETH-USD,2100116680.6040106
2023-12-19,589.84,602.66,551.36,557.59,1924816,ETH-USD,873086967.8901618
2023-12-20,557.59,579.15,557.51,571.71,1995815,ETH-USD,1164379478.3966494
2023-12-21,571.71,571.9,546.57,558.71,3149098,ETH-USD,2089872667.9260023
2023-12-22,558.71,581.12,556.24,578.73,2515440,ETH-USD,1735991360.9604821
2023-12-23,578.73,610.82,575.91,607.95,2486898,ETH-USD,1379921486.8944623
2023-12-24,607.95,611.88,571.45,573.54,3470926,ETH-USD,1944051817.0699914
2023-12-25,573.54,577.19,534.43,547.31,5330892,ETH-USD,2407619410.3195605
2023-12-26,547.31,551.01,544.25,549.78,5122442,ETH-USD,3236780092.6408105
2023-12-27,549.78,556.83,543.39,543.45,4040022,ETH-USD,2255771391.021186
2023-12-28,543.45,584.01,540.38,577.59,3949171,ETH-USD,2176167460.2399592
2023-12-29,577.59,623.7,574.34,616.69,1941926,ETH-USD,1012073166.1706791
2023-12-30,616.69,629.02,609.42,623.46,4008861,ETH-USD,2946018192.5707927
2023-12-31,623.46,657.78,620.51,656.65,4312145,ETH-USD,2865796954.117645
2024-01-01,656.65,708.7,648.18,706.23,6993135,ETH-USD,4509934836.35995
2024-01-02,706.23,729.03,699.74,724.02,4332797,ETH-USD,2949079730.919086
2024-01-03,724.02,726.6,711.05,718.3,4068587,ETH-USD,2654414161.2548704
2024-01-04,718.3,727.41,705.0,722.01,1319538,ETH-USD,991518112.8060364
2024-01-05,722.01,722.46,704.66,707.48,3183813,ETH-USD,2639878454.904325
2024-01-06,707.48,723.94,704.79,723.33,3923776,ETH-USD,3243130079.845359
2024-01-07,723.33,732.84,685.13,698.24,3956310,ETH-USD,2718675492.4111094
2024-01-08,698.24,698.96,668.35,678.09,4733607,ETH-USD,3629012142.996836
2024-01-09,678.09,686.43,623.19,626.74,3328131,ETH-USD,2021715948.204498
2024-01-10,626.74,638.29,621.93,634.5,2645937,ETH-USD,1512511658.4109426
2024-01-11,634.5,636.84,633.08,636.37,3140707,ETH-USD,2385123092.991021
2024-01-12,636.37,646.33,632.4,644.62,2931768,ETH-USD,1741624994.1178665
2024-01-13,644.62,674.04,639.67,667.85,4277981,ETH-USD,2655598163.9455447
2024-01-14,667.85,698.09,666.02,688.79,4708670,ETH-USD,3878570185.0258317
2024-01-15,688.79,690.07,655.98,667.57,3871825,ETH-USD,2206237090.359226
2024-01-16,667.57,682.74,667.08,672.55,6661489,ETH-USD,4947080553.258885
2024-01-17,672.55,674.13,633.5,641.7,2713126,ETH-USD,2044515217.4496253
2024-01-18,641.7,646.24,622.41,622.93,4406892,ETH-USD,2758137011.2059216
2024-01-19,622.93,652.67,612.28,648.59,5986077,ETH-USD,3109924050.8341837
2024-01-20,648.59,667.33,644.49,661.35,1701464,ETH-USD,1069026586.6369208
2024-01-21,661.35,670.51,657.09,662.68,5697696,ETH-USD,3189101961.0638084
2024-01-22,662.68,681.91,659.85,674.33,1324731,ETH-USD,863357833.9386194
2024-01-23,674.33,721.09,670.8,708.53,4783084,ETH-USD,3782113970.9144278
2024-01-24,708.53,756.98,696.68,753.83,1980162,ETH-USD,1456111276.7313623
2024-01-25,753.83,778.96,751.04,769.91,1035047,ETH-USD,775193677.0858711
2024-01-26,769.91,798.42,762.48,790.39,2400879,ETH-USD,1940736935.9448786
2024-01-27,790.39,799.89,754.28,762.16,1935602,ETH-USD,1523443655.9992738
2024-01-28,762.16,769.38,753.85,755.52,3787355,ETH-USD,3269228152.282796
2024-01-29,755.52,771.25,754.61,761.89,4091978,ETH-USD,2878645839.9387527
2024-01-30,761.89,794.55,759.64,792.27,2070440,ETH-USD,1851408560.3767633
2024-01-31,792.27,798.49,664.14,666.24,5393427,ETH-USD,3688085143.342998
2024-02-01,666.24,666.76,658.83,659.93,4716954,ETH-USD,2864490062.499588
2024-02-02,659.93,700.8,658.82,698.61,2154619,ETH-USD,1381884722.973806
2024-02-03,698.61,748.13,693.72,742.77,5834956,ETH-USD,4093296586.5319657
2024-02-04,742.77,752.84,715.35,729.42,3924642,ETH-USD,3003206552.8696237
2024-02-05,729.42,742.61,726.78,731.3,1774126,ETH-USD,1157718424.7322543
2024-02-06,731.3,737.29,670.01,675.54,4852055,ETH-USD,3828857783.803397
2024-02-07,675.54,720.97,672.56,716.5,1336383,ETH-USD,986210491.1810735
2024-02-08,716.5,729.29,694.33,694.85,5832308,ETH-USD,4733438096.728829
2024-02-09,694.85,699.8,646.51,657.54,3449165,ETH-USD,1856468528.3082614
2024-02-10,657.54,660.17,642.1,650.23,1459994,ETH-USD,889566280.0195963
2024-02-11,650.23,657.1,625.37,633.72,4434415,ETH-USD,2273779408.7577734
2024-02-12,633.72,655.84,629.95,644.53,4682553,ETH-USD,2743104096.177884
2024-02-13,644.53,656.06,643.44,649.6,3613536,ETH-USD,2687255774.9944773
2024-02-14,649.6,693.79,645.0,689.8,3396615,ETH-USD,1908698428.0244005
2024-02-15,689.8,720.4,689.57,708.85,7044906,ETH-USD,4866234642.618749
2024-02-16,708.85,763.36,702.85,762.79,3669454,ETH-USD,2370847418.4249754
2024-02-17,762.79,773.65,612.64,614.43,2657793,ETH-USD,1578707148.4507313
2024-02-18,614.43,627.28,600.84,609.27,3203423,ETH-USD,2216290899.505106
2024-02-19,609.27,649.28,603.84,643.43,2144626,ETH-USD,1447847817.2448175
2024-02-20,643.43,715.36,637.59,710.4,5638463,ETH-USD,4384901203.562179
2024-02-21,710.4,716.11,686.2,691.28,8632450,ETH-USD,5607255178.906478
2024-02-22,691.28,730.43,686.34,720.18,5157048,ETH-USD,4374200547.163505
2024-02-23,720.18,723.31,681.42,691.95,2259801,ETH-USD,1694555986.7919145
2024-02-24,691.95,716.47,681.76,712.22,3898024,ETH-USD,2689408221.660565
2024-02-25,712.22,716.7,670.11,677.88,5126293,ETH-USD,3372797232.927808
2024-02-26,677.88,685.41,658.26,664.55,4928051,ETH-USD,3823401895.75145
2024-02-27,664.55,675.67,660.63,665.5,6296102,ETH-USD,4318111855.025987
2024-02-28,665.5,709.58,661.76,708.66,3973214,ETH-USD,3048095128.832552
2024-02-29,708.66,720.61,708.38,717.9,3540713,ETH-USD,2457523332.222461
2024-03-01,717.9,720.94,680.59,687.61,4931585,ETH-USD,3016223236.428469
2024-03-02,687.61,716.52,680.75,708.61,3226125,ETH-USD,2490492814.9786677
2024-03-03,708.61,709.88,658.14,661.3,2425839,ETH-USD,1673396004.977176
2024-03-04,661.3,665.93,592.02,596.06,3624178,ETH-USD,2161387909.589905
2024-03-05,596.06,601.31,581.57,582.75,3180747,ETH-USD,1945533423.4214072
2024-03-06,582.75,583.27,558.68,573.14,2551899,ETH-USD,1291931329.7186773
2024-03-07,573.14,584.92,534.97,545.34,3876457,ETH-USD,2362540109.2413564
2024-03-08,545.34,546.69,526.88,537.75,3509894,ETH-USD,2225798646.0722837
2024-03-09,537.75,545.44,532.79,545.18,3426168,ETH-USD,2160091496.0053573
2024-03-10,545.18,563.65,541.69,552.71,3017757,ETH-USD,1548810366.9030714
2024-03-11,552.71,554.52,525.87,529.24,3565845,ETH-USD,1816233904.3337379
2024-03-12,529.24,585.49,522.6,581.17,2424093,ETH-USD,1582602242.291241
2024-03-13,581.17,592.92,570.09,574.79,2821989,ETH-USD,1683764994.3589365
2024-03-14,574.79,577.33,553.87,555.67,4491403,ETH-USD,2543570662.322512
2024-03-15,555.67,565.93,545.76,546.36,1372484,ETH-USD,877840824.2538093
2024-03-16,546.36,605.87,544.3,603.05,2953968,ETH-USD,1807060210.292541
2024-03-17,603.05,612.74,591.33,608.42,3360924,ETH-USD,2057072343.859217
2024-03-18,608.42,618.16,604.04,616.51,3005515,ETH-USD,1513487046.3309817
2024-03-19,616.51,671.95,614.74,668.43,7553827,ETH-USD,4179563835.429902
2024-03-20,668.43,673.49,657.62,668.18,7595042,ETH-USD,4074946925.9533286
2024-03-21,668.18,670.92,654.98,658.27,3749863,ETH-USD,2876446824.7299356
2024-03-22,658.27,666.48,653.61,659.71,1007777,ETH-USD,640477258.7959454
2024-03-23,659.71,683.78,658.76,668.82,3298766,ETH-USD,2178535704.7917376
2024-03-24,668.82,722.34,661.06,719.69,3237819,ETH-USD,2652157808.182624
2024-03-25,719.69,728.15,642.82,652.5,2331051,ETH-USD,1587476703.6934674
2024-03-26,652.5,654.18,646.1,649.14,2137321,ETH-USD,1448190460.1486137
2024-03-27,649.14,655.48,643.58,653.04,3456040,ETH-USD,2073249149.2557862
2024-03-28,653.04,682.51,651.94,672.32,3679338,ETH-USD,2804087183.4926023
2024-03-29,672.32,674.98,662.51,673.88,2947068,ETH-USD,1720509502.2725346
2024-03-30,673.88,680.0,668.38,678.35,2854377,ETH-USD,1590178023.2180512
2024-03-31,678.35,686.21,648.76,653.76,8764871,ETH-USD,5023261902.622945
2024-04-01,653.76,701.81,649.59,692.5,4627372,ETH-USD,2906744847.535737
2024-04-02,692.5,710.04,691.82,706.25,3139156,ETH-USD,2023979852.44405
2024-04-03,706.25,724.96,700.37,720.87,3894886,ETH-USD,2999207324.501888
2024-04-04,720.87,720.91,709.59,709.92,2191569,ETH-USD,1380230897.6001217
2024-04-05,709.92,771.7,709.65,755.87,7800920,ETH-USD,6313146363.07235
2024-04-06,755.87,759.94,750.21,758.31,2295694,ETH-USD,1456137068.0048268
2024-04-07,758.31,800.46,753.42,797.2,2172700,ETH-USD,1487647517.9110818
2024-04-08,797.2,805.43,787.27,804.73,2947003,ETH-USD,2379909897.455675
2024-04-09,804.73,890.35,795.9,882.98,3319154,ETH-USD,3425334474.320048
2024-04-10,882.98,963.86,878.03,962.88,4918179,ETH-USD,5416725834.303194
2024-04-11,962.88,965.88,876.0,877.82,2678329,ETH-USD,2791923518.1994405
2024-04-12,877.82,884.71,837.13,840.63,4101158,ETH-USD,3655070478.348203
2024-04-13,840.63,841.85,806.36,830.91,2516671,ETH-USD,2238187593.3511267
2024-04-14,830.91,833.81,789.9,801.66,14376520,ETH-USD,12101441100.179556
2024-04-15,801.66,802.05,786.52,791.5,3890149,ETH-USD,3230319319.386337
2024-04-16,791.5,867.23,789.76,851.65,2277493,ETH-USD,1665844963.0836554
2024-04-17,851.65,870.25,845.96,854.74,3913980,ETH-USD,3403965603.7655373
2024-04-18,854.74,871.46,850.88,870.75,4846071,ETH-USD,4027411922.8678565
2024-04-19,870.75,878.89,842.47,844.62,4725191,ETH-USD,3899257444.634591
2024-04-20,844.62,856.35,839.9,850.88,5863740,ETH-USD,5036439595.89567
2024-04-21,850.88,865.91,839.69,862.53,2458802,ETH-USD,1805552943.2439716
2024-04-22,862.53,878.77,857.06,878.16,4007581,ETH-USD,3321495553.6714497
2024-04-23,878.16,880.9,801.76,812.25,1820585,ETH-USD,1220547060.074394
2024-04-24,812.25,845.26,804.59,833.54,2445180,ETH-USD,2429210601.2420635
2024-04-25,833.54,857.93,831.67,851.98,2941948,ETH-USD,2124019979.7361329
2024-04-26,851.98,940.55,841.67,933.0,3943055,ETH-USD,3323527846.5304675
2024-04-27,933.0,1020.0,928.13,1017.22,8534613,ETH-USD,10040395223.599407
2024-04-28,1017.22,1027.94,961.29,965.32,5365489,ETH-USD,5143593111.148986
2024-04-29,965.32,968.95,934.03,942.39,5465367,ETH-USD,4399845919.29878
2024-04-30,942.39,957.64,860.63,871.16,2071389,ETH-USD,1720948323.0398793
2024-05-01,871.16,873.54,829.01,838.38,4201390,ETH-USD,2981140656.25328
2024-05-02,838.38,892.72,834.04,877.66,6591494,ETH-USD,5091379574.238549
2024-05-03,877.66,908.03,870.09,900.11,2437591,ETH-USD,1800943503.6136882
2024-05-04,900.11,957.47,883.43,950.1,7877351,ETH-USD,7299342312.068959
2024-05-05,950.1,953.28,919.62,927.14,2044110,ETH-USD,2127627930.6846733
2024-05-06,927.14,935.89,920.96,925.22,3706915,ETH-USD,3547651702.260869
2024-05-07,925.22,929.14,914.52,924.53,2278782,ETH-USD,2196421737.0910797
2024-05-08,924.53,931.42,878.98,891.82,2951651,ETH-USD,2317075374.067174
2024-05-09,891.82,900.69,853.18,854.13,2942947,ETH-USD,2356700242.713461
2024-05-10,854.13,856.43,812.65,821.07,3941787,ETH-USD,3683431139.2695
2024-05-11,821.07,849.14,815.17,844.47,8170656,ETH-USD,5762377734.1585
2024-05-12,844.47,863.03,840.47,857.71,1904386,ETH-USD,1867270050.8178697
2024-05-13,857.71,863.69,815.02,815.14,2854608,ETH-USD,2311724460.2690234
2024-05-14,815.14,818.4,754.34,765.07,2751944,ETH-USD,2389365895.113495
2024-05-15,765.07,889.19,753.01,885.41,6499491,ETH-USD,5335785900.067
2024-05-16,885.41,905.89,873.25,897.84,3048168,ETH-USD,2560347430.2216053
2024-05-17,897.84,898.81,896.29,896.39,1761328,ETH-USD,1737734016.5828931
2024-05-18,896.39,937.74,891.3,934.19,2055755,ETH-USD,2139395920.9356074
2024-05-19,934.19,951.68,918.27,942.67,2084365,ETH-USD,1752383307.8694658
2024-05-20,942.67,965.51,920.54,922.32,1650514,ETH-USD,1810243271.5970998
2024-05-21,922.32,957.6,917.95,950.47,2024400,ETH-USD,1604333201.7248304
2024-05-22,950.47,955.19,948.44,954.24,2239709,ETH-USD,1768338291.7511392
2024-05-23,954.24,980.13,946.94,963.99,3490579,ETH-USD,3493427463.9462633
2024-05-24,963.99,1043.94,946.94,1030.58,6433169,ETH-USD,7220594496.481538
2024-05-25,1030.58,1062.73,1019.89,1058.97,1428985,ETH-USD,1792227033.4285803
2024-05-26,1058.97,1062.8,1045.63,1052.69,7855906,ETH-USD,7955400653.518255
2024-05-27,1052.69,1091.81,1044.9,1091.44,5026018,ETH-USD,4443973060.516937
2024-05-28,1091.44,1103.48,1037.96,1038.14,2278745,ETH-USD,2463023285.1750703
2024-05-29,1038.14,1051.68,1033.12,1049.02,3315668,ETH-USD,3185610152.8397202
2024-05-30,1049.02,1062.05,1038.41,1057.61,5117587,ETH-USD,5267244086.523098
2024-05-31,1057.61,1079.7,1055.15,1072.82,2725138,ETH-USD,2910098380.9692526
2024-06-01,1072.82,1095.43,1071.81,1088.97,4059474,ETH-USD,3650591271.830365
2024-06-02,1088.97,1126.27,1077.71,1114.14,5871738,ETH-USD,6505255655.836018
2024-06-03,1114.14,1223.39,1098.32,1214.72,3589539,ETH-USD,4231777918.9081993
2024-06-04,1214.72,1228.3,1192.95,1199.72,3582196,ETH-USD,4663007015.223339
2024-06-05,1199.72,1236.23,1183.79,1215.52,3551240,ETH-USD,4568116022.798383
2024-06-06,1215.52,1290.75,1209.94,1287.13,2279821,ETH-USD,2564941530.8402133
2024-06-07,1287.13,1330.97,1272.16,1320.69,3028141,ETH-USD,3529147664.7622147
2024-06-08,1320.69,1534.39,1309.22,1528.38,5574195,ETH-USD,7670968189.949672
2024-06-09,1528.38,1576.83,1525.56,1557.85,3275175,ETH-USD,4447003719.332253
2024-06-10,1557.85,1609.13,1556.49,1607.63,3768905,ETH-USD,6440026954.266583
2024-06-11,1607.63,1624.29,1588.43,1589.82,10441334,ETH-USD,19882826686.60535
2024-06-12,1589.82,1590.35,1553.68,1563.06,2800637,ETH-USD,4643909247.311163
2024-06-13,1563.06,1567.54,1518.45,1526.01,3612998,ETH-USD,5748745325.771948
2024-06-14,1526.01,1564.14,1503.15,1545.74,5737016,ETH-USD,8548433814.867194
2024-06-15,1545.74,1569.54,1508.25,1508.55,2491427,ETH-USD,3476679695.1004567
2024-06-16,1508.55,1526.13,1499.64,1508.82,2423454,ETH-USD,4257801526.867199
2024-06-17,1508.82,1538.31,1502.47,1536.38,3021085,ETH-USD,5512289937.621719
2024-06-18,1536.38,1577.22,1484.53,1491.88,4599442,ETH-USD,6852967015.591513
2024-06-19,1491.88,1619.73,1480.99,1610.41,2413276,ETH-USD,3560220923.086313
2024-06-20,1610.41,1694.1,1590.34,1679.03,2339714,ETH-USD,4352914631.829353
2024-06-21,1679.03,1807.76,1672.57,1796.45,2411294,ETH-USD,3694924178.8787136
2024-06-22,1796.45,1801.73,1610.91,1623.07,3265500,ETH-USD,5863196499.599438
2024-06-23,1623.07,1641.26,1587.99,1607.52,2322534,ETH-USD,4209839891.0512958
2024-06-24,1607.52,1700.53,1590.21,1692.93,2744126,ETH-USD,3948592750.3586946
2024-06-25,1692.93,1739.73,1651.37,1652.7,1210760,ETH-USD,2382707368.6690006
2024-06-26,1652.7,1714.76,1651.6,1699.28,1182596,ETH-USD,2399828498.3346334
2024-06-27,1699.28,1709.65,1410.24,1433.84,3487727,ETH-USD,5874428611.598954
2024-06-28,1433.84,1446.26,1413.99,1425.75,4381521,ETH-USD,6237045421.142633
2024-06-29,1425.75,1481.97,1417.8,1461.69,2032149,ETH-USD,2668670181.6875453
2024-06-30,1461.69,1465.33,1420.54,1462.72,2953542,ETH-USD,4461923714.863879
2024-07-01,1462.72,1511.31,1454.76,1472.76,3916854,ETH-USD,5583838484.9504795
2024-07-02,1472.76,1478.75,1437.88,1456.65,1914076,ETH-USD,2460196407.622222
2024-07-03,1456.65,1472.46,1381.22,1401.19,2176609,ETH-USD,2956732784.7485213
2024-07-04,1401.19,1488.98,1394.29,1467.47,3778792,ETH-USD,5908788851.737459
2024-07-05,1467.47,1471.07,1370.49,1394.29,2494027,ETH-USD,2880555015.6677465
2024-07-06,1394.29,1451.52,1386.52,1435.6,4441230,ETH-USD,5950990400.589975
2024-07-07,1435.6,1462.27,1381.06,1400.23,3832636,ETH-USD,4331456547.751268
2024-07-08,1400.23,1478.48,1389.17,1462.38,1592453,ETH-USD,2561178618.969417
2024-07-09,1462.38,1479.87,1376.8,1386.14,2065733,ETH-USD,3024537017.4285316
2024-07-10,1386.14,1393.06,1330.06,1349.64,1865285,ETH-USD,2077080516.2193208
2024-07-11,1349.64,1360.01,1290.31,1310.05,3874597,ETH-USD,6019503288.476943
2024-07-12,1310.05,1369.39,1306.54,1353.73,5008039,ETH-USD,5484971542.299332
2024-07-13,1353.73,1357.36,1344.05,1349.36,7773588,ETH-USD,10866820859.56364
2024-07-14,1349.36,1361.71,1310.22,1311.57,2389870,ETH-USD,3480989307.095291
2024-07-15,1311.57,1327.33,1240.43,1252.14,6681597,ETH-USD,9329745046.06851
2024-07-16,1252.14,1310.61,1251.46,1304.15,1709213,ETH-USD,1813825695.875695
2024-07-17,1304.15,1363.47,1295.46,1353.41,2435487,ETH-USD,3832064710.4357066
2024-07-18,1353.41,1450.05,1349.22,1441.83,2465360,ETH-USD,4149606356.905872
2024-07-19,1441.83,1449.26,1379.87,1391.58,1411673,ETH-USD,2012695385.9661024
2024-07-20,1391.58,1391.73,1377.59,1391.09,1729550,ETH-USD,2388716868.8597393
2024-07-21,1391.09,1413.36,1383.4,1400.72,2563277,ETH-USD,2936784142.00536
2024-07-22,1400.72,1421.03,1394.55,1413.99,2182252,ETH-USD,3162150830.9538865
2024-07-23,1413.99,1428.75,1363.66,1370.4,2910097,ETH-USD,3843438551.3658576
2024-07-24,1370.4,1386.08,1367.77,1376.48,9493075,ETH-USD,14492935448.144129
2024-07-25,1376.48,1402.23,1351.64,1392.37,1797281,ETH-USD,2406268359.742392
2024-07-26,1392.37,1449.29,1386.61,1434.25,2038293,ETH-USD,3138095414.5767055
2024-07-27,1434.25,1446.77,1424.24,1432.86,3383762,ETH-USD,4075434998.945286
2024-07-28,1432.86,1444.56,1300.71,1306.87,5357013,ETH-USD,5973050925.655673
2024-07-29,1306.87,1341.47,1300.97,1332.94,2639210,ETH-USD,3010921933.1339455
2024-07-30,1332.94,1346.65,1298.57,1322.04,3321383,ETH-USD,3592761954.4163427
2024-07-31,1322.04,1324.41,1220.47,1221.71,5778724,ETH-USD,7176636355.066591
2024-08-01,1221.71,1229.24,1190.24,1198.7,4772215,ETH-USD,6393105676.396132
2024-08-02,1198.7,1211.67,1144.41,1156.9,4620042,ETH-USD,5580982501.17364
2024-08-03,1156.9,1157.08,1042.69,1047.46,3093455,ETH-USD,3337420012.3263874
2024-08-04,1047.46,1054.29,994.91,1017.48,5035528,ETH-USD,5493723250.664593
2024-08-05,1017.48,1078.65,1005.54,1077.13,3297035,ETH-USD,3323546019.0596657
2024-08-06,1077.13,1122.47,1067.32,1114.47,2068003,ETH-USD,2177464015.331237
2024-08-07,1114.47,1132.23,1112.55,1128.03,2435881,ETH-USD,2543611343.818098
2024-08-08,1128.03,1143.19,1111.81,1129.99,6350190,ETH-USD,7784459085.363388
2024-08-09,1129.99,1137.82,1114.74,1116.57,3997305,ETH-USD,3859194514.0357976
2024-08-10,1116.57,1167.82,1106.48,1162.43,6571783,ETH-USD,6151191455.185941
2024-08-11,1162.43,1261.14,1161.95,1249.17,4314463,ETH-USD,5596877958.812474
2024-08-12,1249.17,1329.4,1239.89,1321.16,4230191,ETH-USD,6577704300.045632
2024-08-13,1321.16,1322.61,1248.19,1267.07,1737684,ETH-USD,2298123573.988232
2024-08-14,1267.07,1303.46,1259.31,1285.96,3476709,ETH-USD,4976875458.099003
2024-08-15,1285.96,1298.57,1257.02,1263.59,3250128,ETH-USD,4390678014.700999
2024-08-16,1263.59,1301.41,1262.61,1295.15,4210911,ETH-USD,5448169429.640416
2024-08-17,1295.15,1316.82,1288.57,1306.65,1671971,ETH-USD,2375527991.32752
2024-08-18,1306.65,1323.84,1206.48,1215.9,5021812,ETH-USD,6897615872.707094
2024-08-19,1215.9,1242.72,1154.09,1167.5,2888721,ETH-USD,3001235752.2855067
2024-08-20,1167.5,1172.65,1118.23,1133.47,2880254,ETH-USD,3050688785.777319
2024-08-21,1133.47,1135.45,1072.51,1077.77,3581505,ETH-USD,3433466904.3145294
2024-08-22,1077.77,1080.47,1065.16,1069.45,9207844,ETH-USD,9658941313.721024
2024-08-23,1069.45,1069.47,1011.8,1021.85,3828025,ETH-USD,4514165118.257659
2024-08-24,1021.85,1078.51,1019.06,1073.4,2148522,ETH-USD,2163428705.2089515
2024-08-25,1073.4,1097.19,1053.23,1079.66,1331083,ETH-USD,1364954761.098347
2024-08-26,1079.66,1097.69,1072.49,1088.3,1569259,ETH-USD,1954002176.6950283
2024-08-27,1088.3,1103.36,1000.36,1003.68,4211802,ETH-USD,4253298203.5052667
2024-08-28,1003.68,1024.75,905.54,914.96,2269582,ETH-USD,2106021774.0649393
2024-08-29,914.96,956.23,894.76,955.06,3480562,ETH-USD,3803887828.610235
2024-08-30,955.06,996.67,951.35,996.24,2200373,ETH-USD,2183793063.1385355
2024-08-31,996.24,1063.87,983.3,1055.82,4443789,ETH-USD,5032576957.843944
2024-09-01,1055.82,1163.61,1043.61,1138.2,1058368,ETH-USD,1004975772.328613
2024-09-02,1138.2,1184.91,1133.19,1183.87,5766168,ETH-USD,5948878780.716716
2024-09-03,1183.87,1202.08,1141.96,1148.44,2948352,ETH-USD,3256492291.6965027
2024-09-04,1148.44,1171.49,1120.14,1127.21,2826329,ETH-USD,3179289496.101343
2024-09-05,1127.21,1133.79,1093.78,1097.08,3460591,ETH-USD,4503816788.651188
2024-09-06,1097.08,1113.45,1086.41,1087.46,8225090,ETH-USD,10628345570.569647
2024-09-07,1087.46,1146.22,1087.45,1135.75,4310863,ETH-USD,5583855829.683496
2024-09-08,1135.75,1148.18,1037.22,1062.7,1616516,ETH-USD,1591160547.1040564
2024-09-09,1062.7,1085.15,903.27,918.9,4987407,ETH-USD,5433571645.29344
2024-09-10,918.9,921.79,880.33,887.68,4882492,ETH-USD,4662338675.592922
2024-09-11,887.68,911.93,880.13,892.5,2677975,ETH-USD,2287739480.4486737
2024-09-12,892.5,896.95,861.82,865.29,8414106,ETH-USD,7867970911.430625
2024-09-13,865.29,872.2,845.95,851.59,3881176,ETH-USD,2665980712.622448
2024-09-14,851.59,876.87,843.59,871.17,6017835,ETH-USD,4500535573.145272
2024-09-15,871.17,876.36,839.32,844.87,1713550,ETH-USD,1638644949.437192
2024-09-16,844.87,876.67,835.83,869.52,5299094,ETH-USD,4875970222.697997
2024-09-17,869.52,908.72,857.5,891.02,5745370,ETH-USD,4841151633.413113
2024-09-18,891.02,936.02,890.54,932.06,4787309,ETH-USD,4463249061.802627
2024-09-19,932.06,947.46,872.61,873.74,11337205,ETH-USD,11511067395.815403
2024-09-20,873.74,880.2,852.94,866.71,6535235,ETH-USD,5962264971.994889
2024-09-21,866.71,891.14,840.67,845.2,3836376,ETH-USD,3110404412.956948
2024-09-22,845.2,862.9,837.79,860.95,5363620,ETH-USD,3916505102.4129324
2024-09-23,860.95,893.91,849.78,878.1,3148950,ETH-USD,2536969285.3913975
2024-09-24,878.1,891.21,857.17,888.97,2900047,ETH-USD,3071329711.3452425
2024-09-25,888.97,900.36,878.36,888.62,3307944,ETH-USD,2865856556.36444
2024-09-26,888.62,899.79,844.92,849.53,6134141,ETH-USD,5152437441.181674
2024-09-27,849.53,873.27,848.39,867.78,4424012,ETH-USD,3836916233.139764
2024-09-28,867.78,868.47,820.78,830.44,3037126,ETH-USD,2909658240.681207
2024-09-29,830.44,845.05,829.28,832.52,3876269,ETH-USD,3361225068.3782206
2024-09-30,832.52,836.56,808.77,815.08,3655705,ETH-USD,3210531200.2723837
2024-10-01,815.08,818.62,786.52,792.28,1167222,ETH-USD,883859979.2129676
2024-10-02,792.28,836.81,773.78,827.33,2174576,ETH-USD,1460206089.9837892
2024-10-03,827.33,834.43,808.21,814.38,6312409,ETH-USD,6026900563.703969
2024-10-04,814.38,821.76,799.01,800.0,2558460,ETH-USD,2414472066.0855646
2024-10-05,800.0,840.82,789.66,836.44,3024144,ETH-USD,2983970762.9781847
2024-10-06,836.44,970.62,826.53,953.4,2253758,ETH-USD,2530078889.3067536
2024-10-07,953.4,1016.32,941.99,1013.34,3762363,ETH-USD,4293303555.8976436
2024-10-08,1013.34,1017.51,992.91,995.12,4744009,ETH-USD,5069438949.495799
2024-10-09,995.12,1071.84,982.9,1067.41,4466773,ETH-USD,5424910695.106776
2024-10-10,1067.41,1143.58,1058.31,1141.34,5640580,ETH-USD,6696738995.54188
2024-10-11,1141.34,1184.82,1137.1,1183.31,8708309,ETH-USD,8797554912.843918
2024-10-12,1183.31,1197.22,1182.45,1191.1,5817896,ETH-USD,6628165910.203297
2024-10-13,1191.1,1195.05,1151.78,1169.73,4375682,ETH-USD,6083270542.589807
2024-10-14,1169.73,1180.13,1049.23,1052.49,5726969,ETH-USD,5668666250.53954
2024-10-15,1052.49,1093.17,1040.9,1084.54,2146279,ETH-USD,2670206381.6311235
2024-10-16,1084.54,1122.09,1083.34,1114.68,6312521,ETH-USD,5891503529.056497
2024-10-17,1114.68,1143.58,1114.34,1139.91,3657534,ETH-USD,3892727340.3333817
2024-10-18,1139.91,1213.23,1120.24,1207.51,4699045,ETH-USD,5335858918.9201565
2024-10-19,1207.51,1214.62,1185.58,1209.5,1397142,ETH-USD,1386754682.8415766
2024-10-20,1209.5,1255.44,1204.11,1248.33,5870588,ETH-USD,6211854732.561099
2024-10-21,1248.33,1258.87,1241.03,1249.1,2713830,ETH-USD,2973796096.533134
2024-10-22,1249.1,1251.93,1228.26,1233.62,1386135,ETH-USD,1941024839.176272
2024-10-23,1233.62,1259.09,1223.08,1250.65,4270469,ETH-USD,4408138156.788598
2024-10-24,1250.65,1280.31,1228.61,1269.32,3760530,ETH-USD,4388970261.104019
2024-10-25,1269.32,1289.99,1267.98,1276.84,2576391,ETH-USD,2645100102.0327725
2024-10-26,1276.84,1300.1,1272.5,1287.27,4104756,ETH-USD,5697402523.017535
2024-10-27,1287.27,1292.34,1285.34,1292.12,1871573,ETH-USD,2534668340.873987
2024-10-28,1292.12,1371.51,1270.78,1364.29,2519110,ETH-USD,3636106398.964147
2024-10-29,1364.29,1365.88,1318.75,1328.72,4386834,ETH-USD,5535991300.786362
2024-10-30,1328.72,1379.53,1323.53,1370.6,3186479,ETH-USD,3857745057.056307
2024-10-31,1370.6,1462.61,1363.72,1447.95,2893254,ETH-USD,4558480982.837524
2024-11-01,1447.95,1464.35,1348.22,1360.61,6315010,ETH-USD,9661548733.724218
2024-11-02,1360.61,1367.51,1355.74,1366.92,1267532,ETH-USD,1482149078.212305
2024-11-03,1366.92,1551.17,1350.75,1548.85,6464125,ETH-USD,9959214709.950012
2024-11-04,1548.85,1551.84,1486.39,1488.46,1073697,ETH-USD,1437518517.2323592
2024-11-05,1488.46,1500.67,1292.86,1300.33,4677605,ETH-USD,5274943381.415576
2024-11-06,1300.33,1417.47,1288.86,1405.55,5671011,ETH-USD,8718001984.454317
2024-11-07,1405.55,1564.54,1393.83,1541.6,3064390,ETH-USD,4796052562.821242
2024-11-08,1541.6,1588.39,1534.2,1583.67,7188389,ETH-USD,10091653449.352087
2024-11-09,1583.67,1632.44,1579.54,1611.88,2817143,ETH-USD,4195788348.3323464
2024-11-10,1611.88,1612.05,1581.95,1607.25,2183934,ETH-USD,4165333554.059197
2024-11-11,1607.25,1633.43,1594.22,1630.02,3289255,ETH-USD,6109336803.321282
2024-11-12,1630.02,1688.3,1622.21,1668.92,2395347,ETH-USD,4605199016.374632
2024-11-13,1668.92,1671.67,1533.44,1576.03,1101227,ETH-USD,1707806118.3056471
2024-11-14,1576.03,1799.86,1569.95,1779.99,5368859,ETH-USD,10029781737.729906
2024-11-15,1779.99,1827.73,1758.74,1810.97,2787054,ETH-USD,4798476528.937665
2024-11-16,1810.97,1862.12,1690.44,1704.25,1882601,ETH-USD,2666471351.831184
2024-11-17,1704.25,1727.63,1615.88,1638.01,5161281,ETH-USD,8119676774.424454
2024-11-18,1638.01,1658.56,1613.6,1654.58,1827669,ETH-USD,3137704616.893326
2024-11-19,1654.58,1726.65,1639.95,1720.02,3027075,ETH-USD,4763325170.341531
2024-11-20,1720.02,1720.58,1691.4,1711.72,3422490,ETH-USD,6673710328.614601
2024-11-21,1711.72,1736.33,1644.07,1665.11,2564912,ETH-USD,3674819584.0731506
2024-11-22,1665.11,1691.0,1630.73,1644.02,4000959,ETH-USD,6228064925.647906
2024-11-23,1644.02,1684.79,1632.71,1674.97,2959997,ETH-USD,4214029677.4718895
2024-11-24,1674.97,1678.49,1604.24,1607.34,5112994,ETH-USD,7905471793.837946
2024-11-25,1607.34,1615.97,1588.41,1596.4,1751264,ETH-USD,2280927006.9819994
2024-11-26,1596.4,1616.51,1576.67,1604.63,1801194,ETH-USD,2627294290.3813305
2024-11-27,1604.63,1727.09,1588.64,1713.92,6023006,ETH-USD,9913068426.61996
2024-11-28,1713.92,1742.06,1708.48,1719.1,2694736,ETH-USD,4592060895.331232
2024-11-29,1719.1,1747.47,1599.77,1602.88,3258572,ETH-USD,5314392065.371823
2024-11-30,1602.88,1606.11,1567.59,1571.06,4654542,ETH-USD,6654407981.018958
2024-12-01,1571.06,1572.17,1517.72,1532.43,2921302,ETH-USD,4517950396.355955
2024-12-02,1532.43,1551.39,1483.58,1521.33,1855308,ETH-USD,2832702066.040302
2024-12-03,1521.33,1560.79,1497.2,1557.99,3331863,ETH-USD,4809320661.143873
2024-12-04,1557.99,1604.62,1545.41,1596.82,3755479,ETH-USD,6788885280.788581
2024-12-05,1596.82,1612.37,1590.94,1609.03,2571037,ETH-USD,4212400330.4649935
2024-12-06,1609.03,1617.45,1490.04,1503.23,3689437,ETH-USD,5173974669.348924
2024-12-07,1503.23,1546.18,1477.72,1542.78,5503161,ETH-USD,10009358148.07334
2024-12-08,1542.78,1548.04,1428.05,1428.24,10618034,ETH-USD,17258566703.84784
2024-12-09,1428.24,1508.68,1420.31,1475.55,1111789,ETH-USD,1957174430.876737
2024-12-10,1475.55,1483.96,1423.68,1426.86,3649521,ETH-USD,5607767586.447451
2024-12-11,1426.86,1472.76,1417.11,1470.46,1718161,ETH-USD,2403419724.4333196
2024-12-12,1470.46,1585.4,1449.0,1563.2,4798047,ETH-USD,6842862153.955942
2024-12-13,1563.2,1647.67,1559.87,1628.9,2875744,ETH-USD,4990311272.55799
2024-12-14,1628.9,1678.13,1628.19,1672.62,4910795,ETH-USD,9793644496.818354
2024-12-15,1672.62,1678.12,1617.58,1632.82,2388371,ETH-USD,4097444307.022199
2024-12-16,1632.82,1640.78,1575.96,1610.73,1334232,ETH-USD,2477137070.5865664
2024-12-17,1610.73,1632.73,1609.78,1628.09,2898339,ETH-USD,4396189007.703934
2024-12-18,1628.09,1665.35,1606.43,1660.92,2981285,ETH-USD,4767381997.699135
2024-12-19,1660.92,1729.02,1654.96,1690.42,7962283,ETH-USD,15646923709.485016
2024-12-20,1690.42,1703.52,1643.84,1654.3,4330287,ETH-USD,7899629267.8949175
2024-12-21,1654.3,1659.44,1538.52,1565.5,3819502,ETH-USD,7130854179.133919
2024-12-22,1565.5,1580.84,1519.41,1532.63,2696922,ETH-USD,4587665912.347598
2024-12-23,1532.63,1541.14,1519.88,1528.9,3106063,ETH-USD,4651063047.003974
2024-12-24,1528.9,1540.14,1429.04,1447.94,1565961,ETH-USD,2295595239.948359
2024-12-25,1447.94,1455.04,1412.04,1424.0,2531816,ETH-USD,4182898344.664821
2024-12-26,1424.0,1453.79,1198.66,1208.3,6407929,ETH-USD,7902654696.750806
2024-12-27,1208.3,1220.72,1180.12,1181.79,7923320,ETH-USD,8447546066.245534
2024-12-28,1181.79,1182.74,1124.58,1126.92,4167414,ETH-USD,4575401629.216416
2024-12-29,1126.92,1133.68,1125.5,1129.59,4211452,ETH-USD,4788261525.332873
2024-12-30,1129.59,1144.27,1098.99,1111.93,3076862,ETH-USD,2869365422.914056
2021-01-01,38.0,38.12,37.14,37.2,6556685,BNB-USD,287435349.0373674
2021-01-02,37.2,37.56,36.35,36.48,4279601,BNB-USD,149182064.30470008
2021-01-03,36.48,37.56,35.54,37.56,1607333,BNB-USD,63746042.47440108
2021-01-04,37.56,39.08,37.41,38.3,2777589,BNB-USD,103305531.65564059
2021-01-05,38.3,40.99,37.93,40.77,2452138,BNB-USD,81850114.15694477
2021-01-06,40.77,41.76,38.77,39.46,4213012,BNB-USD,166480366.71772555
2021-01-07,39.46,40.24,39.14,39.57,3532177,BNB-USD,115499648.97127718
2021-01-08,39.57,40.57,39.54,40.12,2120363,BNB-USD,98125345.521425
2021-01-09,40.12,40.64,38.48,38.85,3908175,BNB-USD,167200302.55512485
2021-01-10,38.85,38.95,36.65,37.31,2688449,BNB-USD,95437236.41769229
2021-01-11,37.31,39.11,36.75,38.69,3287322,BNB-USD,134320056.0720615
2021-01-12,38.69,39.59,38.49,39.46,6264013,BNB-USD,208818718.42659
2021-01-13,39.46,41.91,39.39,41.52,4406221,BNB-USD,197768969.75397637
2021-01-14,41.52,43.92,41.39,43.22,1343258,BNB-USD,65550181.60641835
2021-01-15,43.22,44.16,41.73,42.62,1356416,BNB-USD,65250554.200719
2021-01-16,42.62,43.81,42.49,43.46,1273499,BNB-USD,50570493.60232984
2021-01-17,43.46,48.26,43.42,48.15,5468006,BNB-USD,238403704.00911158
2021-01-18,48.15,48.8,46.68,47.26,2274072,BNB-USD,108392509.14679945
2021-01-19,47.26,47.3,45.99,46.25,4477465,BNB-USD,245829775.6857817
2021-01-20,46.25,46.33,42.91,43.11,3457265,BNB-USD,174113045.16375643
2021-01-21,43.11,44.78,42.96,43.74,4677918,BNB-USD,193124265.44642296
2021-01-22,43.74,44.5,42.05,42.96,3517119,BNB-USD,168007816.31609315
2021-01-23,42.96,43.01,41.49,41.57,4024179,BNB-USD,195477198.29325137
2021-01-24,41.57,44.15,41.14,43.51,3275179,BNB-USD,128875556.2860121
2021-01-25,43.51,44.06,43.29,43.98,5272052,BNB-USD,262498427.05869573
2021-01-26,43.98,44.34,42.32,42.42,2799060,BNB-USD,107712455.6388882
2021-01-27,42.42,44.91,41.66,44.91,3998217,BNB-USD,168303825.55179626
2021-01-28,44.91,46.74,44.75,46.21,2393326,BNB-USD,97271952.56623483
2021-01-29,46.21,46.41,45.69,46.24,5292858,BNB-USD,245434842.89698285
2021-01-30,46.24,46.38,42.75,43.2,4818382,BNB-USD,236738730.81563598
2021-01-31,43.2,44.4,42.99,44.3,3113015,BNB-USD,139453994.06024534
2021-02-01,44.3,47.54,44.17,46.69,2200896,BNB-USD,87281737.36585869
2021-02-02,46.69,49.31,46.44,49.06,5457859,BNB-USD,241176517.55161777
2021-02-03,49.06,49.52,46.86,47.11,2430896,BNB-USD,117399074.66957866
2021-02-04,47.11,49.0,46.96,47.9,3499789,BNB-USD,173218107.56364387
2021-02-05,47.9,48.49,45.15,45.51,3291945,BNB-USD,154425123.7145579
2021-02-06,45.51,48.56,45.47,48.11,10536556,BNB-USD,421144617.7298401
2021-02-07,48.11,49.01,47.72,48.91,2870772,BNB-USD,154657979.68543753
2021-02-08,48.91,49.18,48.11,48.3,2512822,BNB-USD,141246108.59042788
2021-02-09,48.3,49.37,47.37,48.74,3157360,BNB-USD,154537229.5952681
2021-02-10,48.74,48.99,48.41,48.68,5221280,BNB-USD,276420013.54810953
2021-02-11,48.68,49.38,43.16,43.81,3115425,BNB-USD,159089824.0210072
2021-02-12,43.81,45.15,43.28,45.11,7545748,BNB-USD,359807561.49845034
2021-02-13,45.11,45.54,43.56,43.89,3936848,BNB-USD,184836834.06981754
2021-02-14,43.89,44.09,42.94,43.6,3494089,BNB-USD,165833981.69021437
2021-02-15,43.6,44.46,42.93,44.29,4323593,BNB-USD,173147194.469146
2021-02-16,44.29,44.79,41.76,42.11,2409786,BNB-USD,104832019.39137982
2021-02-17,42.11,42.12,39.08,39.4,1980777,BNB-USD,88724309.9265455
2021-02-18,39.4,39.88,39.26,39.86,4241123,BNB-USD,155267591.79307175
2021-02-19,39.86,42.67,39.85,42.4,2647622,BNB-USD,130093585.4981225
2021-02-20,42.4,43.63,41.79,43.01,9645366,BNB-USD,434823237.1747311
2021-02-21,43.01,43.4,42.73,43.16,1291108,BNB-USD,54011812.64855469
2021-02-22,43.16,43.27,39.15,39.74,8103760,BNB-USD,337911527.388287
2021-02-23,39.74,40.25,36.9,37.26,3796702,BNB-USD,135911756.56920853
2021-02-24,37.26,42.27,37.02,42.23,1692309,BNB-USD,81129458.26791395
2021-02-25,42.23,42.5,39.4,39.46,4996924,BNB-USD,195784061.83987984
2021-02-26,39.46,40.01,39.17,39.73,4837324,BNB-USD,223030060.45462444
2021-02-27,39.73,39.92,37.31,37.42,899981,BNB-USD,33809412.84937751
2021-02-28,37.42,37.78,37.27,37.29,4285137,BNB-USD,170043041.68729824
2021-03-01,37.29,41.33,36.95,40.73,5227399,BNB-USD,255302257.62510762
2021-03-02,40.73,41.07,39.46,39.71,5116295,BNB-USD,174477966.3310521
2021-03-03,39.71,39.78,38.82,39.1,1519734,BNB-USD,65048329.256935775
2021-03-04,39.1,39.31,37.26,37.73,1795978,BNB-USD,57973917.79910565
2021-03-05,37.73,39.86,37.65,39.83,3540083,BNB-USD,160113773.03730056
2021-03-06,39.83,40.49,39.79,39.93,3354126,BNB-USD,139097461.4064754
2021-03-07,39.93,39.94,35.74,36.21,2807628,BNB-USD,119482268.09216945
2021-03-08,36.21,36.43,34.88,35.37,4038615,BNB-USD,163755959.81514063
2021-03-09,35.37,38.14,35.36,37.46,1829544,BNB-USD,56880308.188792214
2021-03-10,37.46,39.04,37.31,38.88,2735341,BNB-USD,90920899.7768314
2021-03-11,38.88,39.57,36.85,37.13,2672670,BNB-USD,103252166.00354163
2021-03-12,37.13,38.87,37.07,38.86,8281874,BNB-USD,324191330.4152879
2021-03-13,38.86,39.12,37.69,38.04,8900772,BNB-USD,293697768.14077127
2021-03-14,38.04,38.38,36.55,36.78,6794630,BNB-USD,212856277.4670319
2021-03-15,36.78,37.54,36.34,37.13,4749862,BNB-USD,180876602.70548153
2021-03-16,37.13,37.49,36.23,36.78,2560560,BNB-USD,77184839.0542847
2021-03-17,36.78,36.84,33.9,33.97,4326938,BNB-USD,168959639.29254267
2021-03-18,33.97,34.16,31.41,32.14,1614951,BNB-USD,58280122.39238389
2021-03-19,32.14,32.24,29.49,29.81,3767159,BNB-USD,125117715.88878223
2021-03-20,29.81,30.77,29.79,30.47,3209017,BNB-USD,78848670.79562224
2021-03-21,30.47,31.18,29.81,31.09,1107408,BNB-USD,28199549.789725944
2021-03-22,31.09,31.25,29.99,30.17,4554126,BNB-USD,140137099.2767428
2021-03-23,30.17,31.74,29.84,31.71,2308337,BNB-USD,87673629.56731367
2021-03-24,31.71,31.75,29.6,29.85,1306493,BNB-USD,36539023.461046636
2021-03-25,29.85,31.19,29.62,30.42,4566357,BNB-USD,130261510.63758582
2021-03-26,30.42,33.68,30.07,33.61,3295272,BNB-USD,94552007.24986513
2021-03-27,33.61,34.9,33.25,34.38,5536545,BNB-USD,203620095.3456252
2021-03-28,34.38,34.42,33.05,33.06,2360920,BNB-USD,82631379.66353832
2021-03-29,33.06,39.03,32.7,38.78,3863754,BNB-USD,125941817.73410584
2021-03-30,38.78,39.82,38.46,39.71,2939721,BNB-USD,115214653.02419524
2021-03-31,39.71,40.2,37.55,37.79,4988471,BNB-USD,201112724.15943933
2021-04-01,37.79,38.45,36.27,36.31,878778,BNB-USD,31825673.21800618
2021-04-02,36.31,37.28,36.29,37.11,3149043,BNB-USD,125011505.75085156
2021-04-03,37.11,38.94,36.54,38.88,6928106,BNB-USD,303441601.3216256
2021-04-04,38.88,39.18,37.25,37.52,6009030,BNB-USD,242216295.8454722
2021-04-05,37.52,37.82,36.68,36.87,3322959,BNB-USD,128207908.60778217
2021-04-06,36.87,37.28,36.35,36.94,2545961,BNB-USD,107349553.55347788
2021-04-07,36.94,38.6,36.47,38.15,5660437,BNB-USD,250547818.47155762
2021-04-08,38.15,38.21,35.05,35.83,6316498,BNB-USD,216261229.24275246
2021-04-09,35.83,37.96,35.34,37.44,3710322,BNB-USD,120758330.08391388
2021-04-10,37.44,38.26,37.2,38.2,2607837,BNB-USD,112285395.11038116
2021-04-11,38.2,38.78,37.13,37.19,5495100,BNB-USD,180963485.9560306
2021-04-12,37.19,37.67,34.51,35.22,2484228,BNB-USD,102506841.65300007
2021-04-13,35.22,37.74,35.13,37.64,1291533,BNB-USD,39335510.68118288
2021-04-14,37.64,38.15,37.38,37.85,2187589,BNB-USD,96752786.2754408
2021-04-15,37.85,39.03,37.74,38.95,3562491,BNB-USD,143709002.47095257
2021-04-16,38.95,42.78,38.36,41.9,3448994,BNB-USD,160394354.95506784
2021-04-17,41.9,42.7,41.74,42.56,1960680,BNB-USD,80058363.80998695
2021-04-18,42.56,43.83,42.53,43.07,2077416,BNB-USD,107072696.9272651
2021-04-19,43.07,44.24,42.75,43.95,2843316,BNB-USD,111345261.36857209
2021-04-20,43.95,46.72,43.89,46.31,1943528,BNB-USD,81520702.80169621
2021-04-21,46.31,46.58,44.57,45.07,3895839,BNB-USD,144080686.7988348
2021-04-22,45.07,45.52,42.74,43.65,6431494,BNB-USD,330197178.382898
2021-04-23,43.65,43.77,39.18,39.31,1398086,BNB-USD,53992130.66817045
2021-04-24,39.31,39.69,37.97,38.26,3198610,BNB-USD,130938111.37708448
2021-04-25,38.26,39.32,38.04,38.59,2837031,BNB-USD,117689507.57447042
2021-04-26,38.59,40.3,38.46,40.18,2051341,BNB-USD,94769897.99151076
2021-04-27,40.18,42.74,39.71,42.4,4661803,BNB-USD,210700126.71893653
2021-04-28,42.4,42.62,39.41,39.41,3230275,BNB-USD,130463383.81266095
2021-04-29,39.41,40.06,32.76,33.2,1608207,BNB-USD,57884242.79923161
2021-04-30,33.2,33.55,32.56,33.37,4620025,BNB-USD,169647124.99888864
2021-05-01,33.37,34.57,33.07,34.05,5695856,BNB-USD,169578953.6077806
2021-05-02,34.05,34.44,32.74,32.87,1555200,BNB-USD,43137985.54571086
2021-05-03,32.87,33.06,30.42,30.57,5014518,BNB-USD,127224598.55150291
2021-05-04,30.57,30.89,30.47,30.58,2671862,BNB-USD,77589329.0655555
2021-05-05,30.58,32.6,30.39,32.39,2836980,BNB-USD,91816279.18969527
2021-05-06,32.39,32.84,32.13,32.67,9601778,BNB-USD,328201377.9344626
2021-05-07,32.67,33.94,32.56,33.54,3707849,BNB-USD,147145954.62504718
2021-05-08,33.54,34.46,29.37,29.62,6348410,BNB-USD,175312447.36890092
2021-05-09,29.62,33.23,29.2,33.18,4090103,BNB-USD,149870864.67340678
2021-05-10,33.18,35.17,33.11,35.05,3553708,BNB-USD,126119795.64708649
2021-05-11,35.05,35.97,34.79,35.23,1635133,BNB-USD,51155965.44552799
2021-05-12,35.23,36.28,34.89,36.05,4678474,BNB-USD,176437906.48126823
2021-05-13,36.05,36.57,35.7,36.53,4261879,BNB-USD,184779638.2659985
2021-05-14,36.53,36.77,35.81,36.11,1942627,BNB-USD,59606613.18264604
2021-05-15,36.11,36.22,35.14,35.19,4430192,BNB-USD,156352418.10270503
2021-05-16,35.19,37.95,34.82,37.79,3059540,BNB-USD,94882796.7854331
2021-05-17,37.79,39.2,37.62,38.95,5919015,BNB-USD,214058513.5441998
2021-05-18,38.95,42.59,38.9,42.2,5575985,BNB-USD,246658007.81425998
2021-05-19,42.2,45.32,41.78,44.24,6510529,BNB-USD,327319082.1021342
2021-05-20,44.24,47.43,43.96,46.48,6711892,BNB-USD,340710847.17956936
2021-05-21,46.48,48.13,46.04,47.15,2339142,BNB-USD,108651926.82607432
2021-05-22,47.15,47.18,44.08,44.64,5434921,BNB-USD,282328284.4094361
2021-05-23,44.64,47.25,43.83,47.02,1446985,BNB-USD,62668135.24454167
2021-05-24,47.02,50.92,46.81,50.27,1847237,BNB-USD,102294625.14077957
2021-05-25,50.27,50.57,49.05,49.08,3534913,BNB-USD,171689823.4135236
2021-05-26,49.08,49.24,46.15,46.73,9325266,BNB-USD,505255030.30882734
2021-05-27,46.73,51.86,46.32,51.63,2832015,BNB-USD,163612820.6048106
2021-05-28,51.63,51.95,49.03,49.15,3566674,BNB-USD,203453405.27851367
2021-05-29,49.15,49.79,47.38,47.57,2722404,BNB-USD,114702252.97970127
2021-05-30,47.57,51.69,47.34,51.53,3693443,BNB-USD,203124283.58923697
2021-05-31,51.53,51.93,49.39,49.52,1387997,BNB-USD,75289791.93349664
2021-06-01,49.52,49.91,47.5,48.39,2990926,BNB-USD,158764843.94114196
2021-06-02,48.39,48.41,45.49,45.64,2463604,BNB-USD,112618809.03851435
2021-06-03,45.64,46.12,44.27,44.65,2225819,BNB-USD,79953498.12753968
2021-06-04,44.65,53.82,44.55,53.48,4669904,BNB-USD,225913738.47759873
2021-06-05,53.48,55.72,53.29,55.28,1260336,BNB-USD,64747025.74512862
2021-06-06,55.28,56.47,54.92,56.21,4478229,BNB-USD,287167291.3234772
2021-06-07,56.21,57.24,54.55,56.1,6171611,BNB-USD,393436978.0386338
2021-06-08,56.1,56.39,53.56,53.64,921985,BNB-USD,41635013.66963569
2021-06-09,53.64,55.53,53.64,55.39,3763997,BNB-USD,246001910.06042492
2021-06-10,55.39,55.82,54.73,55.56,1719471,BNB-USD,83399390.46263753
2021-06-11,55.56,55.69,46.81,47.24,3060081,BNB-USD,139606208.1074851
2021-06-12,47.24,53.64,46.8,53.07,3050785,BNB-USD,143458137.1650074
2021-06-13,53.07,57.11,52.83,56.9,4306771,BNB-USD,280375818.0610846
2021-06-14,56.9,57.22,56.16,56.49,992705,BNB-USD,61672282.87465775
2021-06-15,56.49,60.44,56.4,59.42,906132,BNB-USD,50687821.35478509
2021-06-16,59.42,60.49,49.66,50.27,2205749,BNB-USD,118949901.46809457
2021-06-17,50.27,50.65,47.71,48.94,5158421,BNB-USD,220580097.32132664
2021-06-18,48.94,51.13,48.91,50.62,5070214,BNB-USD,244570652.9038231
2021-06-19,50.62,50.97,49.62,49.76,2659532,BNB-USD,125832962.5774922
2021-06-20,49.76,50.92,47.55,48.42,6187185,BNB-USD,268179559.4964912
2021-06-21,48.42,48.8,46.27,46.62,5898757,BNB-USD,316394384.5220613
2021-06-22,46.62,49.13,46.0,48.91,2082927,BNB-USD,109163991.93677534
2021-06-23,48.91,52.73,48.74,51.89,914656,BNB-USD,43283735.68941339
2021-06-24,51.89,59.53,51.6,58.5,2983043,BNB-USD,156507217.77948955
2021-06-25,58.5,59.19,55.16,55.84,4840118,BNB-USD,218158680.85970673
2021-06-26,55.84,56.47,53.46,53.89,7476360,BNB-USD,378176172.5748466
2021-06-27,53.89,55.2,53.25,53.32,6202966,BNB-USD,334283903.8099465
2021-06-28,53.32,56.14,52.36,55.73,2134229,BNB-USD,108364906.17822453
2021-06-29,55.73,63.86,55.35,63.41,2689344,BNB-USD,184205067.4738885
2021-06-30,63.41,68.85,63.09,68.0,1658978,BNB-USD,108828271.95580943
2021-07-01,68.0,68.43,66.53,67.33,1360494,BNB-USD,84871795.13902624
2021-07-02,67.33,70.77,66.99,70.03,5468257,BNB-USD,450195491.5217405
2021-07-03,70.03,73.1,69.94,72.18,3238082,BNB-USD,211549035.6664347
2021-07-04,72.18,72.71,64.57,65.23,3913182,BNB-USD,244868685.61508185
2021-07-05,65.23,71.52,65.07,70.96,3748880,BNB-USD,253495298.3154006
2021-07-06,70.96,75.61,70.89,74.98,2131068,BNB-USD,143246173.11477917
2021-07-07,74.98,76.86,74.2,76.58,6320468,BNB-USD,429322513.4111025
2021-07-08,76.58,77.18,72.51,72.79,6364506,BNB-USD,426651639.2040287
2021-07-09,72.79,75.7,72.39,75.27,7999546,BNB-USD,689852229.4984416
2021-07-10,75.27,76.45,74.39,76.33,2968423,BNB-USD,250785954.72294536
2021-07-11,76.33,77.38,75.04,75.78,5468083,BNB-USD,444371733.4859179
2021-07-12,75.78,75.89,68.93,69.68,4759597,BNB-USD,325958023.94506615
2021-07-13,69.68,70.71,69.12,69.57,4120381,BNB-USD,287543993.264921
2021-07-14,69.57,70.4,66.07,67.51,5114773,BNB-USD,313135698.56510705
2021-07-15,67.51,71.07,66.97,69.73,3637467,BNB-USD,210452271.54239532
2021-07-16,69.73,69.95,65.23,66.0,5550863,BNB-USD,341597170.93389696
2021-07-17,66.0,66.27,60.66,61.56,2911826,BNB-USD,178935360.31653622
2021-07-18,61.56,62.64,61.33,62.29,3411371,BNB-USD,174866917.94299787
2021-07-19,62.29,62.43,61.63,61.84,1707650,BNB-USD,88207873.45450538
2021-07-20,61.84,67.67,61.08,66.68,1200483,BNB-USD,72460444.40834919
2021-07-21,66.68,70.65,65.49,69.77,1974320,BNB-USD,130424525.03003287
2021-07-22,69.77,70.86,68.48,69.06,4689720,BNB-USD,310051381.4033039
2021-07-23,69.06,69.49,63.54,63.9,4129943,BNB-USD,223566897.64777973
2021-07-24,63.9,64.33,63.71,63.74,4306033,BNB-USD,244365397.37983435
2021-07-25,63.74,66.43,63.67,66.4,2679875,BNB-USD,160978352.0508125
2021-07-26,66.4,70.78,66.06,70.57,7081910,BNB-USD,413337074.30750924
2021-07-27,70.57,75.17,70.54,75.12,2059638,BNB-USD,143957664.3737808
2021-07-28,75.12,80.12,75.02,80.01,2411894,BNB-USD,159955312.81109828
2021-07-29,80.01,80.69,79.71,80.5,1890883,BNB-USD,164603903.7514383
2021-07-30,80.5,86.88,80.04,86.35,7626105,BNB-USD,628498502.7280743
2021-07-31,86.35,86.73,83.58,83.74,1493266,BNB-USD,116380519.98056194
2021-08-01,83.74,85.09,83.39,84.42,2933311,BNB-USD,210636371.6285638
2021-08-02,84.42,93.02,83.33,91.58,2457478,BNB-USD,200435055.9364257
2021-08-03,91.58,97.26,91.16,96.33,3947253,BNB-USD,339584532.5375637
2021-08-04,96.33,100.22,95.5,99.8,1363964,BNB-USD,162542706.38287914
2021-08-05,99.8,105.32,99.54,105.13,5018520,BNB-USD,598368739.2516791
2021-08-06,105.13,105.46,94.81,95.67,9361252,BNB-USD,721940291.3533307
2021-08-07,95.67,96.52,94.36,95.67,2684274,BNB-USD,268806158.1895653
2021-08-08,95.67,96.17,87.38,88.78,7540614,BNB-USD,604092758.9486979
2021-08-09,88.78,95.59,88.44,94.87,2356524,BNB-USD,188184691.27040032
2021-08-10,94.87,95.54,92.03,94.04,3818889,BNB-USD,388663000.69693244
2021-08-11,94.04,95.08,91.04,92.3,2869891,BNB-USD,225857198.48630548
2021-08-12,92.3,92.91,90.73,91.11,3981402,BNB-USD,354582423.78127784
2021-08-13,91.11,94.77,88.82,94.08,3296440,BNB-USD,326524379.3381845
2021-08-14,94.08,95.23,85.55,86.42,2343405,BNB-USD,206931507.22294986
2021-08-15,86.42,89.22,84.78,88.28,3408038,BNB-USD,358341695.5047314
2021-08-16,88.28,89.91,87.11,89.61,2030394,BNB-USD,202739222.94661087
2021-08-17,89.61,95.69,88.34,95.21,5002600,BNB-USD,528536598.8715912
2021-08-18,95.21,99.2,94.41,97.58,7226997,BNB-USD,664476117.1903393
2021-08-19,97.58,98.63,97.06,97.52,1613077,BNB-USD,126374084.0048013
2021-08-20,97.52,99.33,96.02,98.15,3172267,BNB-USD,340552293.9134369
2021-08-21,98.15,99.35,78.01,78.86,2366643,BNB-USD,223940159.56129715
2021-08-22,78.86,79.48,77.43,77.85,3761894,BNB-USD,281837620.2897483
2021-08-23,77.85,78.36,77.61,78.31,6561407,BNB-USD,613612162.7490588
2021-08-24,78.31,79.5,72.65,72.99,1672523,BNB-USD,104581709.09220532
2021-08-25,72.99,74.52,68.48,68.65,3362342,BNB-USD,212036781.7719028
2021-08-26,68.65,73.72,67.69,73.64,1085509,BNB-USD,69408457.69866897
2021-08-27,73.64,74.09,72.85,73.59,2290926,BNB-USD,166915218.75370246
2021-08-28,73.59,74.93,70.81,71.26,2060742,BNB-USD,164292981.2763758
2021-08-29,71.26,71.6,65.85,66.37,1141957,BNB-USD,70961078.4671732
2021-08-30,66.37,66.96,64.44,65.85,3457928,BNB-USD,264704631.16238388
2021-08-31,65.85,66.18,63.62,64.0,2429870,BNB-USD,158300341.1568037
2021-09-01,64.0,66.95,63.8,66.51,7016676,BNB-USD,460224839.08211917
2021-09-02,66.51,68.69,65.01,68.51,2868677,BNB-USD,219097874.37434012
2021-09-03,68.51,69.38,63.24,63.78,3551004,BNB-USD,190376520.53728408
2021-09-04,63.78,63.8,61.03,61.98,973966,BNB-USD,66976594.53970937
2021-09-05,61.98,62.84,61.49,62.27,2170275,BNB-USD,121247726.62037693
2021-09-06,62.27,63.8,61.73,63.29,6538347,BNB-USD,377531023.95058537
2021-09-07,63.29,63.95,61.4,61.49,3276202,BNB-USD,209467791.67344204
2021-09-08,61.49,63.8,60.99,63.28,2629890,BNB-USD,193175319.8445456
2021-09-09,63.28,67.23,62.93,67.04,3954592,BNB-USD,273430617.66100246
2021-09-10,67.04,67.06,66.59,66.76,4319972,BNB-USD,305584206.88088304
2021-09-11,66.76,67.54,63.54,64.22,4172192,BNB-USD,297582269.53484833
2021-09-12,64.22,64.39,63.56,64.04,2900310,BNB-USD,167855043.98395765
2021-09-13,64.04,64.45,59.72,60.25,1052494,BNB-USD,71713080.10110618
2021-09-14,60.25,64.13,60.19,63.68,3932699,BNB-USD,242216036.17215616
2021-09-15,63.68,67.73,63.35,67.54,2947422,BNB-USD,173242138.50365672
2021-09-16,67.54,71.31,66.61,70.61,2302392,BNB-USD,152825263.73369685
2021-09-17,70.61,71.89,66.91,68.11,3286643,BNB-USD,201121503.96337518
2021-09-18,68.11,69.49,64.5,64.58,2589007,BNB-USD,149054647.18102884
2021-09-19,64.58,65.16,59.98,60.75,2302893,BNB-USD,127732921.14102782
2021-09-20,60.75,60.95,59.74,59.89,4102621,BNB-USD,214347090.00994742
2021-09-21,59.89,59.99,56.92,58.2,1900278,BNB-USD,118015049.05821903
2021-09-22,58.2,59.19,51.28,51.49,2723338,BNB-USD,144711400.82901585
2021-09-23,51.49,51.59,49.62,50.61,3011240,BNB-USD,161447806.2930103
2021-09-24,50.61,50.78,49.98,50.26,2652005,BNB-USD,124957812.97168447
2021-09-25,50.26,54.09,50.0,53.52,4270714,BNB-USD,253229649.19265813
2021-09-26,53.52,53.76,50.28,50.58,3968450,BNB-USD,170985605.18825626
2021-09-27,50.58,50.89,49.1,49.26,3945220,BNB-USD,199871464.1872282
2021-09-28,49.26,49.27,48.81,49.24,2438184,BNB-USD,109272876.79265207
2021-09-29,49.24,49.62,48.53,48.89,2128085,BNB-USD,105191112.20082796
2021-09-30,48.89,48.9,42.17,42.42,3440421,BNB-USD,135647114.9950219
2021-10-01,42.42,45.04,42.11,44.18,3708417,BNB-USD,182876593.7745386
2021-10-02,44.18,48.0,44.04,47.3,1257473,BNB-USD,68787373.4851459
2021-10-03,47.3,47.3,46.17,46.49,2719798,BNB-USD,138712527.75894046
2021-10-04,46.49,47.52,44.23,44.42,3715714,BNB-USD,143633791.0085853
2021-10-05,44.42,44.66,42.89,43.15,1430497,BNB-USD,56167324.12136698
2021-10-06,43.15,45.36,42.47,45.2,4471434,BNB-USD,236011201.77498558
2021-10-07,45.2,45.84,44.64,45.61,3818694,BNB-USD,169796869.28928983
2021-10-08,45.61,46.09,44.49,44.53,3667728,BNB-USD,192146054.77639252
2021-10-09,44.53,47.12,44.4,46.22,5407580,BNB-USD,239186168.73082572
2021-10-10,46.22,46.66,44.25,45.07,2288216,BNB-USD,121766484.4658355
2021-10-11,45.07,46.72,44.54,46.27,6367513,BNB-USD,344798136.6697902
2021-10-12,46.27,46.68,46.14,46.56,4527558,BNB-USD,224338926.92783627
2021-10-13,46.56,48.26,45.78,48.07,2414537,BNB-USD,93263245.75671607
2021-10-14,48.07,48.23,47.69,47.83,2606895,BNB-USD,119716968.63808513
2021-10-15,47.83,48.24,46.67,47.2,4549795,BNB-USD,250075474.9369245
2021-10-16,47.2,47.64,46.0,46.03,6140168,BNB-USD,326169719.2176879
2021-10-17,46.03,46.42,45.06,45.38,2283570,BNB-USD,90670204.93609585
2021-10-18,45.38,45.43,42.8,43.44,2449956,BNB-USD,102134243.59181766
2021-10-19,43.44,44.14,42.91,43.89,4686416,BNB-USD,233290783.37730473
2021-10-20,43.89,45.13,43.22,44.58,6983167,BNB-USD,321007233.726025
2021-10-21,44.58,45.12,42.77,42.91,4051814,BNB-USD,198016380.44751963
2021-10-22,42.91,45.25,42.05,45.19,2333641,BNB-USD,119232794.38587321
2021-10-23,45.19,45.72,41.95,41.95,7642454,BNB-USD,372856591.9486829
2021-10-24,41.95,42.27,36.77,37.43,3925600,BNB-USD,124437699.0033013
2021-10-25,37.43,38.59,36.54,38.57,2838470,BNB-USD,93943079.47447976
2021-10-26,38.57,40.48,38.2,40.21,6840397,BNB-USD,229152618.3465251
2021-10-27,40.21,40.34,37.66,37.73,4191477,BNB-USD,185678563.83295897
2021-10-28,37.73,39.36,37.09,39.06,2616553,BNB-USD,101187173.01786157
2021-10-29,39.06,42.55,38.93,42.23,2333756,BNB-USD,81379431.57298258
2021-10-30,42.23,43.41,41.58,42.78,2663104,BNB-USD,105794521.94536534
2021-10-31,42.78,42.92,41.19,41.48,2316293,BNB-USD,90369334.15150408
2021-11-01,41.48,41.67,37.73,37.81,2564680,BNB-USD,108977825.43523678
2021-11-02,37.81,43.75,37.81,42.72,1582934,BNB-USD,73992396.42547588
2021-11-03,42.72,43.04,38.45,38.84,2851059,BNB-USD,119123851.49962851
2021-11-04,38.84,38.98,35.32,35.63,7327215,BNB-USD,211138091.80253798
2021-11-05,35.63,35.76,33.5,33.67,1928132,BNB-USD,75585186.46665965
2021-11-06,33.67,35.88,33.41,35.88,1930237,BNB-USD,61376998.981053434
2021-11-07,35.88,36.9,35.39,36.22,2110444,BNB-USD,80386477.73148988
2021-11-08,36.22,37.52,36.1,36.6,4256254,BNB-USD,128475158.0387292
2021-11-09,36.6,36.84,34.49,34.62,1968228,BNB-USD,56734119.588157624
2021-11-10,34.62,34.85,33.49,33.7,3632398,BNB-USD,98398399.7516381
2021-11-11,33.7,35.76,33.4,35.66,5107476,BNB-USD,186935623.33115977
2021-11-12,35.66,35.66,34.42,34.69,5130483,BNB-USD,187187069.26296815
2021-11-13,34.69,35.16,32.36,32.86,2085028,BNB-USD,56194166.166801795
2021-11-14,32.86,33.72,32.27,33.52,2405335,BNB-USD,73869813.43562074
2021-11-15,33.52,34.76,33.47,34.42,1990801,BNB-USD,78156506.82338575
2021-11-16,34.42,34.56,31.63,31.86,2988660,BNB-USD,80033546.78317784
2021-11-17,31.86,32.3,31.54,32.17,1153881,BNB-USD,32911604.185206298
2021-11-18,32.17,32.34,30.42,30.5,1552217,BNB-USD,45910811.230985634
2021-11-19,30.5,30.76,29.0,29.41,1353072,BNB-USD,45242008.90009082
2021-11-20,29.41,31.83,29.16,31.12,4288693,BNB-USD,120376583.47129416
2021-11-21,31.12,31.19,30.19,30.22,1865565,BNB-USD,67588286.13740958
2021-11-22,30.22,30.59,29.69,30.07,3625157,BNB-USD,102697395.61254643
2021-11-23,30.07,30.16,29.01,29.17,10638075,BNB-USD,296218080.7733954
2021-11-24,29.17,30.5,28.69,30.44,2000592,BNB-USD,51692826.8343928
2021-11-25,30.44,30.67,30.12,30.64,4944232,BNB-USD,162410631.91127563
2021-11-26,30.64,32.78,30.63,32.53,4557941,BNB-USD,133055272.18618074
2021-11-27,32.53,33.04,29.06,29.28,2986279,BNB-USD,91945431.88036144
2021-11-28,29.28,30.69,28.4,30.57,3223369,BNB-USD,87626553.60260949
2021-11-29,30.57,32.0,30.48,31.68,2564772,BNB-USD,77607736.97604316
2021-11-30,31.68,31.91,31.0,31.14,3491380,BNB-USD,124232753.58152774
2021-12-01,31.14,31.92,30.95,31.85,7228674,BNB-USD,252234902.29215893
2021-12-02,31.85,33.32,31.78,33.17,3232160,BNB-USD,92398120.11731482
2021-12-03,33.17,37.01,32.79,36.67,3029344,BNB-USD,115871994.1887115
2021-12-04,36.67,40.33,36.61,39.85,1757930,BNB-USD,73658202.19710322
2021-12-05,39.85,40.06,39.24,39.58,3696403,BNB-USD,122343103.19356069
2021-12-06,39.58,40.07,37.72,38.03,7504135,BNB-USD,281478870.27344984
2021-12-07,38.03,38.21,36.58,36.97,3923836,BNB-USD,131176836.2133257
2021-12-08,36.97,38.71,36.37,38.37,1596091,BNB-USD,60436805.19781199
2021-12-09,38.37,38.48,36.95,37.21,3769375,BNB-USD,155803062.1704865
2021-12-10,37.21,39.33,36.96,39.15,2597562,BNB-USD,87793295.87284222
2021-12-11,39.15,39.66,38.23,38.54,1514313,BNB-USD,49567791.841323994
2021-12-12,38.54,40.96,38.32,40.7,2651105,BNB-USD,97943675.87401032
2021-12-13,40.7,41.56,38.77,39.24,1922743,BNB-USD,89097825.34491923
2021-12-14,39.24,39.86,38.76,39.48,3770250,BNB-USD,163604870.9952201
2021-12-15,39.48,39.89,38.72,39.19,5584071,BNB-USD,176774880.39530244
2021-12-16,39.19,41.25,38.76,40.73,5241762,BNB-USD,205042899.93830803
2021-12-17,40.73,41.86,40.43,41.05,3597253,BNB-USD,133337487.7330788
2021-12-18,41.05,43.26,40.9,42.82,2141321,BNB-USD,96758030.8487089
2021-12-19,42.82,45.16,42.33,44.8,5475028,BNB-USD,241287335.17572823
2021-12-20,44.8,45.84,44.56,45.49,5703583,BNB-USD,307662760.643331
2021-12-21,45.49,45.89,44.7,45.81,2000268,BNB-USD,81332019.30205476
2021-12-22,45.81,46.43,44.81,44.96,3384693,BNB-USD,157523645.3403209
2021-12-23,44.96,45.26,44.68,44.76,2661392,BNB-USD,128663825.51597482
2021-12-24,44.76,45.59,42.53,43.45,3189622,BNB-USD,156636948.5896927
2021-12-25,43.45,47.6,43.05,47.59,3760812,BNB-USD,172317023.12209016
2021-12-26,47.59,48.43,46.78,48.25,2095797,BNB-USD,108682987.45474455
2021-12-27,48.25,48.6,44.21,44.64,2738966,BNB-USD,112642621.14782432
2021-12-28,44.64,44.9,42.05,42.2,5565469,BNB-USD,228801085.7657007
2021-12-29,42.2,46.49,42.11,46.25,1288376,BNB-USD,69017145.26463924
2021-12-30,46.25,46.68,44.35,44.83,1817909,BNB-USD,96163283.5348144
2021-12-31,44.83,45.28,44.63,45.06,5853665,BNB-USD,286852788.1145002
2022-01-01,45.06,45.63,43.61,44.31,4644072,BNB-USD,195436541.94080153
2022-01-02,44.31,46.72,43.96,46.25,4344906,BNB-USD,226678391.22214165
2022-01-03,46.25,46.64,46.19,46.56,2400640,BNB-USD,90575543.51118939
2022-01-04,46.56,46.64,45.88,46.19,2904938,BNB-USD,112857809.93160856
2022-01-05,46.19,46.55,44.29,44.55,2143509,BNB-USD,101657371.87298468
2022-01-06,44.55,48.11,44.36,48.06,2951565,BNB-USD,130007473.19891138
2022-01-07,48.06,49.61,47.18,49.56,3667726,BNB-USD,214592341.21479088
2022-01-08,49.56,49.77,48.31,48.47,6669911,BNB-USD,315022185.2915881
2022-01-09,48.47,50.33,48.29,49.76,2379927,BNB-USD,115079174.3287132
2022-01-10,49.76,50.41,48.09,48.55,6123605,BNB-USD,318478310.9542331
2022-01-11,48.55,48.98,46.64,46.99,3024928,BNB-USD,157354391.1750029
2022-01-12,46.99,49.02,46.6,48.69,4174979,BNB-USD,201292362.28843087
2022-01-13,48.69,48.9,43.3,44.42,3818645,BNB-USD,150219262.35389587
2022-01-14,44.42,44.75,43.66,44.67,4816775,BNB-USD,238687957.98280615
2022-01-15,44.67,45.09,43.33,43.96,3874711,BNB-USD,158092303.66191903
2022-01-16,43.96,44.56,43.45,44.09,1575143,BNB-USD,60422884.8216991
2022-01-17,44.09,44.13,42.55,42.72,2126751,BNB-USD,95638860.11426416
2022-01-18,42.72,43.42,39.17,39.88,3262074,BNB-USD,108780110.58604799
2022-01-19,39.88,44.63,39.26,44.56,6788129,BNB-USD,359508747.88734174
2022-01-20,44.56,47.85,44.07,46.96,1341849,BNB-USD,66350340.69866857
2022-01-21,46.96,47.7,46.95,47.11,2705172,BNB-USD,152209789.89486882
2022-01-22,47.11,47.23,40.33,40.39,16744997,BNB-USD,632745916.835589
2022-01-23,40.39,40.58,38.53,38.57,5523045,BNB-USD,253175019.8607627
2022-01-24,38.57,38.66,37.32,37.98,2915245,BNB-USD,95023523.42925136
2022-01-25,37.98,38.01,36.4,36.91,5624804,BNB-USD,169468693.85823655
2022-01-26,36.91,38.21,36.07,37.98,8123664,BNB-USD,250900125.01683503
2022-01-27,37.98,41.8,37.88,41.45,2395176,BNB-USD,97884976.7220928
2022-01-28,41.45,43.14,41.21,43.02,2683834,BNB-USD,96200248.28207389
2022-01-29,43.02,43.11,40.17,40.51,2924993,BNB-USD,119068182.60534778
2022-01-30,40.51,41.11,38.78,39.35,3960061,BNB-USD,145076272.1102446
2022-01-31,39.35,40.01,39.25,39.98,6830229,BNB-USD,255118470.99517864
2022-02-01,39.98,40.43,35.53,35.54,5917271,BNB-USD,221707229.89578235
2022-02-02,35.54,35.63,32.13,32.18,4007623,BNB-USD,111585840.36014533
2022-02-03,32.18,33.43,32.13,33.14,4410284,BNB-USD,161740248.06909505
2022-02-04,33.14,35.31,32.86,35.09,4694488,BNB-USD,170134751.63348377
2022-02-05,35.09,35.41,33.94,34.31,2106246,BNB-USD,84259739.53797586
2022-02-06,34.31,38.29,34.19,37.95,2704047,BNB-USD,97070639.37902533
2022-02-07,37.95,38.58,37.31,38.31,2812970,BNB-USD,128572770.11288609
2022-02-08,38.31,38.59,36.98,37.5,2540914,BNB-USD,98174347.93684074
2022-02-09,37.5,40.08,37.42,39.74,2333897,BNB-USD,110312102.63928807
2022-02-10,39.74,41.12,39.37,41.11,5190231,BNB-USD,173005894.12045875
2022-02-11,41.11,41.64,40.75,41.57,4060539,BNB-USD,184189258.0396029
2022-02-12,41.57,43.28,40.59,42.63,3259676,BNB-USD,156559077.1513063
2022-02-13,42.63,43.58,36.41,36.51,1695579,BNB-USD,50841160.89047763
2022-02-14,36.51,39.7,36.09,39.49,7764425,BNB-USD,316302524.36362946
2022-02-15,39.49,39.89,37.37,38.07,7507483,BNB-USD,320329113.82458854
2022-02-16,38.07,39.7,37.94,39.57,2609306,BNB-USD,105771143.59285405
2022-02-17,39.57,40.66,39.25,39.67,2568150,BNB-USD,84103301.81606641
2022-02-18,39.67,40.14,38.61,39.61,1350243,BNB-USD,57621590.43414494
2022-02-19,39.61,39.87,38.79,39.02,6910909,BNB-USD,222267249.88471675
2022-02-20,39.02,39.46,38.87,39.26,1495815,BNB-USD,66183129.74156531
2022-02-21,39.26,39.76,39.13,39.75,1963343,BNB-USD,63777712.11463906
2022-02-22,39.75,41.4,39.66,40.9,1753093,BNB-USD,61301842.48915417
2022-02-23,40.9,44.59,40.53,44.18,3678841,BNB-USD,147910382.52234334
2022-02-24,44.18,48.08,43.58,47.86,4267506,BNB-USD,215138358.5794399
2022-02-25,47.86,50.4,47.7,50.08,4913553,BNB-USD,292957947.6032723
2022-02-26,50.08,51.04,49.36,49.7,2162563,BNB-USD,91048915.79161084
2022-02-27,49.7,49.76,47.71,47.73,5383847,BNB-USD,220245507.8223358
2022-02-28,47.73,47.89,43.76,43.99,2297415,BNB-USD,95762330.41735764
2022-03-01,43.99,44.72,43.4,44.6,3705635,BNB-USD,187498273.4169211
2022-03-02,44.6,45.92,44.59,45.67,1989840,BNB-USD,89684824.91924804
2022-03-03,45.67,47.73,44.92,46.59,4194830,BNB-USD,181491564.79803678
2022-03-04,46.59,48.58,46.27,48.0,3009503,BNB-USD,147992651.83956605
2022-03-05,48.0,49.08,47.77,49.06,2287889,BNB-USD,101491916.51833116
2022-03-06,49.06,49.14,44.16,44.34,2054271,BNB-USD,87485181.79353409
2022-03-07,44.34,46.84,44.23,46.75,5765053,BNB-USD,251469976.2604983
2022-03-08,46.75,47.19,44.49,44.87,3141271,BNB-USD,158096158.24775824
2022-03-09,44.87,45.02,40.08,40.1,2876010,BNB-USD,134899426.937159
2022-03-10,40.1,40.5,38.91,39.15,3096751,BNB-USD,133825786.42863013
2022-03-11,39.15,41.74,39.09,41.57,1691742,BNB-USD,68612118.51308817
2022-03-12,41.57,42.55,41.55,42.43,1780706,BNB-USD,75686367.8864767
2022-03-13,42.43,50.03,41.97,50.0,4411478,BNB-USD,187494316.98296878
2022-03-14,50.0,53.23,49.66,52.51,2869586,BNB-USD,165561184.35635585
2022-03-15,52.51,53.35,51.02,52.91,2587480,BNB-USD,142186712.6474539
2022-03-16,52.91,52.99,50.92,51.23,4350123,BNB-USD,258731397.3901396
2022-03-17,51.23,51.27,49.02,49.02,5239614,BNB-USD,226087160.7697262
2022-03-18,49.02,53.39,48.79,52.94,2975835,BNB-USD,173907679.43208283
2022-03-19,52.94,53.49,52.82,53.46,5676318,BNB-USD,325871846.8574
2022-03-20,53.46,53.72,46.85,47.43,1930142,BNB-USD,82972213.67440492
2022-03-21,47.43,47.76,45.97,46.25,4762189,BNB-USD,234997382.49704123
2022-03-22,46.25,46.92,44.56,44.69,1450007,BNB-USD,75800708.83191271
2022-03-23,44.69,46.64,44.27,46.49,2774808,BNB-USD,150592258.78673494
2022-03-24,46.49,46.6,44.66,45.45,7174072,BNB-USD,354706286.8910236
2022-03-25,45.45,45.62,44.2,45.1,2157238,BNB-USD,79703987.85826698
2022-03-26,45.1,47.37,44.97,46.75,3202818,BNB-USD,172027656.51011652
2022-03-27,46.75,48.71,46.7,48.26,6398051,BNB-USD,328256857.7467506
2022-03-28,48.26,50.57,47.99,50.2,8084317,BNB-USD,375059920.8405807
2022-03-29,50.2,50.26,48.52,49.25,3259897,BNB-USD,140465154.57975447
2022-03-30,49.25,50.01,49.01,49.36,1568557,BNB-USD,65537964.7406504
2022-03-31,49.36,49.83,49.24,49.26,2066746,BNB-USD,83492131.81433196
2022-04-01,49.26,50.18,45.49,45.85,2233345,BNB-USD,112806822.25352263
2022-04-02,45.85,47.92,45.66,47.75,3077846,BNB-USD,131438186.23067828
2022-04-03,47.75,48.2,46.9,47.45,3002455,BNB-USD,115355284.06568553
2022-04-04,47.45,48.15,45.2,45.48,1855303,BNB-USD,80911893.15811665
2022-04-05,45.48,45.51,42.16,42.3,5504098,BNB-USD,231203554.32689428
2022-04-06,42.3,42.57,41.82,41.86,3991957,BNB-USD,144994229.388465
2022-04-07,41.86,42.29,39.55,39.69,3357529,BNB-USD,108956219.06288779
2022-04-08,39.69,41.02,39.45,40.99,1559799,BNB-USD,55985711.74338087
2022-04-09,40.99,42.45,40.16,41.54,1912985,BNB-USD,85158385.72209181
2022-04-10,41.54,41.91,41.41,41.55,4699956,BNB-USD,162650859.90164444
2022-04-11,41.55,45.26,41.55,45.12,2251996,BNB-USD,103846985.90028007
2022-04-12,45.12,45.15,44.24,45.06,3920744,BNB-USD,151681547.3822972
2022-04-13,45.06,46.61,44.78,46.43,3258719,BNB-USD,132885149.16877393
2022-04-14,46.43,49.88,46.04,49.47,3766807,BNB-USD,178374226.78997
2022-04-15,49.47,51.44,48.43,51.4,1143321,BNB-USD,49383428.40630945
2022-04-16,51.4,52.77,51.08,52.53,2961586,BNB-USD,135235943.99763393
2022-04-17,52.53,56.35,52.51,55.73,4234456,BNB-USD,221728172.31711873
2022-04-18,55.73,58.64,54.5,57.39,1257350,BNB-USD,67242929.24319875
2022-04-19,57.39,57.66,56.16,57.07,3725417,BNB-USD,233808547.36846694
2022-04-20,57.07,57.25,56.17,56.2,2691548,BNB-USD,125536776.16218841
2022-04-21,56.2,56.38,54.73,55.05,2792777,BNB-USD,175908994.55292898
2022-04-22,55.05,55.78,53.97,54.67,3359585,BNB-USD,206901268.84217364
2022-04-23,54.67,55.39,51.94,53.23,4628557,BNB-USD,272591893.87261415
2022-04-24,53.23,53.63,52.4,53.47,3434711,BNB-USD,169650186.1281121
2022-04-25,53.47,57.17,53.46,57.15,3818708,BNB-USD,246425342.34642458
2022-04-26,57.15,57.48,51.96,52.85,5323031,BNB-USD,245628263.1847652
2022-04-27,52.85,53.33,50.79,51.15,3206012,BNB-USD,139350633.58479938
2022-04-28,51.15,51.88,49.05,49.27,3338255,BNB-USD,134538351.07518354
2022-04-29,49.27,50.22,48.88,49.13,3810879,BNB-USD,220129050.80157915
2022-04-30,49.13,50.26,49.07,50.09,3653473,BNB-USD,168948671.1673846
2022-05-01,50.09,50.5,49.16,50.49,4154418,BNB-USD,244795801.60141116
2022-05-02,50.49,51.0,48.35,48.88,4179820,BNB-USD,185726708.53790855
2022-05-03,48.88,50.19,47.91,50.03,6245207,BNB-USD,363384925.8595682
2022-05-04,50.03,50.35,49.46,49.61,4625106,BNB-USD,266524360.8868559
2022-05-05,49.61,52.8,49.41,52.52,6329060,BNB-USD,388734576.2670211
2022-05-06,52.52,53.34,51.98,52.64,2276722,BNB-USD,119662247.11970702
2022-05-07,52.64,52.82,51.37,51.97,3785435,BNB-USD,225525964.10852006
2022-05-08,51.97,51.98,50.14,50.24,3142523,BNB-USD,186347187.49727517
2022-05-09,50.24,50.32,49.05,49.43,2217338,BNB-USD,101914012.39664574
2022-05-10,49.43,51.5,49.26,51.28,4947387,BNB-USD,245469314.97425696
2022-05-11,51.28,51.82,49.24,49.96,1876502,BNB-USD,101971550.44591773
2022-05-12,49.96,52.28,48.86,51.75,1406668,BNB-USD,66981940.77887016
2022-05-13,51.75,52.15,48.81,49.27,4819907,BNB-USD,261586348.70257536
2022-05-14,49.27,49.35,46.52,46.64,1790877,BNB-USD,69289983.6278178
2022-05-15,46.64,50.35,46.39,50.02,5345679,BNB-USD,269904164.8870592
2022-05-16,50.02,53.6,49.56,53.43,1509645,BNB-USD,68474604.39083253
2022-05-17,53.43,56.32,53.13,55.41,7342154,BNB-USD,373195972.18616927
2022-05-18,55.41,55.86,54.16,54.35,970380,BNB-USD,47648099.50776864
2022-05-19,54.35,58.44,54.27,58.41,4076992,BNB-USD,270422023.52683806
2022-05-20,58.41,61.94,57.6,61.24,2323600,BNB-USD,124852601.59243646
2022-05-21,61.24,61.51,52.57,53.84,3313472,BNB-USD,200407846.94615635
2022-05-22,53.84,54.28,52.47,52.89,2667264,BNB-USD,157659374.6657213
2022-05-23,52.89,57.06,52.44,56.74,2257637,BNB-USD,128041091.89582904
2022-05-24,56.74,57.5,53.72,54.06,2180769,BNB-USD,105341232.15646721
2022-05-25,54.06,55.69,53.85,54.97,2982361,BNB-USD,146031296.59167603
2022-05-26,54.97,55.19,50.91,51.97,3732974,BNB-USD,191280774.0931311
2022-05-27,51.97,52.73,51.44,52.34,4347080,BNB-USD,182822645.63563332
2022-05-28,52.34,52.95,50.63,51.21,3901627,BNB-USD,202307900.05536208
2022-05-29,51.21,52.32,49.43,49.51,2365218,BNB-USD,138310488.09977642
2022-05-30,49.51,50.14,48.06,48.59,9675702,BNB-USD,405207591.57398784
2022-05-31,48.59,51.08,47.9,50.52,2203031,BNB-USD,114562388.87348801
2022-06-01,50.52,57.37,50.37,56.84,4306865,BNB-USD,290019983.37640697
2022-06-02,56.84,57.85,56.22,57.6,5952707,BNB-USD,392321667.76488864
2022-06-03,57.6,57.72,57.47,57.63,2629944,BNB-USD,172805631.6347268
2022-06-04,57.63,57.63,54.13,54.44,2483797,BNB-USD,152625858.47879052
2022-06-05,54.44,61.8,53.89,61.72,5166008,BNB-USD,294489188.98750216
2022-06-06,61.72,61.89,60.28,61.61,3773638,BNB-USD,268820239.56732553
2022-06-07,61.61,62.1,59.29,59.32,3228566,BNB-USD,225328478.14300928
2022-06-08,59.32,62.25,58.74,61.17,2030516,BNB-USD,123997620.09425107
2022-06-09,61.17,68.65,60.94,68.57,9373427,BNB-USD,605346926.4769008
2022-06-10,68.57,72.98,67.24,72.42,1986046,BNB-USD,138894893.8701656
2022-06-11,72.42,73.56,65.09,65.65,4639952,BNB-USD,284411709.5734133
2022-06-12,65.65,66.94,62.92,63.29,7631723,BNB-USD,427449640.1888121
2022-06-13,63.29,67.21,62.12,67.07,3515445,BNB-USD,246952050.73552912
2022-06-14,67.07,68.2,65.74,67.37,2290658,BNB-USD,158185650.8538002
2022-06-15,67.37,67.63,66.62,67.6,3101661,BNB-USD,206534334.16162923
2022-06-16,67.6,76.89,66.54,76.68,5814767,BNB-USD,373795142.6894694
2022-06-17,76.68,77.18,71.86,73.28,1852928,BNB-USD,151907719.0135357
2022-06-18,73.28,76.42,72.78,75.46,3189145,BNB-USD,209361611.7528101
2022-06-19,75.46,83.18,75.05,82.2,2916654,BNB-USD,202785619.2888812
2022-06-20,82.2,82.35,75.19,76.04,5844518,BNB-USD,466295164.1878093
2022-06-21,76.04,78.85,75.52,78.37,2383772,BNB-USD,179242261.05523166
2022-06-22,78.37,79.0,71.44,72.19,5954049,BNB-USD,354141056.3195138
2022-06-23,72.19,72.41,67.02,67.69,2837923,BNB-USD,181000937.5831949
2022-06-24,67.69,68.23,65.94,66.6,4797568,BNB-USD,354253517.7714643
2022-06-25,66.6,68.19,66.44,67.95,2492793,BNB-USD,177193892.1087238
2022-06-26,67.95,68.87,67.0,67.04,6399667,BNB-USD,405485908.9149761
2022-06-27,67.04,67.5,64.24,64.47,5518063,BNB-USD,311893402.43460417
2022-06-28,64.47,76.27,63.64,75.8,4970711,BNB-USD,396643069.80405104
2022-06-29,75.8,77.01,75.45,76.67,3007449,BNB-USD,266326288.1701947
2022-06-30,76.67,78.53,76.12,78.53,3208746,BNB-USD,266726108.36764663
2022-07-01,78.53,78.69,75.53,76.19,2144463,BNB-USD,183836359.24733835
2022-07-02,76.19,77.38,76.12,77.18,2638679,BNB-USD,205406930.893668
2022-07-03,77.18,78.47,76.49,78.15,4507652,BNB-USD,382987138.4053091
2022-07-04,78.15,78.37,71.7,72.24,4795803,BNB-USD,401357726.22339153
2022-07-05,72.24,74.87,71.8,74.84,1639912,BNB-USD,136142027.2908092
2022-07-06,74.84,74.94,72.27,73.27,2309977,BNB-USD,196999457.74291316
2022-07-07,73.27,85.11,73.09,83.97,2992973,BNB-USD,244397546.30677372
2022-07-08,83.97,88.51,83.31,87.09,1725011,BNB-USD,174521806.8787055
2022-07-09,87.09,87.74,86.2,86.39,6866191,BNB-USD,622014266.7752875
2022-07-10,86.39,86.41,78.68,79.57,3185578,BNB-USD,290995899.21722066
2022-07-11,79.57,81.94,78.75,80.53,2951562,BNB-USD,193895182.0792667
2022-07-12,80.53,84.78,80.48,83.96,4809391,BNB-USD,429292562.09555984
2022-07-13,83.96,87.79,82.98,87.63,3408285,BNB-USD,340239624.91853666
2022-07-14,87.63,94.33,87.23,93.66,2450143,BNB-USD,199574695.187215
2022-07-15,93.66,99.77,92.4,99.74,3771621,BNB-USD,400525977.6757149
2022-07-16,99.74,102.18,99.62,101.86,2981886,BNB-USD,343214944.04550266
2022-07-17,101.86,105.58,101.44,104.71,4084197,BNB-USD,391382355.3970451
2022-07-18,104.71,107.14,99.45,99.8,3900817,BNB-USD,374546436.5421863
2022-07-19,99.8,100.29,96.54,97.5,2071177,BNB-USD,207555113.98627427
2022-07-20,97.5,98.59,93.97,95.25,5346772,BNB-USD,513184721.4910654
2022-07-21,95.25,95.26,89.5,90.31,3898634,BNB-USD,287187718.1892385
2022-07-22,90.31,96.98,90.15,96.25,3344338,BNB-USD,270218750.61592084
2022-07-23,96.25,96.51,91.79,93.04,2941929,BNB-USD,229973426.58322138
2022-07-24,93.04,93.38,86.68,87.64,1846622,BNB-USD,146448321.952919
2022-07-25,87.64,89.32,86.09,88.38,1994061,BNB-USD,158320044.64596465
2022-07-26,88.38,88.39,85.05,85.57,2492788,BNB-USD,233975045.3793672
2022-07-27,85.57,86.1,81.47,82.52,12775496,BNB-USD,1084909769.8997672
2022-07-28,82.52,83.25,77.81,79.09,2333120,BNB-USD,204010689.85417104
2022-07-29,79.09,80.13,74.62,74.79,5243835,BNB-USD,324714049.521448
2022-07-30,74.79,75.27,71.54,72.05,3793234,BNB-USD,271686115.2972641
2022-07-31,72.05,82.83,70.64,81.08,1754653,BNB-USD,132238878.67742671
2022-08-01,81.08,81.8,79.89,80.81,3822092,BNB-USD,352096612.2818022
2022-08-02,80.81,83.8,79.86,83.08,3162865,BNB-USD,284611195.4084154
2022-08-03,83.08,89.38,82.66,89.01,2325722,BNB-USD,237588965.14485845
2022-08-04,89.01,89.18,86.06,86.6,3529665,BNB-USD,250211723.82721585
2022-08-05,86.6,88.11,79.1,80.7,4732947,BNB-USD,415686131.66345346
2022-08-06,80.7,85.93,80.61,85.61,10809508,BNB-USD,940211503.2000839
2022-08-07,85.61,90.71,83.85,89.87,2843982,BNB-USD,288815191.41061985
2022-08-08,89.87,106.09,88.44,105.76,4392163,BNB-USD,465845640.09263295
2022-08-09,105.76,106.5,102.87,103.89,3772859,BNB-USD,398266498.9180834
2022-08-10,103.89,104.7,101.19,101.25,4717709,BNB-USD,392025478.2785608
2022-08-11,101.25,104.94,100.46,103.33,1403366,BNB-USD,154784796.1535693
2022-08-12,103.33,104.17,102.72,103.92,6833485,BNB-USD,645695166.3507463
2022-08-13,103.92,107.63,102.38,107.4,2668562,BNB-USD,231540586.31327212
2022-08-14,107.4,108.18,102.84,103.2,4134357,BNB-USD,352671095.76794744
2022-08-15,103.2,104.65,101.37,102.14,4539915,BNB-USD,548525518.270047
2022-08-16,102.14,103.19,93.12,94.14,5158895,BNB-USD,455756833.91423047
2022-08-17,94.14,94.64,92.81,93.14,5899383,BNB-USD,630366922.8406609
2022-08-18,93.14,96.23,92.49,95.47,2800563,BNB-USD,316531264.39980567
2022-08-19,95.47,101.98,94.39,101.63,1990505,BNB-USD,238163321.64099264
2022-08-20,101.63,102.57,85.22,86.08,6128038,BNB-USD,608045767.5484207
2022-08-21,86.08,86.53,73.29,73.37,12216903,BNB-USD,1037922168.5747066
2022-08-22,73.37,74.74,69.69,70.03,3928029,BNB-USD,251864014.90308008
2022-08-23,70.03,72.41,69.12,71.52,5170479,BNB-USD,318239107.79938555
2022-08-24,71.52,74.02,71.19,73.51,3544590,BNB-USD,275077468.75230604
2022-08-25,73.51,73.78,72.2,73.1,2286445,BNB-USD,166343921.091615
2022-08-26,73.1,73.9,72.16,72.72,3074168,BNB-USD,187672867.27905238
2022-08-27,72.72,73.35,72.03,72.42,4803442,BNB-USD,372569452.7481506
2022-08-28,72.42,79.84,71.55,79.52,2477395,BNB-USD,201955880.60266507
2022-08-29,79.52,84.26,78.28,84.09,2442990,BNB-USD,235265153.01246026
2022-08-30,84.09,87.48,83.23,87.39,2840000,BNB-USD,259026825.6843176
2022-08-31,87.39,88.95,86.56,88.82,4404019,BNB-USD,402735029.57740986
2022-09-01,88.82,89.42,83.61,85.02,9241676,BNB-USD,767106098.2913686
2022-09-02,85.02,86.23,81.85,82.29,3142530,BNB-USD,254749506.16528782
2022-09-03,82.29,92.03,82.04,90.22,4590777,BNB-USD,489458129.57168233
2022-09-04,90.22,101.24,90.14,101.17,4431261,BNB-USD,383475269.8866011
2022-09-05,101.17,104.6,100.01,103.45,4206075,BNB-USD,425757984.8426908
2022-09-06,103.45,103.66,99.55,100.78,2217690,BNB-USD,237429678.00379184
2022-09-07,100.78,102.47,100.29,100.59,2761371,BNB-USD,270323354.6062885
2022-09-08,100.59,102.67,100.46,102.57,4008744,BNB-USD,375522183.92431784
2022-09-09,102.57,108.95,102.33,108.11,3374178,BNB-USD,333755069.5224624
2022-09-10,108.11,110.69,107.33,110.54,5315813,BNB-USD,525007424.0571328
2022-09-11,110.54,116.98,109.38,115.74,3767458,BNB-USD,408819460.58789045
2022-09-12,115.74,124.64,115.38,123.61,2984779,BNB-USD,423800077.35144186
2022-09-13,123.61,124.67,110.81,112.77,2956427,BNB-USD,334093011.03187615
2022-09-14,112.77,121.04,111.72,120.1,834580,BNB-USD,89818391.34610808
2022-09-15,120.1,130.53,119.57,129.5,2456904,BNB-USD,303473057.2709726
2022-09-16,129.5,129.83,121.57,122.21,11377916,BNB-USD,1171258759.8663816
2022-09-17,122.21,124.79,121.85,124.25,4115828,BNB-USD,594039827.0476853
2022-09-18,124.25,129.64,122.87,129.38,3429479,BNB-USD,427412724.190696
2022-09-19,129.38,136.78,128.77,135.94,6209860,BNB-USD,1006380792.1500189
2022-09-20,135.94,137.57,132.87,133.28,3035437,BNB-USD,379890972.20667434
2022-09-21,133.28,135.05,123.89,124.11,3304361,BNB-USD,465280660.6561454
2022-09-22,124.11,129.63,121.92,128.92,2280335,BNB-USD,265333573.15373012
2022-09-23,128.92,132.42,128.49,131.68,2167129,BNB-USD,236986663.1195185
2022-09-24,131.68,133.62,124.86,125.14,3146439,BNB-USD,319994246.9434368
2022-09-25,125.14,125.56,115.45,117.3,3002821,BNB-USD,367189223.6276128
2022-09-26,117.3,121.54,117.25,120.93,5837386,BNB-USD,652709893.6493149
2022-09-27,120.93,121.38,118.8,119.81,3279663,BNB-USD,384059185.55215406
2022-09-28,119.81,126.15,119.06,125.83,3876215,BNB-USD,549911422.3522085
2022-09-29,125.83,127.16,117.93,119.47,3865981,BNB-USD,415332348.6248475
2022-09-30,119.47,120.56,118.93,119.95,3368996,BNB-USD,373180809.2372905
2022-10-01,119.95,127.83,119.55,126.81,3769156,BNB-USD,543990347.2471954
2022-10-02,126.81,134.48,126.02,132.51,2165551,BNB-USD,286126396.006804
2022-10-03,132.51,138.43,129.65,137.57,3855723,BNB-USD,599953424.5710568
2022-10-04,137.57,138.86,135.26,135.93,2156666,BNB-USD,278436383.901742
2022-10-05,135.93,138.09,132.87,133.82,3424286,BNB-USD,439609659.75985837
2022-10-06,133.82,135.8,133.75,135.45,3495167,BNB-USD,410386978.1597307
2022-10-07,135.45,136.2,134.96,135.71,3201297,BNB-USD,506800267.8740138
2022-10-08,135.71,138.65,133.49,138.48,1055750,BNB-USD,169404211.69136158
2022-10-09,138.48,150.22,138.27,148.67,4571538,BNB-USD,811289899.4311656
2022-10-10,148.67,150.97,146.83,150.04,3705722,BNB-USD,534310515.19814366
2022-10-11,150.04,152.26,149.76,152.09,7131871,BNB-USD,1222925160.2622237
2022-10-12,152.09,160.64,150.84,160.16,4586936,BNB-USD,709652188.6944846
2022-10-13,160.16,183.97,159.6,181.99,2924665,BNB-USD,522529816.6668978
2022-10-14,181.99,182.13,175.89,176.03,3870905,BNB-USD,771339435.6131194
2022-10-15,176.03,182.72,175.49,178.34,1561988,BNB-USD,242615217.48630977
2022-10-16,178.34,200.24,178.28,197.31,1967981,BNB-USD,344860764.6562084
2022-10-17,197.31,201.76,195.38,201.72,2189328,BNB-USD,408902525.07931656
2022-10-18,201.72,206.25,200.78,205.17,3456414,BNB-USD,790897608.3509376
2022-10-19,205.17,214.3,201.72,211.63,4750712,BNB-USD,954179075.0319154
2022-10-20,211.63,212.51,199.05,200.91,4505051,BNB-USD,853760458.7590138
2022-10-21,200.91,201.36,198.47,199.73,1459252,BNB-USD,349609688.85077196
2022-10-22,199.73,206.85,197.6,206.03,6429452,BNB-USD,1263093053.9736228
2022-10-23,206.03,206.76,205.9,206.27,3036952,BNB-USD,563230237.0986938
2022-10-24,206.27,209.8,199.28,203.75,4515697,BNB-USD,965419508.1663935
2022-10-25,203.75,221.57,202.87,219.41,1423040,BNB-USD,349931501.530792
2022-10-26,219.41,235.04,218.31,234.35,2330949,BNB-USD,452215850.0977551
2022-10-27,234.35,244.0,232.79,241.92,7494165,BNB-USD,1899208491.0094874
2022-10-28,241.92,252.35,241.36,251.35,6899069,BNB-USD,1412052064.4493792
2022-10-29,251.35,254.62,242.39,242.7,2406228,BNB-USD,590142683.6337947
2022-10-30,242.7,246.46,227.16,227.84,5580124,BNB-USD,1147793467.957556
2022-10-31,227.84,231.85,224.34,226.08,2838880,BNB-USD,592173964.962663
2022-11-01,226.08,226.99,205.93,207.37,1314970,BNB-USD,269096349.74655944
2022-11-02,207.37,207.39,202.68,203.38,4127050,BNB-USD,982758098.7492224
2022-11-03,203.38,204.25,195.75,196.54,6878438,BNB-USD,1465807663.2616594
2022-11-04,196.54,197.63,193.29,193.91,5237641,BNB-USD,1193100532.3430765
2022-11-05,193.91,220.52,192.54,218.38,2452331,BNB-USD,569808395.2939539
2022-11-06,218.38,220.51,218.14,218.25,2022392,BNB-USD,354364550.219075
2022-11-07,218.25,234.96,216.98,233.79,1378583,BNB-USD,292078264.51957667
2022-11-08,233.79,234.12,230.35,230.66,3296000,BNB-USD,883651670.8611722
2022-11-09,230.66,232.11,218.95,221.52,2306519,BNB-USD,540256915.773079
2022-11-10,221.52,250.05,220.07,249.16,3620838,BNB-USD,1075978684.97363
2022-11-11,249.16,250.81,230.33,230.8,4883882,BNB-USD,972081027.3190805
2022-11-12,230.8,234.25,224.25,226.15,7146706,BNB-USD,1484826860.2403433
2022-11-13,226.15,228.61,196.74,198.69,5828000,BNB-USD,1094215929.1241183
2022-11-14,198.69,207.55,197.52,206.92,3453881,BNB-USD,665094997.3245627
2022-11-15,206.92,211.26,188.33,189.23,5876275,BNB-USD,1001656573.1603132
2022-11-16,189.23,208.21,187.36,206.92,3091278,BNB-USD,625182444.1223514
2022-11-17,206.92,207.93,186.77,189.71,3893485,BNB-USD,780675477.4932479
2022-11-18,189.71,203.96,186.96,203.25,2271632,BNB-USD,426851437.6422023
2022-11-19,203.25,210.29,202.28,208.61,3324403,BNB-USD,576911844.8606411
2022-11-20,208.61,208.86,183.23,184.21,1763059,BNB-USD,351863400.3396754
2022-11-21,184.21,191.16,183.42,190.95,5763290,BNB-USD,1082459309.658208
2022-11-22,190.95,204.81,187.91,203.77,2693781,BNB-USD,561313275.060704
2022-11-23,203.77,217.8,203.53,216.89,3055022,BNB-USD,650783045.362715
2022-11-24,216.89,219.19,195.45,197.0,3160156,BNB-USD,719757671.8070188
2022-11-25,197.0,204.43,195.37,203.49,12736164,BNB-USD,2652581353.348899
2022-11-26,203.49,206.93,200.17,201.81,4241938,BNB-USD,1001006588.9156806
2022-11-27,201.81,203.99,196.63,197.16,11166088,BNB-USD,2210818580.8546596
2022-11-28,197.16,197.51,188.0,188.85,2901239,BNB-USD,502442690.9833416
2022-11-29,188.85,194.92,188.45,192.52,1704038,BNB-USD,309091913.1126274
2022-11-30,192.52,193.68,189.17,193.44,7301866,BNB-USD,1424975770.5564668
2022-12-01,193.44,195.16,183.13,185.55,1975047,BNB-USD,370866062.20928377
2022-12-02,185.55,194.06,185.2,190.4,4924584,BNB-USD,1007902982.0606225
2022-12-03,190.4,196.83,189.32,196.69,5992087,BNB-USD,1048701262.765614
2022-12-04,196.69,201.04,194.51,200.65,2341105,BNB-USD,499588836.49180305
2022-12-05,200.65,203.14,188.89,192.04,2774761,BNB-USD,592245033.4897461
2022-12-06,192.04,209.87,190.25,209.38,5005115,BNB-USD,1121996290.7129204
2022-12-07,209.38,212.81,207.67,210.74,5253846,BNB-USD,1099147571.9815137
2022-12-08,210.74,214.89,209.12,211.75,2553473,BNB-USD,647038187.4860119
2022-12-09,211.75,219.95,211.36,218.04,2078779,BNB-USD,435999333.40889835
2022-12-10,218.04,218.75,216.19,216.64,3643744,BNB-USD,665160789.7150041
2022-12-11,216.64,217.63,215.23,217.0,1835114,BNB-USD,449431467.77016306
2022-12-12,217.0,217.68,216.22,217.39,1744790,BNB-USD,335635078.75921535
2022-12-13,217.39,220.12,216.32,219.38,3908165,BNB-USD,930519374.5776263
2022-12-14,219.38,231.95,216.92,230.71,5131962,BNB-USD,1031958768.5939959
2022-12-15,230.71,230.76,216.03,220.57,5069377,BNB-USD,902070586.5225059
2022-12-16,220.57,221.11,210.7,211.7,1920434,BNB-USD,351231526.89386463
2022-12-17,211.7,213.87,210.19,210.25,1679914,BNB-USD,335822787.15335786
2022-12-18,210.25,214.48,209.37,213.52,4579807,BNB-USD,824008269.7730558
2022-12-19,213.52,214.42,204.85,205.04,2620907,BNB-USD,472404983.2413349
2022-12-20,205.04,206.52,190.67,193.54,2171701,BNB-USD,464801146.9214368
2022-12-21,193.54,194.44,182.58,184.79,3441471,BNB-USD,704602356.3316618
2022-12-22,184.79,198.48,181.29,196.16,2303985,BNB-USD,509345180.9082088
2022-12-23,196.16,204.39,192.37,202.59,2499418,BNB-USD,575455642.1041309
2022-12-24,202.59,202.92,199.47,200.04,4081828,BNB-USD,790542317.3952676
2022-12-25,200.04,206.31,199.69,205.9,2960911,BNB-USD,699282466.6983081
2022-12-26,205.9,207.47,201.21,202.36,4293787,BNB-USD,877905261.5018915
2022-12-27,202.36,205.97,200.21,201.89,2748677,BNB-USD,548403778.071586
2022-12-28,201.89,201.92,192.21,192.34,1355976,BNB-USD,283606870.0468672
2022-12-29,192.34,192.63,190.55,191.89,2362782,BNB-USD,401493004.6578477
2022-12-30,191.89,202.8,190.06,202.48,5350401,BNB-USD,1208799894.476046
2022-12-31,202.48,204.49,201.17,204.36,2129488,BNB-USD,422904081.8838253
2023-01-01,204.36,204.57,194.95,199.1,2998264,BNB-USD,507959311.00122356
2023-01-02,199.1,202.89,197.48,202.54,1874960,BNB-USD,321927208.29583555
2023-01-03,202.54,212.0,200.51,209.28,1790121,BNB-USD,324421253.9496762
2023-01-04,209.28,210.14,195.45,197.85,1804400,BNB-USD,412774410.8137227
2023-01-05,197.85,201.21,194.09,194.91,4123683,BNB-USD,961582984.7728578
2023-01-06,194.91,196.47,181.08,182.31,5697935,BNB-USD,979360824.6859475
2023-01-07,182.31,190.81,180.89,189.13,2972392,BNB-USD,515428427.51785773
2023-01-08,189.13,201.4,187.57,197.6,1584233,BNB-USD,277829567.35162663
2023-01-09,197.6,199.62,193.2,193.79,7380278,BNB-USD,1615476122.051766
2023-01-10,193.79,196.48,186.25,188.08,2666467,BNB-USD,443175074.2944674
2023-01-11,188.08,195.06,186.79,193.21,2061001,BNB-USD,465756097.46613693
2023-01-12,193.21,195.24,180.58,181.25,4087375,BNB-USD,790428441.0054616
2023-01-13,181.25,183.04,179.67,182.92,2007942,BNB-USD,425637614.2231069
2023-01-14,182.92,186.47,181.75,185.35,2314007,BNB-USD,438167153.9394998
2023-01-15,185.35,187.5,180.29,182.37,4883615,BNB-USD,958554558.3502954
2023-01-16,182.37,193.2,180.27,191.7,3623433,BNB-USD,727802923.2554224
2023-01-17,191.7,193.64,182.08,184.79,5085844,BNB-USD,1064317845.8558544
2023-01-18,184.79,186.29,174.69,176.13,4582747,BNB-USD,915596490.488022
2023-01-19,176.13,180.67,175.36,179.99,2191506,BNB-USD,408616674.4625469
2023-01-20,179.99,209.55,179.03,208.0,3125613,BNB-USD,684586250.9278688
2023-01-21,208.0,209.52,194.74,200.51,2271010,BNB-USD,532202419.0613609
2023-01-22,200.51,209.08,200.26,207.13,4618357,BNB-USD,1121084445.909633
2023-01-23,207.13,209.61,201.17,202.96,1977103,BNB-USD,427636414.7878196
2023-01-24,202.96,204.3,191.31,193.4,1816325,BNB-USD,282111364.6204701
2023-01-25,193.4,197.81,191.94,196.39,3395804,BNB-USD,561374375.0346035
2023-01-26,196.39,199.47,196.03,197.65,1540220,BNB-USD,348011071.0716551
2023-01-27,197.65,200.74,186.52,188.19,5133230,BNB-USD,805552341.7723843
2023-01-28,188.19,197.17,187.43,196.41,6460538,BNB-USD,1123506428.9450028
2023-01-29,196.41,196.66,190.49,191.15,3766519,BNB-USD,642370772.6772382
2023-01-30,191.15,192.26,155.99,157.44,2862349,BNB-USD,468716475.05638564
2023-01-31,157.44,159.27,154.16,155.49,1217196,BNB-USD,195063270.73175183
2023-02-01,155.49,164.0,155.25,162.7,2102854,BNB-USD,313315346.6553979
2023-02-02,162.7,163.31,161.04,161.86,2410976,BNB-USD,344599811.7882818
2023-02-03,161.86,163.73,149.05,149.33,2997316,BNB-USD,494949869.94531554
2023-02-04,149.33,157.62,146.86,156.7,3627907,BNB-USD,667514542.0930715
2023-02-05,156.7,157.88,154.79,157.76,5298722,BNB-USD,686397770.5758474
2023-02-06,157.76,168.04,156.17,165.98,5180141,BNB-USD,733643256.7924249
2023-02-07,165.98,179.6,164.52,178.32,2945240,BNB-USD,555060734.4104668
2023-02-08,178.32,178.7,177.43,177.5,3805747,BNB-USD,757782619.5375663
2023-02-09,177.5,191.12,177.27,182.93,4085743,BNB-USD,834459309.9398749
2023-02-10,182.93,205.15,181.67,204.24,4930007,BNB-USD,1095384623.240664
2023-02-11,204.24,206.79,200.34,201.61,4171945,BNB-USD,971452996.1680362
2023-02-12,201.61,204.8,200.64,203.02,3979718,BNB-USD,716613763.1485796
2023-02-13,203.02,213.87,200.32,213.69,2776583,BNB-USD,500125907.008901
2023-02-14,213.69,214.04,209.32,211.46,4595467,BNB-USD,1016599382.16015
2023-02-15,211.46,213.48,207.67,211.9,2406779,BNB-USD,575740296.9301125
2023-02-16,211.9,212.19,200.37,201.9,3068220,BNB-USD,639803150.9580112
2023-02-17,201.9,222.55,200.69,221.6,5555394,BNB-USD,1459069220.6351569
2023-02-18,221.6,225.67,210.94,212.12,1450120,BNB-USD,343965641.22565776
2023-02-19,212.12,253.45,211.33,251.32,3516208,BNB-USD,954668749.8181281
2023-02-20,251.32,252.42,249.77,252.19,1788565,BNB-USD,371718384.1201487
2023-02-21,252.19,254.21,249.7,251.23,1655865,BNB-USD,350730807.4219953
2023-02-22,251.23,254.55,206.46,207.07,2938597,BNB-USD,677824222.879255
2023-02-23,207.07,211.97,203.78,210.1,6723148,BNB-USD,1242033791.8373725
2023-02-24,210.1,213.89,207.83,212.01,6639442,BNB-USD,1142338160.36467
2023-02-25,212.01,246.65,209.75,246.55,6289565,BNB-USD,1805477615.6702297
2023-02-26,246.55,247.25,233.4,234.15,2983626,BNB-USD,807825187.0428525
2023-02-27,234.15,241.41,233.56,237.7,6576146,BNB-USD,1387129112.802462
2023-02-28,237.7,252.47,234.95,250.32,1830974,BNB-USD,509700119.4446526
2023-03-01,250.32,256.07,245.17,250.86,2119608,BNB-USD,435584681.81551856
2023-03-02,250.86,262.34,249.24,258.48,1912688,BNB-USD,451885387.776422
2023-03-03,258.48,258.75,256.22,256.43,3387043,BNB-USD,911503271.2138678
2023-03-04,256.43,273.75,255.56,270.03,2289810,BNB-USD,683408654.755657
2023-03-05,270.03,272.24,266.09,268.0,5132481,BNB-USD,1106125580.4869494
2023-03-06,268.0,280.75,267.39,280.51,2901904,BNB-USD,757425705.4779329
2023-03-07,280.51,280.67,274.97,279.23,7108607,BNB-USD,1758133982.0496104
2023-03-08,279.23,293.29,278.8,290.58,4797532,BNB-USD,1672200139.9062402
2023-03-09,290.58,302.5,289.94,300.14,1233335,BNB-USD,395490380.6782696
2023-03-10,300.14,300.34,282.2,287.14,2850420,BNB-USD,787587579.5532387
2023-03-11,287.14,293.2,283.65,289.6,2600272,BNB-USD,625218753.9334471
2023-03-12,289.6,296.06,287.65,294.72,5277788,BNB-USD,1616861116.8826902
2023-03-13,294.72,299.72,290.92,295.59,1031643,BNB-USD,322227723.11656255
2023-03-14,295.59,300.45,287.75,290.45,3272145,BNB-USD,1070678698.4866275
2023-03-15,290.45,293.87,289.5,289.88,3424887,BNB-USD,908845355.378096
2023-03-16,289.88,296.85,289.86,294.59,3620517,BNB-USD,1271958436.847212
2023-03-17,294.59,295.49,283.22,285.71,4284156,BNB-USD,1194388002.0685182
2023-03-18,285.71,291.01,251.72,252.97,3331131,BNB-USD,773894871.7657619
2023-03-19,252.97,257.98,250.21,251.62,4540733,BNB-USD,1073278204.5133883
2023-03-20,251.62,253.19,247.49,252.73,2724182,BNB-USD,693876378.8768635
2023-03-21,252.73,254.72,242.82,247.4,2077911,BNB-USD,603874155.7966661
2023-03-22,247.4,259.64,247.39,258.72,4283097,BNB-USD,1212356791.330539
2023-03-23,258.72,260.32,243.28,249.07,4906617,BNB-USD,1259785102.6060083
2023-03-24,249.07,251.38,223.31,224.84,8030111,BNB-USD,1561973146.9896264
2023-03-25,224.84,224.95,223.41,224.73,8407897,BNB-USD,1624486986.456654
2023-03-26,224.73,225.0,216.02,217.6,4546512,BNB-USD,990190392.3982217
2023-03-27,217.6,219.65,208.16,209.31,3332105,BNB-USD,761247402.2029123
2023-03-28,209.31,210.68,199.36,204.28,1325700,BNB-USD,298005039.8193815
2023-03-29,204.28,207.43,200.38,202.16,1494394,BNB-USD,268985451.62047875
2023-03-30,202.16,203.25,178.41,180.52,1468804,BNB-USD,222735292.65999556
2023-03-31,180.52,180.76,173.18,173.42,5228743,BNB-USD,864861751.7409648
2023-04-01,173.42,177.57,172.55,176.23,2561574,BNB-USD,526935800.53798234
2023-04-02,176.23,178.39,162.45,163.26,5417068,BNB-USD,900439468.9821852
2023-04-03,163.26,165.18,151.48,151.75,3719855,BNB-USD,523867387.3915842
2023-04-04,151.75,152.23,137.26,137.31,9217969,BNB-USD,1176429238.949484
2023-04-05,137.31,138.83,124.57,125.59,7974192,BNB-USD,854095967.4301175
2023-04-06,125.59,128.0,125.16,125.43,2478463,BNB-USD,307544000.51859754
2023-04-07,125.43,126.4,120.29,123.23,3447693,BNB-USD,474374455.16928166
2023-04-08,123.23,128.99,121.71,127.71,1615046,BNB-USD,244915027.00894314
2023-04-09,127.71,128.64,122.56,123.42,4647404,BNB-USD,573948547.3702301
2023-04-10,123.42,128.55,121.36,127.28,3000468,BNB-USD,331063375.21718115
2023-04-11,127.28,127.58,127.07,127.4,3285145,BNB-USD,449155380.4055331
2023-04-12,127.4,128.69,123.51,123.69,3599467,BNB-USD,490949331.9656819
2023-04-13,123.69,128.02,123.07,126.51,1752821,BNB-USD,183759257.89537367
2023-04-14,126.51,133.36,125.47,133.11,2243549,BNB-USD,340464860.22745717
2023-04-15,133.11,141.04,133.05,140.54,1849889,BNB-USD,294230741.9268033
2023-04-16,140.54,140.87,127.66,127.87,2353307,BNB-USD,297612216.6123375
2023-04-17,127.87,129.39,123.63,126.39,7438030,BNB-USD,962813717.0324335
2023-04-18,126.39,129.48,125.97,128.92,4253614,BNB-USD,595187053.9228243
2023-04-19,128.92,128.95,122.46,124.11,1234482,BNB-USD,164043503.47929555
2023-04-20,124.11,125.11,118.24,118.6,6231651,BNB-USD,596147570.2328726
2023-04-21,118.6,120.74,98.29,99.25,2815547,BNB-USD,237239909.1920543
2023-04-22,99.25,100.55,94.07,94.24,2942523,BNB-USD,239877457.47403514
2023-04-23,94.24,95.76,93.27,94.31,3995714,BNB-USD,415374917.3249356
2023-04-24,94.31,97.55,94.11,96.42,5149404,BNB-USD,484605996.6470708
2023-04-25,96.42,96.64,95.62,96.64,3013410,BNB-USD,296516378.48996574
2023-04-26,96.64,96.84,95.11,95.34,2216529,BNB-USD,234374021.1761582
2023-04-27,95.34,103.6,94.79,101.35,1721405,BNB-USD,163367223.7498851
2023-04-28,101.35,103.77,99.69,102.75,3085564,BNB-USD,348605133.4125682
2023-04-29,102.75,108.53,101.34,106.17,1201567,BNB-USD,124626007.27324909
2023-04-30,106.17,109.15,104.43,108.8,2826276,BNB-USD,292392049.4348531
2023-05-01,108.8,109.14,101.72,102.89,2119381,BNB-USD,203499745.63547137
2023-05-02,102.89,106.13,102.16,103.91,4219099,BNB-USD,519940523.1283029
2023-05-03,103.91,104.91,102.93,103.01,3042728,BNB-USD,347529415.2596602
2023-05-04,103.01,105.65,102.41,105.5,4992811,BNB-USD,425648464.9435258
2023-05-05,105.5,111.03,104.73,109.26,3317793,BNB-USD,428827686.21733266
2023-05-06,109.26,113.15,107.93,112.46,2612605,BNB-USD,326184717.3827313
2023-05-07,112.46,113.62,107.8,108.25,5387407,BNB-USD,501348136.40783805
2023-05-08,108.25,114.51,107.78,114.18,3049274,BNB-USD,289164223.3807552
2023-05-09,114.18,120.58,111.55,119.61,3028952,BNB-USD,334496977.76398844
2023-05-10,119.61,143.93,119.27,143.31,3508401,BNB-USD,527763787.4761009
2023-05-11,143.31,143.84,142.29,142.79,1574384,BNB-USD,235286462.94319135
2023-05-12,142.79,145.3,142.77,144.84,5030430,BNB-USD,663280570.9094714
2023-05-13,144.84,153.78,143.51,151.46,1732801,BNB-USD,256746997.8619896
2023-05-14,151.46,157.57,150.95,156.37,4067462,BNB-USD,562730542.6832453
2023-05-15,156.37,165.33,154.21,164.69,4651834,BNB-USD,628387978.7197697
2023-05-16,164.69,165.42,161.93,162.76,1789730,BNB-USD,293273829.5990995
2023-05-17,162.76,169.4,161.06,168.68,2437116,BNB-USD,385932394.13714176
2023-05-18,168.68,175.02,168.62,173.43,3246281,BNB-USD,572659680.7031518
2023-05-19,173.43,175.22,172.66,174.03,2355725,BNB-USD,483188096.9025254
2023-05-20,174.03,174.68,170.4,173.0,2412617,BNB-USD,357842310.26936704
2023-05-21,173.0,175.45,158.83,159.17,5710324,BNB-USD,727843137.8715644
2023-05-22,159.17,160.75,141.19,142.03,3975130,BNB-USD,469031968.9942687
2023-05-23,142.03,161.57,139.34,160.63,2036826,BNB-USD,322294989.7151465
2023-05-24,160.63,162.6,151.31,153.86,1387048,BNB-USD,231075850.83646035
2023-05-25,153.86,157.27,152.05,155.86,5755801,BNB-USD,926080327.6163596
2023-05-26,155.86,171.86,154.99,169.82,3978802,BNB-USD,674300310.646276
2023-05-27,169.82,177.54,167.94,177.27,4215404,BNB-USD,703613390.1897465
2023-05-28,177.27,178.14,174.44,175.27,1522660,BNB-USD,246591238.01106948
2023-05-29,175.27,178.0,174.37,176.62,6577482,BNB-USD,1104226794.7963839
2023-05-30,176.62,177.33,174.92,175.47,1811024,BNB-USD,331970540.57967114
2023-05-31,175.47,175.61,160.98,163.73,4851866,BNB-USD,688822046.1076133
2023-06-01,163.73,172.21,162.43,170.61,2082079,BNB-USD,393781173.55751586
2023-06-02,170.61,173.64,168.41,172.21,3244867,BNB-USD,575619106.5304347
2023-06-03,172.21,184.63,170.55,181.84,3133826,BNB-USD,517235970.26727396
2023-06-04,181.84,183.14,175.87,176.11,2310507,BNB-USD,407091045.55955374
2023-06-05,176.11,178.94,176.03,177.51,2847791,BNB-USD,599087337.7044226
2023-06-06,177.51,178.48,177.46,178.0,3398460,BNB-USD,488899046.5202809
2023-06-07,178.0,179.95,167.08,168.45,3045768,BNB-USD,451394499.7769488
2023-06-08,168.45,175.35,167.26,175.27,3977942,BNB-USD,682817888.7552272
2023-06-09,175.27,183.94,173.87,182.07,6763835,BNB-USD,1299686371.2953036
2023-06-10,182.07,183.22,166.72,168.28,3115054,BNB-USD,463861161.836039
2023-06-11,168.28,168.56,163.61,164.78,4121487,BNB-USD,796331862.0814384
2023-06-12,164.78,174.43,163.05,171.12,5252163,BNB-USD,950004778.5863973
2023-06-13,171.12,173.78,162.0,163.23,4315765,BNB-USD,810816955.6550114
2023-06-14,163.23,167.11,162.21,166.49,4224002,BNB-USD,655240947.3200955
2023-06-15,166.49,181.46,165.94,180.08,2181100,BNB-USD,444454110.08600134
2023-06-16,180.08,189.73,177.3,186.33,4045336,BNB-USD,717049700.4101763
2023-06-17,186.33,186.41,179.15,181.91,3426750,BNB-USD,561710221.3043823
2023-06-18,181.91,185.61,181.11,181.48,4167800,BNB-USD,880918229.5213732
2023-06-19,181.48,208.19,181.3,205.32,2858868,BNB-USD,491238485.01390684
2023-06-20,205.32,206.56,205.08,206.13,3211682,BNB-USD,779305217.4766558
2023-06-21,206.13,212.42,205.1,209.34,3918641,BNB-USD,806715846.5662473
2023-06-22,209.34,224.2,207.32,221.42,2045546,BNB-USD,542173712.0192008
2023-06-23,221.42,221.72,207.99,209.69,2767038,BNB-USD,589409645.3554363
2023-06-24,209.69,210.93,185.75,186.82,991079,BNB-USD,204223300.80276978
2023-06-25,186.82,187.91,171.67,173.13,1326027,BNB-USD,184309375.19249535
2023-06-26,173.13,180.11,171.34,178.97,1828561,BNB-USD,326821238.820356
2023-06-27,178.97,186.71,177.54,183.47,3508920,BNB-USD,704928818.2324319
2023-06-28,183.47,187.19,179.69,180.64,2750910,BNB-USD,553141839.2875539
2023-06-29,180.64,181.26,171.41,174.35,4839239,BNB-USD,728316639.192573
2023-06-30,174.35,182.45,171.0,181.62,2540984,BNB-USD,446535761.7398343
2023-07-01,181.62,188.38,179.69,187.58,1433624,BNB-USD,260213948.5342563
2023-07-02,187.58,188.93,178.9,181.88,2275184,BNB-USD,348203433.23732793
2023-07-03,181.88,183.51,181.1,182.28,4351533,BNB-USD,775126972.35019
2023-07-04,182.28,191.68,181.06,191.11,2176490,BNB-USD,467043008.00972295
2023-07-05,191.11,192.09,184.49,187.07,8921530,BNB-USD,1535555224.5962965
2023-07-06,187.07,203.27,186.89,200.62,2781906,BNB-USD,543053756.6594582
2023-07-07,200.62,204.38,192.42,193.56,6606401,BNB-USD,1514512575.0796103
2023-07-08,193.56,203.3,192.11,202.27,1907045,BNB-USD,313482797.5317405
2023-07-09,202.27,206.17,196.64,197.22,1740491,BNB-USD,355825926.477658
2023-07-10,197.22,204.09,196.72,203.11,7269105,BNB-USD,1620194253.268528
2023-07-11,203.11,204.38,191.09,193.52,2848601,BNB-USD,608787017.8143861
2023-07-12,193.52,208.46,192.29,207.41,1858739,BNB-USD,418820518.14267665
2023-07-13,207.41,229.13,202.02,228.63,1762329,BNB-USD,439418121.3879361
2023-07-14,228.63,228.81,198.93,199.51,4981404,BNB-USD,818531586.6166999
2023-07-15,199.51,208.99,198.71,205.79,3379922,BNB-USD,705051695.2007778
2023-07-16,205.79,206.26,197.22,197.91,6496822,BNB-USD,1431321115.0841026
2023-07-17,197.91,199.58,191.11,192.37,1620800,BNB-USD,261166177.47110027
2023-07-18,192.37,194.93,185.88,190.78,2709394,BNB-USD,416009983.07164747
2023-07-19,190.78,215.36,189.37,214.34,2168525,BNB-USD,523285191.65308017
2023-07-20,214.34,217.41,211.91,216.17,6666502,BNB-USD,1563472521.9688191
2023-07-21,216.17,219.76,214.96,218.29,1899620,BNB-USD,400105972.2467831
2023-07-22,218.29,223.61,215.21,220.01,1807985,BNB-USD,467846217.4555665
2023-07-23,220.01,220.48,214.78,219.34,3424138,BNB-USD,831141874.2548969
2023-07-24,219.34,222.19,218.23,219.99,3184717,BNB-USD,831720345.9158242
2023-07-25,219.99,225.35,217.75,224.08,2052109,BNB-USD,538802529.8073951
2023-07-26,224.08,227.13,210.54,211.29,3491836,BNB-USD,732269471.1640371
2023-07-27,211.29,213.27,198.96,199.82,1893217,BNB-USD,416845450.6191246
2023-07-28,199.82,201.63,191.8,194.23,3129520,BNB-USD,648983638.4846889
2023-07-29,194.23,199.59,185.32,187.12,3668656,BNB-USD,771999138.149302
2023-07-30,187.12,187.19,171.64,175.24,3838421,BNB-USD,750049750.209613
2023-07-31,175.24,180.53,173.09,178.75,1795040,BNB-USD,276357332.3574237
2023-08-01,178.75,194.98,177.02,192.9,6521299,BNB-USD,1123978708.4846365
2023-08-02,192.9,196.04,177.74,180.45,2091461,BNB-USD,342038588.63117117
2023-08-03,180.45,181.27,171.8,174.3,5726737,BNB-USD,1125336574.850648
2023-08-04,174.3,177.04,154.68,155.95,3554987,BNB-USD,623310330.587993
2023-08-05,155.95,156.14,151.58,152.76,4576126,BNB-USD,697744679.3225889
2023-08-06,152.76,152.76,144.88,146.54,2161354,BNB-USD,326965448.10821193
2023-08-07,146.54,149.66,142.19,149.32,6348806,BNB-USD,1071973077.7291683
2023-08-08,149.32,149.53,147.81,148.38,3181467,BNB-USD,436678792.2322661
2023-08-09,148.38,150.28,147.8,149.65,4463001,BNB-USD,547716002.9029725
2023-08-10,149.65,151.6,147.36,147.55,5564680,BNB-USD,815352727.236599
2023-08-11,147.55,152.39,144.73,151.45,3284331,BNB-USD,579727067.1400678
2023-08-12,151.45,152.68,144.79,146.44,2245673,BNB-USD,367065287.43476254
2023-08-13,146.44,158.14,145.73,157.65,2839807,BNB-USD,423809636.3554031
2023-08-14,157.65,158.81,153.87,154.85,2183014,BNB-USD,279189891.29024696
2023-08-15,154.85,157.21,154.32,154.67,4568183,BNB-USD,745257650.2520158
2023-08-16,154.67,155.78,153.18,154.33,4269012,BNB-USD,746986536.3712182
2023-08-17,154.33,157.22,152.94,155.81,1564080,BNB-USD,259778445.1891008
2023-08-18,155.81,175.63,152.94,173.56,3278725,BNB-USD,552000841.0279496
2023-08-19,173.56,183.59,171.32,183.09,2658306,BNB-USD,413382334.03400755
2023-08-20,183.09,212.52,182.31,211.06,2519031,BNB-USD,619024674.7739325
2023-08-21,211.06,212.19,200.76,202.14,4816832,BNB-USD,886416961.5458224
2023-08-22,202.14,202.17,197.58,202.02,3314641,BNB-USD,595774192.6638427
2023-08-23,202.02,202.91,198.08,198.3,4392409,BNB-USD,981102833.5352335
2023-08-24,198.3,199.28,172.64,174.28,4209974,BNB-USD,874945442.8937032
2023-08-25,174.28,184.1,173.72,182.5,1889417,BNB-USD,366909097.1385627
2023-08-26,182.5,185.81,174.46,174.97,4873310,BNB-USD,895252566.1163251
2023-08-27,174.97,190.18,170.44,190.16,2333102,BNB-USD,411617962.7911362
2023-08-28,190.16,190.46,185.55,186.7,2944320,BNB-USD,444252181.84013426
2023-08-29,186.7,188.73,180.83,184.22,1315021,BNB-USD,212387991.188042
2023-08-30,184.22,187.22,181.69,184.84,4456026,BNB-USD,851468359.805959
2023-08-31,184.84,193.85,183.44,190.97,4466533,BNB-USD,734006637.0074064
2023-09-01,190.97,193.89,186.25,192.38,7856735,BNB-USD,1743542534.7114446
2023-09-02,192.38,196.31,189.29,195.54,6689580,BNB-USD,1144907735.4866674
2023-09-03,195.54,205.6,194.13,204.75,2230654,BNB-USD,460764681.4567095
2023-09-04,204.75,210.08,203.88,208.04,1786692,BNB-USD,373489549.4166022
2023-09-05,208.04,210.84,205.4,207.02,3473865,BNB-USD,749060928.5994674
2023-09-06,207.02,211.88,206.62,210.63,3374276,BNB-USD,661665071.5752841
2023-09-07,210.63,213.31,206.61,208.65,8769596,BNB-USD,2103169802.6049654
2023-09-08,208.65,221.96,206.14,219.98,12211654,BNB-USD,2626470095.6346254
2023-09-09,219.98,226.34,216.64,224.12,3327858,BNB-USD,805552515.7941865
2023-09-10,224.12,248.17,223.3,246.0,3906086,BNB-USD,1013135699.9089665
2023-09-11,246.0,251.82,245.92,251.54,6141038,BNB-USD,1308162541.987281
2023-09-12,251.54,255.65,250.36,254.15,4685044,BNB-USD,1249114796.4218073
2023-09-13,254.15,257.06,250.92,251.61,3692762,BNB-USD,947979717.076803
2023-09-14,251.61,257.12,246.92,247.04,2692009,BNB-USD,771067989.7928926
2023-09-15,247.04,249.69,228.69,231.86,3201615,BNB-USD,855420375.0740792
2023-09-16,231.86,248.93,228.37,248.46,1562359,BNB-USD,333986249.91101253
2023-09-17,248.46,266.11,245.65,264.73,2862955,BNB-USD,631092059.717422
2023-09-18,264.73,265.59,240.19,243.0,2969849,BNB-USD,662378382.0217507
2023-09-19,243.0,246.16,238.81,239.37,1983347,BNB-USD,567162286.9570948
2023-09-20,239.37,241.18,227.72,229.05,2951912,BNB-USD,546743072.8322449
2023-09-21,229.05,246.88,228.4,241.92,4639008,BNB-USD,1199881442.9161556
2023-09-22,241.92,259.67,239.92,256.89,4344089,BNB-USD,1164391514.9458575
2023-09-23,256.89,262.12,252.12,252.16,1915202,BNB-USD,511252586.0506656
2023-09-24,252.16,261.2,250.86,256.72,2964133,BNB-USD,675203832.3025905
2023-09-25,256.72,258.5,247.73,248.64,3815531,BNB-USD,844989022.7844461
2023-09-26,248.64,269.43,247.95,267.16,2811738,BNB-USD,730343702.9285262
2023-09-27,267.16,270.33,265.24,267.9,1976906,BNB-USD,443997514.7311434
2023-09-28,267.9,304.69,264.06,301.09,5855801,BNB-USD,1463119408.1156964
2023-09-29,301.09,313.04,300.3,308.62,1409192,BNB-USD,363295049.44903827
2023-09-30,308.62,311.23,303.06,306.77,2345149,BNB-USD,740422468.5620549
2023-10-01,306.77,308.39,291.79,297.32,2233339,BNB-USD,636855919.8432878
2023-10-02,297.32,300.1,273.27,273.84,3587707,BNB-USD,901352572.9305854
2023-10-03,273.84,300.4,273.13,297.68,6758541,BNB-USD,1863662579.2264516
2023-10-04,297.68,299.55,296.27,299.19,4174032,BNB-USD,1102607438.3484342
2023-10-05,299.19,302.31,285.98,286.87,2000346,BNB-USD,553526571.968362
2023-10-06,286.87,289.1,278.24,279.65,3388221,BNB-USD,834973110.133672
2023-10-07,279.65,284.4,279.34,282.99,6435714,BNB-USD,1965518668.765622
2023-10-08,282.99,283.56,279.94,280.8,2707190,BNB-USD,645827516.6351984
2023-10-09,280.8,282.06,272.28,273.83,8012196,BNB-USD,2587353231.9535675
2023-10-10,273.83,275.79,260.8,265.92,3297946,BNB-USD,733099958.0028718
2023-10-11,265.92,266.66,244.83,247.45,3591298,BNB-USD,1046302196.1593915
2023-10-12,247.45,249.76,227.42,228.7,1853363,BNB-USD,480372829.76826465
2023-10-13,228.7,230.21,219.11,221.34,6294527,BNB-USD,1493940069.1185014
2023-10-14,221.34,234.25,219.5,231.85,2760995,BNB-USD,745708457.703774
2023-10-15,231.85,234.49,230.88,233.51,5350223,BNB-USD,1069036576.1999377
2023-10-16,233.51,235.57,203.38,206.29,4282880,BNB-USD,769122973.4760677
2023-10-17,206.29,219.27,206.21,216.02,4415404,BNB-USD,859255285.2024138
2023-10-18,216.02,224.64,211.75,219.84,4111772,BNB-USD,811662750.1273391
2023-10-19,219.84,233.61,218.24,231.86,2579051,BNB-USD,552735277.9311559
2023-10-20,231.86,242.17,230.62,239.01,6641287,BNB-USD,1635354604.5593503
2023-10-21,239.01,240.78,220.98,222.21,3755561,BNB-USD,677022847.0540262
2023-10-22,222.21,227.87,215.58,217.75,4261257,BNB-USD,884193539.699589
2023-10-23,217.75,218.21,215.65,216.28,1581472,BNB-USD,307342114.29681724
2023-10-24,216.28,224.81,216.15,222.46,4380213,BNB-USD,1015983179.7467954
2023-10-25,222.46,224.96,179.48,180.51,3488295,BNB-USD,751871172.9748886
2023-10-26,180.51,180.82,173.04,174.91,994315,BNB-USD,175143801.89707205
2023-10-27,174.91,179.04,166.48,167.78,1130055,BNB-USD,183964577.76984668
2023-10-28,167.78,170.06,157.43,160.3,3146384,BNB-USD,477783998.7388895
2023-10-29,160.3,170.69,156.98,170.23,3095052,BNB-USD,586923259.9496737
2023-10-30,170.23,172.47,166.14,166.24,2615598,BNB-USD,360373022.65071785
2023-10-31,166.24,169.64,166.14,169.49,1319608,BNB-USD,264793335.41790175
2023-11-01,169.49,170.02,165.62,166.37,3893343,BNB-USD,626468476.06954
2023-11-02,166.37,166.94,159.62,162.63,2487170,BNB-USD,374346094.71206
2023-11-03,162.63,164.67,160.3,161.77,2241537,BNB-USD,431374828.7757238
2023-11-04,161.77,165.47,158.23,164.14,3431542,BNB-USD,661457387.8052764
2023-11-05,164.14,169.4,163.32,166.76,3608481,BNB-USD,635913855.5545361
2023-11-06,166.76,175.27,164.87,174.78,2798461,BNB-USD,394912904.8245137
2023-11-07,174.78,185.34,170.11,184.02,2097285,BNB-USD,424310458.3588229
2023-11-08,184.02,189.8,183.29,189.51,6531556,BNB-USD,1156376674.6746242
2023-11-09,189.51,190.89,184.84,185.23,4128981,BNB-USD,730633340.5546118
2023-11-10,185.23,188.97,180.32,182.18,3522896,BNB-USD,554193309.7445983
2023-11-11,182.18,185.91,165.1,165.8,3476936,BNB-USD,581885197.6365486
2023-11-12,165.8,172.56,164.75,172.0,3588724,BNB-USD,677641593.8626031
2023-11-13,172.0,175.72,171.65,173.9,6602485,BNB-USD,1043923217.2456911
2023-11-14,173.9,175.75,169.7,171.56,2078489,BNB-USD,419163902.9753624
2023-11-15,171.56,175.39,168.06,172.72,9693397,BNB-USD,1469809592.345732
2023-11-16,172.72,172.75,160.34,161.63,5717743,BNB-USD,763821810.9684676
2023-11-17,161.63,161.76,160.41,161.46,3464013,BNB-USD,591596598.1039867
2023-11-18,161.46,161.97,147.46,148.85,3088470,BNB-USD,523954109.13600326
2023-11-19,148.85,151.14,142.7,143.2,1670555,BNB-USD,282583483.0773448
2023-11-20,143.2,152.79,140.65,151.96,2467208,BNB-USD,414983701.4512057
2023-11-21,151.96,152.16,147.34,147.79,3272253,BNB-USD,425505815.71344167
2023-11-22,147.79,153.01,145.48,152.71,4459011,BNB-USD,811038166.2301792
2023-11-23,152.71,163.09,152.01,162.8,5361242,BNB-USD,1019245361.5349053
2023-11-24,162.8,167.77,162.79,164.36,1539383,BNB-USD,218923782.89765635
2023-11-25,164.36,180.06,164.19,179.45,1253083,BNB-USD,230153311.8406179
2023-11-26,179.45,179.79,170.13,173.45,2421241,BNB-USD,429290385.1394137
2023-11-27,173.45,178.3,172.54,177.05,3259508,BNB-USD,563830714.0240514
2023-11-28,177.05,179.69,167.85,168.44,766513,BNB-USD,154121955.56886342
2023-11-29,168.44,179.59,166.68,178.0,4393192,BNB-USD,644240094.6006403
2023-11-30,178.0,187.21,174.76,182.93,2948956,BNB-USD,566901787.6254907
2023-12-01,182.93,183.18,173.84,174.44,4778144,BNB-USD,735247733.2485461
2023-12-02,174.44,177.37,171.67,176.26,10593718,BNB-USD,1887662397.6604657
2023-12-03,176.26,176.81,160.35,160.65,3725373,BNB-USD,665449006.482585
2023-12-04,160.65,165.26,158.85,165.18,3234463,BNB-USD,480142231.9927074
2023-12-05,165.18,166.53,161.97,161.97,2248076,BNB-USD,348588863.8472435
2023-12-06,161.97,163.48,155.98,156.02,3812146,BNB-USD,702012533.6545438
2023-12-07,156.02,159.87,155.1,159.55,7194001,BNB-USD,1267854194.9390461
2023-12-08,159.55,165.7,156.8,163.87,2816976,BNB-USD,475045985.3589183
2023-12-09,163.87,165.14,159.22,160.11,1019708,BNB-USD,145110159.48338148
2023-12-10,160.11,166.5,156.81,164.58,3000527,BNB-USD,479072264.9269569
2023-12-11,164.58,166.06,163.08,163.3,4084011,BNB-USD,740029676.2301714
2023-12-12,163.3,199.51,163.27,197.11,2433693,BNB-USD,541211703.2786999
2023-12-13,197.11,202.55,195.48,199.78,3227745,BNB-USD,578963753.195745
2023-12-14,199.78,214.8,198.58,213.14,2235291,BNB-USD,507314057.2161075
2023-12-15,213.14,213.72,194.23,196.24,5145519,BNB-USD,846177280.0198786
2023-12-16,196.24,202.21,193.81,200.85,7106567,BNB-USD,1155136057.3478673
2023-12-17,200.85,206.5,197.94,202.94,4794069,BNB-USD,991850469.7244775
2023-12-18,202.94,212.48,202.07,209.12,3128135,BNB-USD,582036207.4520736
2023-12-19,209.12,220.28,208.12,219.5,5408904,BNB-USD,987279005.8058788
2023-12-20,219.5,219.62,203.58,203.86,2771433,BNB-USD,616924089.6573219
2023-12-21,203.86,208.06,192.82,194.84,2969371,BNB-USD,578083523.060008
2023-12-22,194.84,197.86,160.36,160.71,3901437,BNB-USD,701306207.539729
2023-12-23,160.71,162.39,157.66,159.11,3924850,BNB-USD,665435032.1115717
2023-12-24,159.11,167.65,158.99,167.0,4365783,BNB-USD,796104764.7999377
2023-12-25,167.0,168.57,159.46,160.73,4130797,BNB-USD,612782364.2414664
2023-12-26,160.73,177.04,159.58,176.14,4200108,BNB-USD,669754940.4392699
2023-12-27,176.14,176.54,165.43,168.82,2845313,BNB-USD,499727670.5629983
2023-12-28,168.82,176.67,166.89,175.83,4295679,BNB-USD,664696946.5022132
2023-12-29,175.83,177.49,170.15,171.11,6679534,BNB-USD,1287133289.207536
2023-12-30,171.11,176.49,168.49,175.22,5187916,BNB-USD,917360659.2102892
2023-12-31,175.22,177.47,172.65,176.93,3139383,BNB-USD,494793544.42131287
2024-01-01,176.93,184.88,176.06,183.0,1939787,BNB-USD,372753959.76369447
2024-01-02,183.0,183.61,173.19,174.21,3665269,BNB-USD,752193358.8325464
2024-01-03,174.21,175.49,173.25,174.59,4437227,BNB-USD,645195734.3993027
2024-01-04,174.59,174.9,172.86,174.48,1659124,BNB-USD,244248637.66810688
2024-01-05,174.48,175.91,166.52,166.65,1871448,BNB-USD,354770991.60071546
2024-01-06,166.65,169.85,161.78,163.04,8885891,BNB-USD,1222514375.772565
2024-01-07,163.04,164.79,151.25,151.89,2070778,BNB-USD,256578277.71422258
2024-01-08,151.89,152.72,151.24,151.49,4327444,BNB-USD,615687967.0327626
2024-01-09,151.49,153.66,138.66,141.71,1831727,BNB-USD,256117118.0773092
2024-01-10,141.71,147.72,141.16,146.91,1516270,BNB-USD,228942870.16745758
2024-01-11,146.91,147.41,135.79,137.52,1631127,BNB-USD,224967598.65515202
2024-01-12,137.52,144.35,132.44,142.05,5723903,BNB-USD,947461332.437495
2024-01-13,142.05,142.14,139.16,139.38,2752196,BNB-USD,424825627.70536196
2024-01-14,139.38,139.56,133.47,135.28,5074600,BNB-USD,819344614.3921076
2024-01-15,135.28,135.73,127.81,128.49,4405623,BNB-USD,560747267.7953773
2024-01-16,128.49,132.26,120.07,122.7,6615219,BNB-USD,676729608.7732471
2024-01-17,122.7,124.14,122.69,124.03,3078956,BNB-USD,451466660.1768072
2024-01-18,124.03,124.14,122.38,122.41,7105895,BNB-USD,697297190.3871405
2024-01-19,122.41,131.79,120.5,130.02,1662887,BNB-USD,240086297.22434556
2024-01-20,130.02,132.03,125.89,126.16,1437474,BNB-USD,147350595.90421274
2024-01-21,126.16,126.89,126.15,126.6,5454058,BNB-USD,762629403.6134464
2024-01-22,126.6,134.28,125.74,131.77,1608081,BNB-USD,249015983.19528702
2024-01-23,131.77,134.32,131.2,134.31,10165555,BNB-USD,1304856944.6176293
2024-01-24,134.31,142.39,131.2,140.62,6064712,BNB-USD,764455679.7804875
2024-01-25,140.62,145.0,139.26,144.19,824321,BNB-USD,105845187.4771489
2024-01-26,144.19,147.01,140.21,143.04,2974698,BNB-USD,424091142.29764986
2024-01-27,143.04,145.6,141.67,145.05,3330586,BNB-USD,419503512.7140155
2024-01-28,145.05,149.68,142.59,148.89,2387932,BNB-USD,380131646.88969386
2024-01-29,148.89,152.35,146.21,148.28,2817332,BNB-USD,395755457.84143543
2024-01-30,148.28,151.66,148.03,150.73,4014669,BNB-USD,562314282.3389511
2024-01-31,150.73,153.75,149.5,151.56,3547758,BNB-USD,529371532.05721915
2024-02-01,151.56,152.93,148.3,148.48,3166752,BNB-USD,478209183.1239815
2024-02-02,148.48,160.58,147.6,158.72,2528444,BNB-USD,343835181.7130538
2024-02-03,158.72,193.87,158.67,189.19,2350199,BNB-USD,481585623.3762847
2024-02-04,189.19,193.42,185.87,190.17,2542320,BNB-USD,557530826.8352096
2024-02-05,190.17,191.12,177.23,180.22,4487624,BNB-USD,736937512.3823907
2024-02-06,180.22,182.85,171.93,173.12,1741044,BNB-USD,262876245.1239788
2024-02-07,173.12,174.14,167.6,168.52,4944231,BNB-USD,920023244.1471162
2024-02-08,168.52,174.13,168.01,173.72,1805407,BNB-USD,273934308.9669061
2024-02-09,173.72,176.92,164.58,164.63,1802092,BNB-USD,242238530.85364243
2024-02-10,164.63,186.98,164.28,185.71,3159292,BNB-USD,614696694.2427342
2024-02-11,185.71,189.26,185.04,188.37,3471320,BNB-USD,585822704.5561659
2024-02-12,188.37,189.82,179.2,180.02,1793856,BNB-USD,280537056.8912278
2024-02-13,180.02,180.79,171.28,172.74,2013113,BNB-USD,414735144.68355435
2024-02-14,172.74,173.22,170.3,170.51,9153720,BNB-USD,1430857877.2660236
2024-02-15,170.51,178.22,168.84,177.34,4382767,BNB-USD,902668788.7616144
2024-02-16,177.34,178.05,174.76,177.74,2517890,BNB-USD,389927096.1033219
2024-02-17,177.74,192.31,177.18,189.02,2150290,BNB-USD,458306839.24676996
2024-02-18,189.02,190.04,170.59,172.21,2246215,BNB-USD,387133061.8923379
2024-02-19,172.21,176.18,171.26,173.62,3148576,BNB-USD,454510325.5542137
2024-02-20,173.62,176.88,167.92,169.24,6344158,BNB-USD,1174012727.8274395
2024-02-21,169.24,172.28,166.68,169.09,2661624,BNB-USD,520635678.1958413
2024-02-22,169.09,171.37,152.5,152.64,4016213,BNB-USD,530401833.9737153
2024-02-23,152.64,154.74,152.54,152.65,3640884,BNB-USD,605932445.6107849
2024-02-24,152.65,179.29,151.53,177.42,1867870,BNB-USD,324113712.37691754
2024-02-25,177.42,186.54,174.1,186.04,4385822,BNB-USD,898795377.8267252
2024-02-26,186.04,189.51,182.28,183.09,1804111,BNB-USD,358580099.94501215
2024-02-27,183.09,183.18,177.36,177.5,2772302,BNB-USD,398902698.9200266
2024-02-28,177.5,188.97,176.8,188.25,2391924,BNB-USD,392413535.68317306
2024-02-29,188.25,188.84,187.7,187.76,4574375,BNB-USD,848930947.4745406
2024-03-01,187.76,189.39,180.78,181.86,4711649,BNB-USD,1005472372.48626
2024-03-02,181.86,182.08,180.15,181.15,6410272,BNB-USD,1087865739.7628713
2024-03-03,181.15,182.78,176.87,177.74,2271859,BNB-USD,424615872.85144424
2024-03-04,177.74,186.46,176.85,186.18,3767880,BNB-USD,564593836.5542581
2024-03-05,186.18,190.61,184.47,187.69,3829321,BNB-USD,779422158.9952102
2024-03-06,187.69,191.36,187.68,188.74,4278968,BNB-USD,840908103.9759881
2024-03-07,188.74,189.44,178.84,179.81,2871475,BNB-USD,560804959.0648896
2024-03-08,179.81,180.3,172.18,175.24,5413742,BNB-USD,1102265428.9365444
2024-03-09,175.24,181.72,172.43,179.33,2577978,BNB-USD,396938133.8721563
2024-03-10,179.33,179.96,157.78,158.98,2374333,BNB-USD,341474210.99796623
2024-03-11,158.98,159.41,158.37,159.22,2643083,BNB-USD,504287796.6252066
2024-03-12,159.22,159.7,150.77,153.84,1901870,BNB-USD,252357398.97229648
2024-03-13,153.84,156.41,147.91,148.48,1714102,BNB-USD,276970564.8149872
2024-03-14,148.48,150.06,144.76,145.61,5194409,BNB-USD,824453071.1997783
2024-03-15,145.61,152.87,144.72,151.78,2994772,BNB-USD,487818160.4818331
2024-03-16,151.78,163.04,148.96,162.37,1873679,BNB-USD,271061040.18640345
2024-03-17,162.37,162.38,157.49,159.66,3946580,BNB-USD,558312102.9211073
2024-03-18,159.66,166.85,159.53,165.42,5364307,BNB-USD,946405671.7780167
2024-03-19,165.42,172.12,164.59,169.61,1657132,BNB-USD,245792376.36383733
2024-03-20,169.61,175.07,168.61,174.1,1925036,BNB-USD,356807868.2088764
2024-03-21,174.1,176.76,174.0,174.77,2867349,BNB-USD,499628874.12571275
2024-03-22,174.77,176.17,172.72,175.67,3659707,BNB-USD,613746175.2497513
2024-03-23,175.67,177.51,174.66,175.57,3763611,BNB-USD,607976421.0753974
2024-03-24,175.57,176.5,162.68,165.65,3661248,BNB-USD,715065340.6698897
2024-03-25,165.65,176.2,160.69,176.15,1910638,BNB-USD,337648480.665985
2024-03-26,176.15,177.08,154.27,155.28,1625169,BNB-USD,258539168.35759676
2024-03-27,155.28,160.06,153.39,159.55,4559533,BNB-USD,858202246.909288
2024-03-28,159.55,163.82,158.22,163.64,1431637,BNB-USD,248692803.89985484
2024-03-29,163.64,164.61,153.14,153.85,1623819,BNB-USD,295577714.3841075
2024-03-30,153.85,160.06,152.15,159.38,3820376,BNB-USD,513019544.32244587
2024-03-31,159.38,165.2,159.08,164.27,4174377,BNB-USD,780804681.8807083
2024-04-01,164.27,164.71,160.42,162.28,840807,BNB-USD,127463343.16326503
2024-04-02,162.28,163.49,159.89,160.85,3992068,BNB-USD,721872751.5333793
2024-04-03,160.85,162.31,158.9,159.46,2799876,BNB-USD,509980408.17854875
2024-04-04,159.46,161.63,155.39,157.29,3410821,BNB-USD,487450429.10694295
2024-04-05,157.29,166.85,156.7,165.47,1890801,BNB-USD,301461144.77915865
2024-04-06,165.47,166.95,158.77,159.23,4972055,BNB-USD,863274572.0918276
2024-04-07,159.23,161.13,158.9,160.85,3291357,BNB-USD,444508424.5161066
2024-04-08,160.85,175.92,160.64,171.71,5178975,BNB-USD,980178325.5199732
2024-04-09,171.71,197.53,169.68,194.64,3941833,BNB-USD,647694327.4083976
2024-04-10,194.64,198.26,194.4,197.21,1943846,BNB-USD,446897826.9087484
2024-04-11,197.21,230.78,193.92,229.55,5242960,BNB-USD,1095849283.173644
2024-04-12,229.55,235.92,225.11,234.75,3448124,BNB-USD,833924578.1056278
2024-04-13,234.75,246.13,233.78,246.05,5034816,BNB-USD,1049105855.9237107
2024-04-14,246.05,260.03,239.74,256.68,6650237,BNB-USD,1549594341.9931939
2024-04-15,256.68,261.37,256.05,258.87,1942560,BNB-USD,483551236.8017435
2024-04-16,258.87,261.19,257.22,257.69,5232406,BNB-USD,1341353701.8182082
2024-04-17,257.69,260.43,219.74,219.79,3024532,BNB-USD,531827458.5691965
2024-04-18,219.79,221.81,202.73,205.71,2172804,BNB-USD,516454110.3139282
2024-04-19,205.71,208.16,204.62,206.72,2152948,BNB-USD,357412220.795526
2024-04-20,206.72,207.38,185.95,187.01,2004028,BNB-USD,415801140.4162723
2024-04-21,187.01,187.96,184.75,185.81,3880978,BNB-USD,712638015.0723889
2024-04-22,185.81,187.34,168.57,171.02,1513694,BNB-USD,261344695.30465692
2024-04-23,171.02,171.25,164.09,164.74,3390272,BNB-USD,493338352.58338714
2024-04-24,164.74,165.41,150.16,151.84,3199297,BNB-USD,506644269.3348484
2024-04-25,151.84,154.84,151.83,154.02,1852793,BNB-USD,289617083.7984106
2024-04-26,154.02,155.36,149.38,149.76,3681861,BNB-USD,477340089.1273742
2024-04-27,149.76,153.33,149.49,153.14,2637134,BNB-USD,361546370.8316614
2024-04-28,153.14,160.42,151.8,159.68,2968425,BNB-USD,391883360.5210497
2024-04-29,159.68,161.8,156.39,156.86,10977238,BNB-USD,1423164838.2620564
2024-04-30,156.86,157.16,148.17,151.01,3571440,BNB-USD,434430363.65368074
2024-05-01,151.01,169.22,150.51,167.1,5530981,BNB-USD,820888863.2418909
2024-05-02,167.1,167.12,163.77,165.03,2446893,BNB-USD,432830405.9110877
2024-05-03,165.03,165.56,159.88,159.95,3240949,BNB-USD,480280965.8240935
2024-05-04,159.95,160.04,149.02,149.34,1889555,BNB-USD,264434859.73108405
2024-05-05,149.34,149.56,143.64,145.15,2200905,BNB-USD,272424559.1678593
2024-05-06,145.15,157.56,144.43,154.87,2205346,BNB-USD,351852494.16744995
2024-05-07,154.87,158.67,153.17,156.41,2359965,BNB-USD,345814815.8181453
2024-05-08,156.41,159.17,154.07,158.54,1850319,BNB-USD,314038557.94845504
2024-05-09,158.54,164.02,158.08,162.13,2819683,BNB-USD,501308985.96088076
2024-05-10,162.13,162.56,160.95,162.08,2124757,BNB-USD,356047248.3307565
2024-05-11,162.08,162.31,146.15,146.88,2034722,BNB-USD,272090426.9922942
2024-05-12,146.88,152.25,144.16,151.14,2918862,BNB-USD,442675758.37349355
2024-05-13,151.14,157.69,149.96,156.95,1875893,BNB-USD,265206653.80698034
2024-05-14,156.95,162.64,156.53,160.79,10683347,BNB-USD,1994620861.1150908
2024-05-15,160.79,164.51,159.8,163.19,1801304,BNB-USD,325276947.6897742
2024-05-16,163.19,163.22,155.6,156.72,3793032,BNB-USD,592780936.225658
2024-05-17,156.72,158.24,151.62,153.09,2069977,BNB-USD,375892781.9598167
2024-05-18,153.09,158.66,152.07,155.98,1618367,BNB-USD,257153929.5766673
2024-05-19,155.98,157.39,152.44,153.2,5324713,BNB-USD,759797429.9069774
2024-05-20,153.2,158.41,152.62,157.62,3152787,BNB-USD,416530525.0658331
2024-05-21,157.62,187.45,155.99,186.17,7147208,BNB-USD,1353878820.3467588
2024-05-22,186.17,195.58,185.77,193.8,1502518,BNB-USD,333167583.6449265
2024-05-23,193.8,203.37,191.99,199.12,3642773,BNB-USD,831748578.9571161
2024-05-24,199.12,217.12,197.01,215.27,1204086,BNB-USD,270045256.98665744
2024-05-25,215.27,220.8,213.76,217.66,6175776,BNB-USD,1286922516.2081516
2024-05-26,217.66,219.99,217.49,219.51,2371076,BNB-USD,551765074.6942883
2024-05-27,219.51,228.83,218.19,227.44,2081564,BNB-USD,523073055.44855726
2024-05-28,227.44,241.09,223.66,240.07,1443551,BNB-USD,334302599.93148065
2024-05-29,240.07,241.92,228.1,232.33,3414948,BNB-USD,785858940.7195116
2024-05-30,232.33,276.66,231.86,274.68,11615335,BNB-USD,3421002765.011024
2024-05-31,274.68,274.78,263.29,265.97,2033850,BNB-USD,622442133.5120733
2024-06-01,265.97,268.97,257.73,258.04,4662985,BNB-USD,1343298390.334615
2024-06-02,258.04,263.28,246.03,249.29,4185850,BNB-USD,844138510.0835897
2024-06-03,249.29,250.9,236.46,238.22,2202525,BNB-USD,445850950.8275345
2024-06-04,238.22,238.82,232.53,232.94,3301873,BNB-USD,877672380.0878038
2024-06-05,232.94,257.54,231.4,252.9,1374298,BNB-USD,393969344.2657898
2024-06-06,252.9,253.53,224.81,225.34,4066317,BNB-USD,875549162.6889184
2024-06-07,225.34,227.19,213.9,216.69,6461107,BNB-USD,1447254843.1854742
2024-06-08,216.69,218.57,213.73,215.16,2729795,BNB-USD,682690726.0382012
2024-06-09,215.16,217.86,213.9,215.11,4321143,BNB-USD,1082542057.0651772
2024-06-10,215.11,216.36,212.82,215.15,6307296,BNB-USD,1510679199.560302
2024-06-11,215.15,216.43,193.07,195.06,5216460,BNB-USD,899322750.0203885
2024-06-12,195.06,195.07,182.56,184.47,4837458,BNB-USD,974564485.0209194
2024-06-13,184.47,185.19,180.28,183.2,7642642,BNB-USD,1176726072.2139065
2024-06-14,183.2,200.81,179.55,197.23,1626143,BNB-USD,371262420.2545802
2024-06-15,197.23,198.83,186.79,186.98,3539986,BNB-USD,569014295.7551752
2024-06-16,186.98,188.57,186.38,186.59,1138114,BNB-USD,226151279.03567547
2024-06-17,186.59,186.63,184.42,185.56,1823260,BNB-USD,353243309.3458827
2024-06-18,185.56,189.71,183.66,189.06,3022177,BNB-USD,634657954.4853351
2024-06-19,189.06,195.9,188.87,193.1,3423850,BNB-USD,674785527.0931978
2024-06-20,193.1,195.28,179.21,182.61,1696854,BNB-USD,255272986.5499552
2024-06-21,182.61,196.57,180.78,192.38,2736439,BNB-USD,569782097.358471
2024-06-22,192.38,195.17,189.02,190.43,5081436,BNB-USD,922431293.778492
2024-06-23,190.43,191.64,189.29,189.41,3214571,BNB-USD,565102528.4988072
2024-06-24,189.41,194.23,188.49,192.09,1461042,BNB-USD,335847136.81834584
2024-06-25,192.09,205.57,190.03,205.21,2391218,BNB-USD,508445578.5858074
2024-06-26,205.21,225.49,203.71,220.99,5282442,BNB-USD,1265761442.5378733
2024-06-27,220.99,221.48,213.9,218.32,3829396,BNB-USD,844837550.1532241
2024-06-28,218.32,220.71,204.69,210.69,3999672,BNB-USD,933692289.7944609
2024-06-29,210.69,214.77,207.73,210.65,2191509,BNB-USD,508188252.11804724
2024-06-30,210.65,211.39,208.97,209.44,2942326,BNB-USD,654976693.9821982
2024-07-01,209.44,223.79,209.02,222.82,6220739,BNB-USD,1662074735.1912508
2024-07-02,222.82,223.46,217.88,219.82,1180316,BNB-USD,255284322.49391064
2024-07-03,219.82,274.7,217.33,274.6,6729577,BNB-USD,2000354431.5496085
2024-07-04,274.6,278.24,273.04,277.49,4496017,BNB-USD,1396202842.983455
2024-07-05,277.49,294.77,275.84,294.36,1307516,BNB-USD,365795685.05309236
2024-07-06,294.36,336.17,289.75,330.45,6492654,BNB-USD,2108745165.526529
2024-07-07,330.45,338.55,307.56,314.31,2542996,BNB-USD,949289180.4890699
2024-07-08,314.31,328.47,311.27,326.85,2548785,BNB-USD,677216577.7277799
2024-07-09,326.85,327.02,305.55,307.86,4015036,BNB-USD,1154634609.5609503
2024-07-10,307.86,319.18,307.04,315.74,2303659,BNB-USD,723346051.7051414
2024-07-11,315.74,329.73,315.6,327.18,2553444,BNB-USD,668838209.4033425
2024-07-12,327.18,329.96,318.05,318.3,3190095,BNB-USD,1177517857.4774537
2024-07-13,318.3,323.71,317.82,322.75,6676367,BNB-USD,1970557440.7757022
2024-07-14,322.75,343.52,318.22,343.22,5244063,BNB-USD,1625427642.729126
2024-07-15,343.22,344.2,333.66,340.44,1855536,BNB-USD,712638529.2167295
2024-07-16,340.44,350.7,337.2,348.36,3840156,BNB-USD,1218954970.8050227
2024-07-17,348.36,352.06,338.34,342.37,2883005,BNB-USD,1049287253.1677834
2024-07-18,342.37,367.59,338.18,366.91,9790886,BNB-USD,4054357794.007276
2024-07-19,366.91,396.42,364.49,392.97,4577371,BNB-USD,2009208852.9959831
2024-07-20,392.97,393.2,390.63,392.11,4073549,BNB-USD,1777420928.8124924
2024-07-21,392.11,392.26,354.97,357.82,3527221,BNB-USD,1054436327.6340408
2024-07-22,357.82,372.04,357.82,369.29,3874547,BNB-USD,1190364190.6313157
2024-07-23,369.29,369.36,359.96,360.5,1715444,BNB-USD,570618840.6381472
2024-07-24,360.5,366.93,334.21,337.39,4075238,BNB-USD,1119726176.3728375
2024-07-25,337.39,360.04,335.69,360.03,2082289,BNB-USD,749815375.7383101
2024-07-26,360.03,361.09,351.39,354.15,3393142,BNB-USD,1151105872.4996042
2024-07-27,354.15,362.95,352.44,357.86,4367947,BNB-USD,1598768703.2245216
2024-07-28,357.86,371.64,354.86,369.53,6336778,BNB-USD,2153164490.9211106
2024-07-29,369.53,370.83,350.41,356.53,2458212,BNB-USD,871432097.6416224
2024-07-30,356.53,361.48,351.81,354.92,6504170,BNB-USD,2155865976.193922
2024-07-31,354.92,377.99,352.76,375.29,1817342,BNB-USD,598879355.1989034
2024-08-01,375.29,397.17,374.27,392.35,1676848,BNB-USD,697219324.5103835
2024-08-02,392.35,403.53,392.21,394.44,3342276,BNB-USD,1409785462.0909655
2024-08-03,394.44,401.66,387.36,398.75,4261590,BNB-USD,1923095565.5761125
2024-08-04,398.75,414.1,385.02,409.03,1822888,BNB-USD,857384230.6672286
2024-08-05,409.03,436.34,408.75,435.37,3425550,BNB-USD,1613354000.79483
2024-08-06,435.37,437.68,413.12,415.85,1245034,BNB-USD,556578046.824553
2024-08-07,415.85,418.01,407.98,410.84,2544953,BNB-USD,860158108.3580289
2024-08-08,410.84,413.15,384.07,386.51,4753043,BNB-USD,1550349038.4532588
2024-08-09,386.51,397.21,381.54,393.09,2438250,BNB-USD,1078282196.014608
2024-08-10,393.09,411.1,392.21,410.52,4539237,BNB-USD,1664395043.854301
2024-08-11,410.52,435.51,405.55,429.74,4480892,BNB-USD,1814367889.6207583
2024-08-12,429.74,432.35,424.02,429.25,2415874,BNB-USD,889881282.6007648
2024-08-13,429.25,438.33,425.19,437.28,3531806,BNB-USD,1356066655.488194
2024-08-14,437.28,439.2,359.0,364.38,2038763,BNB-USD,824725735.8227991
2024-08-15,364.38,366.76,329.67,331.76,1850378,BNB-USD,555405424.7097138
2024-08-16,331.76,332.94,328.24,329.29,1592791,BNB-USD,513797885.1472816
2024-08-17,329.29,330.41,320.91,322.49,4724411,BNB-USD,1311293346.0017235
2024-08-18,322.49,332.28,321.63,331.1,3491470,BNB-USD,1238302336.0099244
2024-08-19,331.1,331.69,320.64,325.93,4877080,BNB-USD,1734728496.3320408
2024-08-20,325.93,365.47,325.06,361.57,3998796,BNB-USD,1365856099.741011
2024-08-21,361.57,367.75,361.18,365.54,2364475,BNB-USD,962753962.7957349
2024-08-22,365.54,366.26,335.2,338.61,4016551,BNB-USD,1218548940.3527954
2024-08-23,338.61,342.14,306.02,311.35,2525600,BNB-USD,846706659.963724
2024-08-24,311.35,316.58,304.51,306.54,4224378,BNB-USD,1414057042.6890922
2024-08-25,306.54,312.66,305.0,309.76,1347259,BNB-USD,495560289.062115
2024-08-26,309.76,312.99,300.04,301.98,2986408,BNB-USD,805274759.1757854
2024-08-27,301.98,303.36,291.87,292.19,5459379,BNB-USD,1335934641.6192365
2024-08-28,292.19,304.95,291.98,299.18,2773206,BNB-USD,751045126.15788
2024-08-29,299.18,309.22,297.43,308.1,3971252,BNB-USD,1038965052.4783758
2024-08-30,308.1,309.67,291.84,295.02,4506126,BNB-USD,1153754295.7233558
2024-08-31,295.02,335.44,289.92,328.85,2825675,BNB-USD,867565364.5233866
2024-09-01,328.85,329.21,318.94,325.97,1926442,BNB-USD,606358071.3794547
2024-09-02,325.97,347.54,325.96,346.78,7142272,BNB-USD,2876774278.218308
2024-09-03,346.78,356.56,345.87,355.88,1855214,BNB-USD,579847685.4083884
2024-09-04,355.88,369.77,353.5,363.53,876269,BNB-USD,378661611.40999013
2024-09-05,363.53,384.38,353.85,380.49,2258441,BNB-USD,965921841.0618905
2024-09-06,380.49,382.61,348.85,349.61,5046465,BNB-USD,2033505798.3190591
2024-09-07,349.61,356.18,342.41,344.51,3463249,BNB-USD,1398075870.3695667
2024-09-08,344.51,346.8,338.83,339.67,2598492,BNB-USD,972037066.2487819
2024-09-09,339.67,359.75,336.97,355.95,1225064,BNB-USD,486431840.9756407
2024-09-10,355.95,359.8,353.63,359.61,6247290,BNB-USD,2190709290.5058627
2024-09-11,359.61,392.97,356.89,387.1,3177703,BNB-USD,1235230718.083885
2024-09-12,387.1,400.56,385.94,398.36,3181228,BNB-USD,1486504998.3600254
2024-09-13,398.36,413.17,394.28,407.27,6070176,BNB-USD,2351810257.11493
2024-09-14,407.27,423.59,406.31,421.11,2401677,BNB-USD,826065769.0704097
2024-09-15,421.11,429.45,412.16,423.68,3078339,BNB-USD,1441307598.5446281
2024-09-16,423.68,423.99,410.34,419.08,2207223,BNB-USD,952071382.3987586
2024-09-17,419.08,431.13,417.26,425.6,2740558,BNB-USD,1313287681.7943282
2024-09-18,425.6,430.39,407.5,411.17,5121521,BNB-USD,1748291451.7165508
2024-09-19,411.17,425.02,407.54,423.38,1278422,BNB-USD,567505435.096631
2024-09-20,423.38,426.29,404.88,407.05,9229293,BNB-USD,3377657951.0297213
2024-09-21,407.05,434.06,403.53,424.66,972143,BNB-USD,479422835.66898966
2024-09-22,424.66,442.45,422.09,437.32,1867488,BNB-USD,689256814.7034403
2024-09-23,437.32,515.16,432.54,508.54,1264409,BNB-USD,731240320.1280156
2024-09-24,508.54,511.31,489.62,491.22,1475039,BNB-USD,605320380.2537154
2024-09-25,491.22,507.51,481.37,499.44,2754877,BNB-USD,1114529153.1993587
2024-09-26,499.44,504.17,490.05,491.16,7721551,BNB-USD,3390600344.086503
2024-09-27,491.16,494.06,463.65,465.5,4904135,BNB-USD,2130419475.565395
2024-09-28,465.5,517.02,464.46,511.98,3960644,BNB-USD,2130399040.237784
2024-09-29,511.98,528.45,510.32,517.87,2382715,BNB-USD,1052165215.2599888
2024-09-30,517.87,542.48,515.01,541.2,4428429,BNB-USD,2336586093.4933147
2024-10-01,541.2,544.16,493.81,495.55,4257263,BNB-USD,1860122223.9175043
2024-10-02,495.55,512.5,493.42,502.69,4066781,BNB-USD,2334873056.648797
2024-10-03,502.69,530.24,497.67,524.39,2605835,BNB-USD,1117757274.7986703
2024-10-04,524.39,524.78,513.78,516.51,2002299,BNB-USD,974611345.5869473
2024-10-05,516.51,545.26,510.4,542.56,1812094,BNB-USD,1034834927.6410261
2024-10-06,542.56,573.03,541.97,569.34,1194921,BNB-USD,792728574.1447234
2024-10-07,569.34,585.28,562.52,583.42,3687787,BNB-USD,2468228054.429569
2024-10-08,583.42,590.68,574.32,586.29,2497542,BNB-USD,1695753211.9710932
2024-10-09,586.29,618.26,585.91,613.83,3539863,BNB-USD,1792928201.9423757
2024-10-10,613.83,620.65,560.77,565.15,7566623,BNB-USD,4859429907.579406
2024-10-11,565.15,567.42,538.23,546.31,1566078,BNB-USD,951357330.4014442
2024-10-12,546.31,547.08,533.75,535.77,3986419,BNB-USD,2479609711.066209
2024-10-13,535.77,542.01,530.58,533.97,3414335,BNB-USD,1685742383.2053857
2024-10-14,533.97,559.02,532.15,553.04,1330259,BNB-USD,856858438.9853659
2024-10-15,553.04,554.92,509.98,514.07,1681575,BNB-USD,830782601.3468268
2024-10-16,514.07,515.0,508.55,509.36,1958096,BNB-USD,1050874889.8623784
2024-10-17,509.36,513.52,508.82,510.32,9056204,BNB-USD,4481397427.297537
2024-10-18,510.32,513.45,494.88,499.08,1649982,BNB-USD,799641190.489549
2024-10-19,499.08,517.94,495.9,507.53,2853867,BNB-USD,1475443172.9903684
2024-10-20,507.53,514.97,497.01,504.98,2836438,BNB-USD,1349799429.445105
2024-10-21,504.98,506.73,472.99,475.32,7161255,BNB-USD,3802465271.3659306
2024-10-22,475.32,482.69,462.58,466.09,5520749,BNB-USD,2710715756.241218
2024-10-23,466.09,479.5,466.04,475.25,872998,BNB-USD,446383581.1993067
2024-10-24,475.25,512.61,467.96,505.25,4816511,BNB-USD,2171726919.0091524
2024-10-25,505.25,507.53,491.52,495.91,5216031,BNB-USD,3072538699.2086763
2024-10-26,495.91,532.05,492.44,526.23,4218925,BNB-USD,2362369280.146432
2024-10-27,526.23,535.46,506.85,509.36,3208620,BNB-USD,1436388393.9010177
2024-10-28,509.36,543.39,501.98,542.87,3490367,BNB-USD,2084668654.9966035
2024-10-29,542.87,544.01,537.7,540.67,7319830,BNB-USD,3441087230.4264607
2024-10-30,540.67,545.29,527.86,535.44,936526,BNB-USD,413876615.92004085
2024-10-31,535.44,578.37,529.49,574.12,6166269,BNB-USD,3579195932.973039
2024-11-01,574.12,574.66,552.17,552.42,3227363,BNB-USD,1821030152.4109364
2024-11-02,552.42,552.92,549.64,552.36,2562837,BNB-USD,1239487436.7591653
2024-11-03,552.36,567.71,548.14,563.51,2517097,BNB-USD,1332385042.4253147
2024-11-04,563.51,572.8,561.36,566.29,1331293,BNB-USD,888323729.6413105
2024-11-05,566.29,590.47,564.37,588.12,4847706,BNB-USD,2605847713.3011265
2024-11-06,588.12,592.8,583.69,588.63,6665080,BNB-USD,3382746788.228662
2024-11-07,588.63,590.18,577.18,586.93,3776389,BNB-USD,2653176698.894573
2024-11-08,586.93,615.59,579.48,606.94,5980845,BNB-USD,3342960590.95074
2024-11-09,606.94,617.18,537.73,553.86,3885699,BNB-USD,2307305217.3708143
2024-11-10,553.86,564.81,532.25,536.06,2563776,BNB-USD,1226766970.7108915
2024-11-11,536.06,575.88,531.83,572.62,2467581,BNB-USD,1441314456.7336621
2024-11-12,572.62,582.92,569.49,573.3,1956384,BNB-USD,1070576727.510289
2024-11-13,573.3,591.65,564.12,591.5,1118967,BNB-USD,784070978.5013502
2024-11-14,591.5,594.11,560.57,564.04,1010810,BNB-USD,554813322.2379646
2024-11-15,564.04,590.26,562.36,588.82,4397750,BNB-USD,2676670207.809777
2024-11-16,588.82,607.97,578.94,598.12,2938913,BNB-USD,2070550728.8763626
2024-11-17,598.12,637.43,590.4,629.19,1855188,BNB-USD,1395692312.134002
2024-11-18,629.19,653.24,628.82,649.49,5084478,BNB-USD,2776137375.4919224
2024-11-19,649.49,656.6,636.2,636.23,3318510,BNB-USD,2393680908.0744767
2024-11-20,636.23,641.41,609.81,621.79,5575476,BNB-USD,3303304975.224458
2024-11-21,621.79,641.86,614.86,636.66,2751790,BNB-USD,1818408857.4313226
2024-11-22,636.66,639.38,603.3,606.58,4158118,BNB-USD,2396168162.11471
2024-11-23,606.58,634.79,601.64,623.5,4053304,BNB-USD,2427274007.858841
2024-11-24,623.5,628.84,575.4,578.67,4158704,BNB-USD,2078131154.7986748
2024-11-25,578.67,638.41,574.24,620.68,3139402,BNB-USD,2005280074.8510098
2024-11-26,620.68,632.5,573.39,574.24,6911429,BNB-USD,4042981842.301061
2024-11-27,574.24,584.46,571.89,580.56,1363492,BNB-USD,693227909.7346185
2024-11-28,580.56,584.97,549.28,554.84,6520727,BNB-USD,3678351781.1408467
2024-11-29,554.84,563.96,550.61,557.0,2728967,BNB-USD,1807687114.9653304
2024-11-30,557.0,560.92,538.21,544.2,5817804,BNB-USD,3437580179.5774684
2024-12-01,544.2,555.6,524.3,530.73,3872112,BNB-USD,2039413315.8032231
2024-12-02,530.73,535.16,495.1,501.11,3196934,BNB-USD,1868644810.5220418
2024-12-03,501.11,501.14,472.04,472.91,1375887,BNB-USD,670272659.8347049
2024-12-04,472.91,476.92,429.99,435.17,3183938,BNB-USD,1183289973.6763108
2024-12-05,435.17,458.09,433.85,453.69,8168260,BNB-USD,3776283480.4773245
2024-12-06,453.69,458.78,444.49,448.76,1776992,BNB-USD,695680636.4776431
2024-12-07,448.76,464.8,446.26,456.29,2226153,BNB-USD,1124460853.0980976
2024-12-08,456.29,459.39,440.15,454.89,2108181,BNB-USD,1138196700.039118
2024-12-09,454.89,457.92,449.88,457.43,1790580,BNB-USD,773465558.4562709
2024-12-10,457.43,457.53,415.17,417.46,5487121,BNB-USD,2231021297.53831
2024-12-11,417.46,421.74,387.42,392.79,2801996,BNB-USD,1066035738.7291032
2024-12-12,392.79,397.03,371.61,379.34,3167866,BNB-USD,1098496427.793873
2024-12-13,379.34,395.75,375.83,394.97,1681084,BNB-USD,742109327.6535436
2024-12-14,394.97,405.2,392.81,399.35,4487095,BNB-USD,1876305355.2309418
2024-12-15,399.35,400.37,377.16,382.12,2983127,BNB-USD,941135259.2384235
2024-12-16,382.12,399.36,380.99,395.56,2342286,BNB-USD,1052078263.3463807
2024-12-17,395.56,413.88,389.92,411.02,1647766,BNB-USD,592495133.039809
2024-12-18,411.02,452.65,409.65,447.67,3468152,BNB-USD,1850157267.8373678
2024-12-19,447.67,448.29,430.52,434.41,3637950,BNB-USD,1502395111.1036808
2024-12-20,434.41,439.17,411.76,413.91,5509409,BNB-USD,2386620165.075383
2024-12-21,413.91,415.38,395.66,397.98,4040086,BNB-USD,1336350952.527948
2024-12-22,397.98,400.6,382.77,383.75,5565608,BNB-USD,2003094670.2129483
2024-12-23,383.75,416.54,377.74,411.39,15687001,BNB-USD,7233968864.669794
2024-12-24,411.39,442.28,406.44,438.22,2098525,BNB-USD,911231854.728603
2024-12-25,438.22,441.41,392.93,397.51,2783305,BNB-USD,1285451523.9933088
2024-12-26,397.51,403.08,392.47,400.09,1287421,BNB-USD,530565319.44962037
2024-12-27,400.09,403.61,387.72,388.84,4778176,BNB-USD,2176451546.7283998
2024-12-28,388.84,404.21,386.98,398.87,2215552,BNB-USD,1054313501.5924321
2024-12-29,398.87,400.59,373.66,377.84,2840322,BNB-USD,1053395355.8607092
2024-12-30,377.84,381.99,363.98,364.22,1397016,BNB-USD,522082384.8522568
2021-01-01,1.5,1.51,1.44,1.46,4502613,SOL-USD,5508377.788292243
2021-01-02,1.46,1.47,1.46,1.47,6595414,SOL-USD,8246241.008029611
2021-01-03,1.47,1.61,1.47,1.59,3341043,SOL-USD,4633715.381158578
2021-01-04,1.59,1.64,1.58,1.64,6456014,SOL-USD,9332791.806241252
2021-01-05,1.64,1.66,1.63,1.65,2234501,SOL-USD,3306821.928262228
2021-01-06,1.65,1.65,1.64,1.64,2241606,SOL-USD,3316639.3932971912
2021-01-07,1.64,1.65,1.63,1.64,3235059,SOL-USD,5211518.045785264
2021-01-08,1.64,1.77,1.63,1.74,3827173,SOL-USD,6684781.247187477
2021-01-09,1.74,1.82,1.74,1.82,2725738,SOL-USD,4581595.0507599395
2021-01-10,1.82,1.99,1.8,1.99,2889345,SOL-USD,6686545.170035021
2021-01-11,1.99,2.02,1.97,1.99,5154344,SOL-USD,10475169.289666425
2021-01-12,1.99,2.02,1.68,1.71,2323092,SOL-USD,4429286.700562104
2021-01-13,1.71,1.8,1.71,1.79,3922561,SOL-USD,8212878.913743832
2021-01-14,1.79,1.81,1.72,1.74,3881277,SOL-USD,5843425.691394425
2021-01-15,1.74,1.86,1.73,1.84,2191414,SOL-USD,3915871.9065189096
2021-01-16,1.84,1.9,1.84,1.9,2390327,SOL-USD,4420288.07512345
2021-01-17,1.9,1.91,1.83,1.84,4151536,SOL-USD,7194161.763200141
2021-01-18,1.84,1.87,1.67,1.68,6201248,SOL-USD,8371590.183359171
2021-01-19,1.68,1.7,1.56,1.58,3401601,SOL-USD,6053810.155883328
2021-01-20,1.58,1.59,1.56,1.59,1485203,SOL-USD,1994555.9360356864
2021-01-21,1.59,1.6,1.54,1.55,1922824,SOL-USD,3571064.8308353517
2021-01-22,1.55,1.67,1.54,1.67,3118210,SOL-USD,5775973.48857366
2021-01-23,1.67,1.67,1.37,1.38,2387764,SOL-USD,3400571.181903471
2021-01-24,1.38,1.43,1.37,1.41,3354375,SOL-USD,4076229.8570167515
2021-01-25,1.41,1.42,1.38,1.4,5591383,SOL-USD,7876134.279197904
2021-01-26,1.4,1.47,1.36,1.45,4041577,SOL-USD,5300298.14729893
2021-01-27,1.45,1.45,1.41,1.42,1221549,SOL-USD,1562751.082038779
2021-01-28,1.42,1.47,1.41,1.46,2585258,SOL-USD,4271996.866868838
2021-01-29,1.46,1.57,1.44,1.56,5105894,SOL-USD,7584918.482187031
2021-01-30,1.56,1.57,1.47,1.49,2688999,SOL-USD,3927636.3385300646
2021-01-31,1.49,1.59,1.49,1.58,2163764,SOL-USD,3887751.003818934
2021-02-01,1.58,1.59,1.5,1.52,4172209,SOL-USD,5296104.893953791
2021-02-02,1.52,1.55,1.39,1.42,1846298,SOL-USD,2720968.6436621374
2021-02-03,1.42,1.52,1.4,1.52,2978669,SOL-USD,4669227.884255205
2021-02-04,1.52,1.64,1.51,1.63,1874882,SOL-USD,2964638.224620409
2021-02-05,1.63,1.65,1.62,1.65,2973000,SOL-USD,5552527.205909527
2021-02-06,1.65,1.65,1.56,1.56,6541013,SOL-USD,12011676.860830959
2021-02-07,1.56,1.61,1.56,1.6,1529181,SOL-USD,2412764.645540427
2021-02-08,1.6,1.61,1.57,1.58,4410502,SOL-USD,6846355.815816647
2021-02-09,1.58,1.59,1.5,1.52,2083232,SOL-USD,3169126.5704351827
2021-02-10,1.52,1.53,1.5,1.53,5651677,SOL-USD,9418813.081362382
2021-02-11,1.53,1.54,1.49,1.5,4760962,SOL-USD,7621520.194636028
2021-02-12,1.5,1.52,1.49,1.51,5529523,SOL-USD,7423895.054013362
2021-02-13,1.51,1.51,1.43,1.45,3355078,SOL-USD,4016227.3294650326
2021-02-14,1.45,1.46,1.44,1.45,4276661,SOL-USD,7315516.867324313
2021-02-15,1.45,1.51,1.45,1.5,3205311,SOL-USD,4348459.063585079
2021-02-16,1.5,1.5,1.5,1.5,4450735,SOL-USD,7046216.769261829
2021-02-17,1.5,1.55,1.49,1.54,4457253,SOL-USD,7765951.284194774
2021-02-18,1.54,1.54,1.47,1.47,3943643,SOL-USD,5334024.539550597
2021-02-19,1.47,1.57,1.46,1.57,2158026,SOL-USD,3571645.643946576
2021-02-20,1.57,1.58,1.52,1.53,2875793,SOL-USD,3709873.472015495
2021-02-21,1.53,1.54,1.27,1.28,3389299,SOL-USD,5153784.665339383
2021-02-22,1.28,1.28,1.17,1.18,3011023,SOL-USD,2925060.418601983
2021-02-23,1.18,1.18,1.12,1.13,3234904,SOL-USD,3565041.9743083045
2021-02-24,1.13,1.14,0.97,0.98,4486656,SOL-USD,4461679.42713519
2021-02-25,0.98,1.0,0.92,0.93,3266880,SOL-USD,3391214.910065675
2021-02-26,0.93,0.93,0.85,0.86,1947255,SOL-USD,1420850.0700160791
2021-02-27,0.86,0.95,0.86,0.95,5204545,SOL-USD,4827252.075789474
2021-02-28,0.95,0.98,0.95,0.96,5108814,SOL-USD,4511538.686379096
2021-03-01,0.96,1.03,0.95,1.01,3257979,SOL-USD,3043122.8732395642
2021-03-02,1.01,1.02,0.98,0.99,1489658,SOL-USD,1639219.6851900918
2021-03-03,0.99,1.0,0.98,0.99,5263692,SOL-USD,4180226.9781398945
2021-03-04,0.99,1.0,0.93,0.94,2233010,SOL-USD,2308162.9544892996
2021-03-05,0.94,0.96,0.79,0.79,1565875,SOL-USD,1390631.51479901
2021-03-06,0.79,0.84,0.79,0.83,9522345,SOL-USD,9172420.388938317
2021-03-07,0.83,0.84,0.77,0.77,12011008,SOL-USD,9717861.492925975
2021-03-08,0.77,0.82,0.77,0.82,1290434,SOL-USD,987663.7905314408
2021-03-09,0.82,0.84,0.78,0.78,2123551,SOL-USD,1608159.3039841328
2021-03-10,0.78,0.84,0.77,0.82,2671057,SOL-USD,2601805.6670448235
2021-03-11,0.82,0.88,0.82,0.86,8205444,SOL-USD,8132647.502302843
2021-03-12,0.86,0.92,0.86,0.89,4435905,SOL-USD,3890356.215618139
2021-03-13,0.89,0.9,0.64,0.65,1767025,SOL-USD,1352121.136636446
2021-03-14,0.65,0.65,0.58,0.58,3710942,SOL-USD,2430390.6602101377
2021-03-15,0.58,0.59,0.57,0.59,4046563,SOL-USD,2770508.522952764
2021-03-16,0.59,0.59,0.58,0.59,1751189,SOL-USD,1108822.452023786
2021-03-17,0.59,0.59,0.58,0.58,3282040,SOL-USD,2175912.8914185297
2021-03-18,0.58,0.6,0.58,0.6,3501741,SOL-USD,2430291.8542853286
2021-03-19,0.6,0.64,0.6,0.63,3071431,SOL-USD,1619222.1167486296
2021-03-20,0.63,0.65,0.63,0.65,4061187,SOL-USD,3130998.1658263286
2021-03-21,0.65,0.66,0.64,0.66,1507849,SOL-USD,928946.3508225897
2021-03-22,0.66,0.66,0.61,0.62,2262331,SOL-USD,1368925.353758975
2021-03-23,0.62,0.63,0.56,0.57,1864674,SOL-USD,1186965.7998613555
2021-03-24,0.57,0.62,0.57,0.62,4117234,SOL-USD,2721056.4155928143
2021-03-25,0.62,0.63,0.62,0.62,1692361,SOL-USD,1214233.2380846094
2021-03-26,0.62,0.65,0.62,0.64,5325929,SOL-USD,3273033.0511106006
2021-03-27,0.64,0.64,0.63,0.63,5470421,SOL-USD,3271687.1232256247
2021-03-28,0.63,0.69,0.63,0.69,2195394,SOL-USD,1231058.6728013768
2021-03-29,0.69,0.71,0.64,0.65,2648242,SOL-USD,1695692.1220102264
2021-03-30,0.65,0.67,0.64,0.66,3351874,SOL-USD,2410515.8851556936
2021-03-31,0.66,0.68,0.65,0.67,6076420,SOL-USD,3747424.8067400227
2021-04-01,0.67,0.69,0.67,0.69,4365124,SOL-USD,2967029.424435627
2021-04-02,0.69,0.69,0.65,0.66,1805857,SOL-USD,1058089.5589449292
2021-04-03,0.66,0.66,0.6,0.6,3133249,SOL-USD,2085080.3087901473
2021-04-04,0.6,0.66,0.59,0.66,4814122,SOL-USD,2618762.2662185864
2021-04-05,0.66,0.66,0.59,0.6,2690669,SOL-USD,1747029.6766116323
2021-04-06,0.6,0.64,0.58,0.63,6907412,SOL-USD,4140944.3336706744
2021-04-07,0.63,0.64,0.59,0.6,4414254,SOL-USD,2162909.6677623303
2021-04-08,0.6,0.62,0.6,0.62,1290814,SOL-USD,913458.025978914
2021-04-09,0.62,0.66,0.61,0.65,3605643,SOL-USD,2332157.5997007927
2021-04-10,0.65,0.73,0.65,0.72,3968194,SOL-USD,2970605.3585232683
2021-04-11,0.72,0.72,0.69,0.7,3952256,SOL-USD,3023351.713973271
2021-04-12,0.7,0.71,0.67,0.68,4229184,SOL-USD,3054233.1405532947
2021-04-13,0.68,0.69,0.63,0.64,3204779,SOL-USD,2240458.9444076493
2021-04-14,0.64,0.69,0.63,0.69,2422340,SOL-USD,1846767.1747664101
2021-04-15,0.69,0.7,0.68,0.68,5044968,SOL-USD,3552914.76032706
2021-04-16,0.68,0.69,0.64,0.64,849300,SOL-USD,514338.8697062292
2021-04-17,0.64,0.65,0.64,0.64,5883002,SOL-USD,3378280.896784779
2021-04-18,0.64,0.65,0.63,0.64,3407389,SOL-USD,2532178.0624985867
2021-04-19,0.64,0.65,0.62,0.62,7158437,SOL-USD,5272484.933979217
2021-04-20,0.62,0.63,0.58,0.58,5437780,SOL-USD,2974344.7193289613
2021-04-21,0.58,0.59,0.57,0.57,4911663,SOL-USD,2365490.5271671363
2021-04-22,0.57,0.61,0.57,0.61,1045942,SOL-USD,567213.4134277108
2021-04-23,0.61,0.61,0.6,0.61,3533576,SOL-USD,2302629.473214423
2021-04-24,0.61,0.61,0.58,0.59,2427171,SOL-USD,1244683.083076851
2021-04-25,0.59,0.59,0.52,0.52,5440393,SOL-USD,3145991.212729058
2021-04-26,0.52,0.54,0.52,0.52,3493642,SOL-USD,2124100.4123656456
2021-04-27,0.52,0.52,0.46,0.46,4176625,SOL-USD,2277563.2256865785
2021-04-28,0.46,0.46,0.44,0.44,2113073,SOL-USD,747269.859580091
2021-04-29,0.44,0.45,0.44,0.45,1206841,SOL-USD,642603.9115057955
2021-04-30,0.45,0.45,0.42,0.42,6189390,SOL-USD,2849302.1652172
2021-05-01,0.42,0.46,0.42,0.46,4328295,SOL-USD,1659750.692810351
2021-05-02,0.46,0.47,0.43,0.44,3335025,SOL-USD,1417660.172612424
2021-05-03,0.44,0.46,0.43,0.46,3771705,SOL-USD,1873814.6030725988
2021-05-04,0.46,0.47,0.46,0.46,3020378,SOL-USD,1643176.6379512774
2021-05-05,0.46,0.47,0.44,0.44,2029111,SOL-USD,772865.8268904684
2021-05-06,0.44,0.45,0.41,0.41,3145931,SOL-USD,1097767.142980702
2021-05-07,0.41,0.48,0.4,0.47,2432144,SOL-USD,1130463.561683609
2021-05-08,0.47,0.47,0.44,0.44,3438774,SOL-USD,1796365.3497181355
2021-05-09,0.44,0.45,0.39,0.39,2261105,SOL-USD,1048101.6624804904
2021-05-10,0.39,0.4,0.36,0.36,8708764,SOL-USD,2793943.2516409294
2021-05-11,0.36,0.36,0.34,0.35,4810784,SOL-USD,1562102.9409869406
2021-05-12,0.35,0.37,0.34,0.36,1885849,SOL-USD,789711.7265418221
2021-05-13,0.36,0.37,0.36,0.37,2517927,SOL-USD,1019147.4221194264
2021-05-14,0.37,0.37,0.36,0.36,11123093,SOL-USD,4760834.696839663
2021-05-15,0.36,0.4,0.36,0.39,3253309,SOL-USD,1468319.674806468
2021-05-16,0.39,0.44,0.39,0.43,1609237,SOL-USD,613113.6979076229
2021-05-17,0.43,0.48,0.43,0.48,5460853,SOL-USD,2893528.8382856315
2021-05-18,0.48,0.48,0.47,0.47,3047597,SOL-USD,1173721.8357533002
2021-05-19,0.47,0.47,0.45,0.45,6976857,SOL-USD,3538730.9424945423
2021-05-20,0.45,0.45,0.43,0.44,3015872,SOL-USD,1380889.3465430525
2021-05-21,0.44,0.44,0.43,0.44,3409944,SOL-USD,1774104.418404811
2021-05-22,0.44,0.45,0.42,0.43,2243004,SOL-USD,1141970.7176924779
2021-05-23,0.43,0.43,0.42,0.42,3766842,SOL-USD,1297816.2098004634
2021-05-24,0.42,0.42,0.4,0.41,2925124,SOL-USD,1036446.092986032
2021-05-25,0.41,0.44,0.41,0.44,4015723,SOL-USD,1755756.1782956377
2021-05-26,0.44,0.45,0.4,0.41,3140140,SOL-USD,1482890.0987776015
2021-05-27,0.41,0.41,0.36,0.37,5993617,SOL-USD,2496568.5250640935
2021-05-28,0.37,0.37,0.33,0.33,7514111,SOL-USD,2940247.915846585
2021-05-29,0.33,0.41,0.33,0.41,2525125,SOL-USD,1084202.303620207
2021-05-30,0.41,0.41,0.38,0.39,2564894,SOL-USD,902904.0121830275
2021-05-31,0.39,0.39,0.38,0.38,8110614,SOL-USD,2496578.455803274
2021-06-01,0.38,0.39,0.37,0.37,7302419,SOL-USD,2402445.614933277
2021-06-02,0.37,0.39,0.37,0.38,5100629,SOL-USD,2074127.56057356
2021-06-03,0.38,0.4,0.38,0.4,3477611,SOL-USD,1628231.2823489152
2021-06-04,0.4,0.44,0.39,0.44,2791660,SOL-USD,1140334.612010491
2021-06-05,0.44,0.44,0.43,0.44,2566383,SOL-USD,1298907.9323054266
2021-06-06,0.44,0.54,0.44,0.54,4586174,SOL-USD,2372418.737104555
2021-06-07,0.54,0.55,0.54,0.55,4309063,SOL-USD,2188226.9716159147
2021-06-08,0.55,0.55,0.5,0.5,4228010,SOL-USD,2121483.7094050855
2021-06-09,0.5,0.51,0.48,0.48,3337154,SOL-USD,1564846.6088234335
2021-06-10,0.48,0.52,0.48,0.51,5700571,SOL-USD,3388505.898175473
2021-06-11,0.51,0.51,0.49,0.5,2391301,SOL-USD,1180469.0613188
2021-06-12,0.5,0.5,0.47,0.48,1434559,SOL-USD,627258.6193457948
2021-06-13,0.48,0.48,0.43,0.43,966105,SOL-USD,472349.29256742593
2021-06-14,0.43,0.44,0.39,0.4,3139585,SOL-USD,1506372.6376901919
2021-06-15,0.4,0.4,0.38,0.38,4789730,SOL-USD,1927971.965922495
2021-06-16,0.38,0.39,0.38,0.39,2070860,SOL-USD,727020.9071541855
2021-06-17,0.39,0.39,0.38,0.39,11287670,SOL-USD,3942276.901734499
2021-06-18,0.39,0.41,0.38,0.41,7315133,SOL-USD,2468593.2978800563
2021-06-19,0.41,0.41,0.35,0.35,5709879,SOL-USD,1660552.865644087
2021-06-20,0.35,0.35,0.35,0.35,2034356,SOL-USD,830215.8689417074
2021-06-21,0.35,0.36,0.28,0.29,2631232,SOL-USD,639895.8997841195
2021-06-22,0.29,0.32,0.28,0.32,7103643,SOL-USD,2258930.1487877634
2021-06-23,0.32,0.33,0.32,0.33,2192088,SOL-USD,780716.689606136
2021-06-24,0.33,0.35,0.33,0.35,2847882,SOL-USD,1136446.3711264795
2021-06-25,0.35,0.36,0.35,0.36,5630220,SOL-USD,1760361.570653406
2021-06-26,0.36,0.38,0.35,0.38,5818583,SOL-USD,2156031.472178431
2021-06-27,0.38,0.39,0.37,0.39,3154768,SOL-USD,1108052.036810663
2021-06-28,0.39,0.42,0.39,0.42,2088193,SOL-USD,791379.7895987135
2021-06-29,0.42,0.42,0.38,0.38,2428790,SOL-USD,850522.3644878456
2021-06-30,0.38,0.38,0.37,0.38,2358125,SOL-USD,927313.0003150833
2021-07-01,0.38,0.38,0.36,0.37,4591840,SOL-USD,1370450.5624425432
2021-07-02,0.37,0.39,0.37,0.39,3630260,SOL-USD,1364133.8721753303
2021-07-03,0.39,0.41,0.39,0.4,11360172,SOL-USD,3974842.6353644454
2021-07-04,0.4,0.41,0.37,0.37,1568623,SOL-USD,688834.969754435
2021-07-05,0.37,0.41,0.37,0.4,2439440,SOL-USD,1008066.0512386523
2021-07-06,0.4,0.4,0.39,0.4,6092021,SOL-USD,2795599.6521790675
2021-07-07,0.4,0.4,0.38,0.38,2013769,SOL-USD,672085.0892029924
2021-07-08,0.38,0.39,0.38,0.39,6953640,SOL-USD,3048214.6605215548
2021-07-09,0.39,0.41,0.38,0.4,1628382,SOL-USD,629150.1270248222
2021-07-10,0.4,0.4,0.38,0.38,4062083,SOL-USD,1344588.439364348
2021-07-11,0.38,0.39,0.38,0.39,11063917,SOL-USD,4765829.286795971
2021-07-12,0.39,0.44,0.39,0.43,2342914,SOL-USD,1113038.568626412
2021-07-13,0.43,0.44,0.43,0.44,2155854,SOL-USD,1136730.6592513544
2021-07-14,0.44,0.44,0.42,0.42,8076169,SOL-USD,3773165.6431861087
2021-07-15,0.42,0.46,0.42,0.46,1457459,SOL-USD,575301.5866529788
2021-07-16,0.46,0.47,0.41,0.41,2057421,SOL-USD,783666.1813310836
2021-07-17,0.41,0.44,0.41,0.44,2179341,SOL-USD,940394.2225314919
2021-07-18,0.44,0.46,0.44,0.46,2664950,SOL-USD,1042805.9046020426
2021-07-19,0.46,0.48,0.45,0.46,5198635,SOL-USD,2666895.4468828463
2021-07-20,0.46,0.46,0.44,0.45,7316318,SOL-USD,3327503.3988306373
2021-07-21,0.45,0.48,0.45,0.47,3431358,SOL-USD,1899450.589888494
2021-07-22,0.47,0.48,0.47,0.48,5340293,SOL-USD,2654911.5185384117
2021-07-23,0.48,0.52,0.48,0.52,5879393,SOL-USD,3085287.964228518
2021-07-24,0.52,0.56,0.51,0.56,4355225,SOL-USD,2020821.0650167759
2021-07-25,0.56,0.57,0.55,0.55,4566781,SOL-USD,2159430.249048315
2021-07-26,0.55,0.56,0.55,0.55,1460366,SOL-USD,915497.2196963464
2021-07-27,0.55,0.55,0.51,0.52,7587378,SOL-USD,4719808.936811077
2021-07-28,0.52,0.52,0.51,0.52,16329629,SOL-USD,8203307.685613939
2021-07-29,0.52,0.52,0.45,0.45,5805183,SOL-USD,2936351.5131197767
2021-07-30,0.45,0.47,0.45,0.47,4019095,SOL-USD,1985377.1613197697
2021-07-31,0.47,0.48,0.46,0.48,5713856,SOL-USD,3246266.6083631543
2021-08-01,0.48,0.48,0.44,0.45,4048218,SOL-USD,1630884.1397391031
2021-08-02,0.45,0.45,0.34,0.34,8122375,SOL-USD,2811134.9896635236
2021-08-03,0.34,0.34,0.29,0.3,3925150,SOL-USD,1134586.1887640927
2021-08-04,0.3,0.3,0.26,0.26,1712563,SOL-USD,452696.2686385254
2021-08-05,0.26,0.26,0.26,0.26,4860806,SOL-USD,1146961.8144432106
2021-08-06,0.26,0.28,0.26,0.28,2205332,SOL-USD,616936.2685375947
2021-08-07,0.28,0.3,0.28,0.29,2749450,SOL-USD,837145.060300639
2021-08-08,0.29,0.29,0.29,0.29,1802978,SOL-USD,435276.82844378974
2021-08-09,0.29,0.3,0.29,0.3,4261745,SOL-USD,1402789.4661888136
2021-08-10,0.3,0.31,0.3,0.31,3228700,SOL-USD,1083580.2857033487
2021-08-11,0.31,0.32,0.29,0.29,4109181,SOL-USD,1373013.3110740415
2021-08-12,0.29,0.29,0.28,0.28,2048522,SOL-USD,556575.0977053986
2021-08-13,0.28,0.29,0.28,0.29,1378104,SOL-USD,329578.55948661326
2021-08-14,0.29,0.29,0.24,0.24,1790228,SOL-USD,423031.3568722787
2021-08-15,0.24,0.26,0.24,0.25,2643100,SOL-USD,564991.4802676971
2021-08-16,0.25,0.26,0.24,0.24,3898257,SOL-USD,990761.0950021555
2021-08-17,0.24,0.25,0.24,0.24,2678370,SOL-USD,526365.6633876063
2021-08-18,0.24,0.26,0.24,0.25,3751474,SOL-USD,890598.5794056637
2021-08-19,0.25,0.25,0.23,0.23,5070956,SOL-USD,971704.4317691153
2021-08-20,0.23,0.23,0.22,0.23,3179218,SOL-USD,585960.7537572555
2021-08-21,0.23,0.23,0.22,0.22,2210303,SOL-USD,575848.1092021997
2021-08-22,0.22,0.25,0.22,0.25,3015011,SOL-USD,903335.6911700063
2021-08-23,0.25,0.25,0.23,0.24,10884791,SOL-USD,2670347.0906214635
2021-08-24,0.24,0.24,0.24,0.24,2513730,SOL-USD,540300.5269136123
2021-08-25,0.24,0.24,0.22,0.22,3323704,SOL-USD,851455.5731472633
2021-08-26,0.22,0.22,0.21,0.21,1775080,SOL-USD,435844.3994299798
2021-08-27,0.21,0.22,0.2,0.2,5342686,SOL-USD,1220059.5751786605
2021-08-28,0.2,0.2,0.19,0.2,6313038,SOL-USD,1285016.3518906638
2021-08-29,0.2,0.2,0.19,0.2,4091194,SOL-USD,679040.722595589
2021-08-30,0.2,0.2,0.18,0.18,2016058,SOL-USD,303149.8085307827
2021-08-31,0.18,0.18,0.17,0.18,2434184,SOL-USD,507665.19897601503
2021-09-01,0.18,0.18,0.17,0.17,6201236,SOL-USD,1212690.306382843
2021-09-02,0.17,0.17,0.16,0.17,3693420,SOL-USD,611405.1011888208
2021-09-03,0.17,0.18,0.17,0.17,1810238,SOL-USD,286586.94941952004
2021-09-04,0.17,0.18,0.17,0.18,2394055,SOL-USD,455772.8225981223
2021-09-05,0.18,0.18,0.18,0.18,3060727,SOL-USD,618582.5137368207
2021-09-06,0.18,0.18,0.17,0.17,1763318,SOL-USD,327544.3875481274
2021-09-07,0.17,0.18,0.17,0.18,2718889,SOL-USD,512030.4520776297
2021-09-08,0.18,0.2,0.18,0.2,5236344,SOL-USD,934796.7574809941
2021-09-09,0.2,0.2,0.2,0.2,2622769,SOL-USD,474722.2106672918
2021-09-10,0.2,0.2,0.18,0.19,1794474,SOL-USD,371508.3884906381
2021-09-11,0.19,0.19,0.18,0.18,7540551,SOL-USD,1521597.451033402
2021-09-12,0.18,0.19,0.17,0.17,1378693,SOL-USD,198390.052420288
2021-09-13,0.17,0.19,0.17,0.18,1765458,SOL-USD,278033.83713059814
2021-09-14,0.18,0.19,0.18,0.18,1690253,SOL-USD,326208.44894803833
2021-09-15,0.18,0.19,0.18,0.18,4780415,SOL-USD,822265.006863391
2021-09-16,0.18,0.19,0.18,0.19,2232384,SOL-USD,434891.302799958
2021-09-17,0.19,0.19,0.18,0.18,3052826,SOL-USD,574745.4052312244
2021-09-18,0.18,0.18,0.17,0.17,5410944,SOL-USD,1021487.941591277
2021-09-19,0.17,0.19,0.17,0.18,6741057,SOL-USD,1361771.8481267183
2021-09-20,0.18,0.19,0.18,0.18,4395809,SOL-USD,721646.4668966293
2021-09-21,0.18,0.19,0.18,0.19,2099324,SOL-USD,405460.3962752334
2021-09-22,0.19,0.19,0.17,0.17,3711653,SOL-USD,535961.3118203249
2021-09-23,0.17,0.18,0.17,0.17,2435088,SOL-USD,470597.8782517096
2021-09-24,0.17,0.17,0.15,0.15,3328447,SOL-USD,568255.3592400786
2021-09-25,0.15,0.15,0.15,0.15,4093419,SOL-USD,564770.4240456622
2021-09-26,0.15,0.16,0.15,0.16,2578402,SOL-USD,356540.63769967423
2021-09-27,0.16,0.16,0.15,0.15,4859129,SOL-USD,603530.579526869
2021-09-28,0.15,0.16,0.15,0.16,4266429,SOL-USD,703101.066629658
2021-09-29,0.16,0.16,0.15,0.15,3660073,SOL-USD,459286.77130289335
2021-09-30,0.15,0.15,0.15,0.15,4472447,SOL-USD,719329.102262332
2021-10-01,0.15,0.15,0.14,0.15,2827999,SOL-USD,454424.3270398899
2021-10-02,0.15,0.15,0.14,0.15,3795984,SOL-USD,595359.2624203879
2021-10-03,0.15,0.15,0.15,0.15,3181158,SOL-USD,549047.6071791479
2021-10-04,0.15,0.17,0.15,0.17,5011213,SOL-USD,810428.8365036197
2021-10-05,0.17,0.17,0.17,0.17,3707920,SOL-USD,731774.073294762
2021-10-06,0.17,0.17,0.17,0.17,2974756,SOL-USD,412036.2054518524
2021-10-07,0.17,0.18,0.17,0.17,1585161,SOL-USD,227736.07862167308
2021-10-08,0.17,0.18,0.17,0.18,2974735,SOL-USD,516648.40660931764
2021-10-09,0.18,0.2,0.18,0.2,5000840,SOL-USD,1037771.5238062852
2021-10-10,0.2,0.2,0.17,0.17,3319208,SOL-USD,458719.66810541635
2021-10-11,0.17,0.17,0.17,0.17,4283715,SOL-USD,747874.7138594891
2021-10-12,0.17,0.18,0.17,0.18,3798481,SOL-USD,631051.8238506803
2021-10-13,0.18,0.18,0.17,0.17,1096193,SOL-USD,215211.16820730575
2021-10-14,0.17,0.18,0.17,0.18,2252905,SOL-USD,410921.9656555278
2021-10-15,0.18,0.19,0.17,0.19,1505939,SOL-USD,296187.98768277606
2021-10-16,0.19,0.19,0.18,0.18,2751934,SOL-USD,583643.290546701
2021-10-17,0.18,0.18,0.18,0.18,6348026,SOL-USD,1263386.127286804
2021-10-18,0.18,0.18,0.17,0.17,2027723,SOL-USD,336201.70917946246
2021-10-19,0.17,0.18,0.17,0.17,992500,SOL-USD,167164.60521338176
2021-10-20,0.17,0.18,0.17,0.17,2721420,SOL-USD,490015.6822574945
2021-10-21,0.17,0.17,0.16,0.16,5387866,SOL-USD,758680.2273675478
2021-10-22,0.16,0.17,0.15,0.17,2260481,SOL-USD,321052.1767588277
2021-10-23,0.17,0.17,0.14,0.14,1857423,SOL-USD,240404.8563368065
2021-10-24,0.14,0.15,0.14,0.15,6061863,SOL-USD,1010530.5529587666
2021-10-25,0.15,0.16,0.15,0.16,3129699,SOL-USD,452143.6182839371
2021-10-26,0.16,0.16,0.15,0.15,5273519,SOL-USD,674195.9476437768
2021-10-27,0.15,0.16,0.14,0.14,3096432,SOL-USD,384778.9446256949
2021-10-28,0.14,0.15,0.14,0.14,8939721,SOL-USD,1341159.1423937597
2021-10-29,0.14,0.15,0.14,0.15,5626989,SOL-USD,882519.4176951483
2021-10-30,0.15,0.17,0.15,0.17,4232510,SOL-USD,773725.7674260854
2021-10-31,0.17,0.18,0.17,0.18,2475644,SOL-USD,413880.6020158765
2021-11-01,0.18,0.19,0.18,0.18,6523846,SOL-USD,1362581.1820993763
2021-11-02,0.18,0.19,0.18,0.19,3244796,SOL-USD,604617.5932766472
2021-11-03,0.19,0.2,0.19,0.2,11922229,SOL-USD,2397524.992553387
2021-11-04,0.2,0.2,0.18,0.18,4117102,SOL-USD,874119.1115242302
2021-11-05,0.18,0.19,0.18,0.18,3114445,SOL-USD,668073.253735072
2021-11-06,0.18,0.19,0.18,0.18,8002019,SOL-USD,1533435.5132709146
2021-11-07,0.18,0.18,0.17,0.17,3476081,SOL-USD,696075.8247338192
2021-11-08,0.17,0.17,0.15,0.16,8156543,SOL-USD,1326714.51401622
2021-11-09,0.16,0.16,0.15,0.16,3420209,SOL-USD,505048.95334233495
2021-11-10,0.16,0.16,0.16,0.16,5612819,SOL-USD,831628.618798929
2021-11-11,0.16,0.17,0.16,0.17,2184957,SOL-USD,380199.91050243407
2021-11-12,0.17,0.17,0.15,0.15,1622394,SOL-USD,253583.6983160562
2021-11-13,0.15,0.16,0.15,0.16,4360282,SOL-USD,680794.7773992846
2021-11-14,0.16,0.17,0.16,0.17,2589394,SOL-USD,507770.99922081345
2021-11-15,0.17,0.18,0.17,0.18,3668718,SOL-USD,641006.1886503268
2021-11-16,0.18,0.18,0.17,0.17,2619190,SOL-USD,404907.93677462795
2021-11-17,0.17,0.18,0.17,0.18,5602191,SOL-USD,809935.0565053878
2021-11-18,0.18,0.18,0.17,0.17,2081791,SOL-USD,420519.0983938644
2021-11-19,0.17,0.18,0.17,0.18,2715183,SOL-USD,552133.9737406014
2021-11-20,0.18,0.19,0.18,0.18,2179937,SOL-USD,410526.3682339331
2021-11-21,0.18,0.19,0.18,0.19,7156972,SOL-USD,1539616.4858563012
2021-11-22,0.19,0.19,0.18,0.18,1711574,SOL-USD,346321.2944863821
2021-11-23,0.18,0.18,0.17,0.17,2927621,SOL-USD,583667.6580877748
2021-11-24,0.17,0.18,0.17,0.18,4401119,SOL-USD,756098.4827896797
2021-11-25,0.18,0.19,0.18,0.19,3011615,SOL-USD,584761.5814637735
2021-11-26,0.19,0.2,0.19,0.19,2602368,SOL-USD,415066.58337529347
2021-11-27,0.19,0.21,0.19,0.2,11261265,SOL-USD,2671456.2254087334
2021-11-28,0.2,0.2,0.19,0.19,2745875,SOL-USD,622955.7201438223
2021-11-29,0.19,0.19,0.18,0.18,2029600,SOL-USD,407572.22805128404
2021-11-30,0.18,0.19,0.18,0.18,3451981,SOL-USD,609953.6883981152
2021-12-01,0.18,0.19,0.18,0.18,1928407,SOL-USD,346636.5694869963
2021-12-02,0.18,0.19,0.18,0.19,1850906,SOL-USD,342580.2804036305
2021-12-03,0.19,0.24,0.18,0.24,2656770,SOL-USD,584908.6943801439
2021-12-04,0.24,0.24,0.23,0.24,3765522,SOL-USD,913771.598304461
2021-12-05,0.24,0.26,0.23,0.25,3636400,SOL-USD,746714.7650731861
2021-12-06,0.25,0.25,0.25,0.25,3743904,SOL-USD,1120133.7938734812
2021-12-07,0.25,0.29,0.25,0.29,11657359,SOL-USD,3277930.6285144016
2021-12-08,0.29,0.35,0.29,0.35,3430701,SOL-USD,1406008.7254111755
2021-12-09,0.35,0.35,0.33,0.33,1989819,SOL-USD,715546.5389924317
2021-12-10,0.33,0.35,0.32,0.35,4775059,SOL-USD,1530845.7548520332
2021-12-11,0.35,0.38,0.35,0.38,1671609,SOL-USD,564589.2795621628
2021-12-12,0.38,0.42,0.38,0.42,1848002,SOL-USD,930050.3844145418
2021-12-13,0.42,0.44,0.41,0.44,2837238,SOL-USD,1384272.0734235009
2021-12-14,0.44,0.44,0.42,0.43,2995332,SOL-USD,1159019.0764621112
2021-12-15,0.43,0.45,0.42,0.45,2332747,SOL-USD,868108.722084065
2021-12-16,0.45,0.45,0.4,0.41,4424154,SOL-USD,1956778.1559360493
2021-12-17,0.41,0.41,0.41,0.41,1226711,SOL-USD,463322.24180319224
2021-12-18,0.41,0.41,0.37,0.37,2735045,SOL-USD,899165.0803986596
2021-12-19,0.37,0.37,0.35,0.35,1599861,SOL-USD,612572.7591113525
2021-12-20,0.35,0.36,0.33,0.33,2389527,SOL-USD,845086.0797110524
2021-12-21,0.33,0.34,0.3,0.3,5038338,SOL-USD,1500263.4927511094
2021-12-22,0.3,0.31,0.27,0.27,2733043,SOL-USD,868579.7614343863
2021-12-23,0.27,0.28,0.27,0.28,3581300,SOL-USD,1074817.9546005095
2021-12-24,0.28,0.28,0.27,0.27,2763303,SOL-USD,863502.6548289252
2021-12-25,0.27,0.27,0.25,0.26,5157835,SOL-USD,1175045.1060820539
2021-12-26,0.26,0.27,0.26,0.27,1957420,SOL-USD,485514.0688295376
2021-12-27,0.27,0.29,0.26,0.29,2084326,SOL-USD,508834.6997330324
2021-12-28,0.29,0.29,0.27,0.28,3696782,SOL-USD,954187.3436136586
2021-12-29,0.28,0.28,0.27,0.27,4959168,SOL-USD,1591655.1832757248
2021-12-30,0.27,0.28,0.26,0.26,2578010,SOL-USD,794380.3952227947
2021-12-31,0.26,0.26,0.21,0.22,2839631,SOL-USD,689786.1224636786
2022-01-01,0.22,0.28,0.21,0.27,6010693,SOL-USD,1636550.6917433417
2022-01-02,0.27,0.27,0.25,0.25,2984886,SOL-USD,830031.0690497789
2022-01-03,0.25,0.26,0.23,0.24,5675532,SOL-USD,1391270.102706807
2022-01-04,0.24,0.24,0.23,0.23,4059130,SOL-USD,748190.1358441637
2022-01-05,0.23,0.23,0.22,0.22,9111196,SOL-USD,2005703.5410655565
2022-01-06,0.22,0.22,0.2,0.2,2609908,SOL-USD,542636.087450545
2022-01-07,0.2,0.2,0.19,0.19,1572519,SOL-USD,270782.8579458123
2022-01-08,0.19,0.2,0.19,0.2,5289641,SOL-USD,932370.5577959061
2022-01-09,0.2,0.2,0.2,0.2,3232795,SOL-USD,588060.6938113789
2022-01-10,0.2,0.2,0.19,0.19,1985672,SOL-USD,395934.4762086886
2022-01-11,0.19,0.19,0.18,0.19,1662329,SOL-USD,271127.3106728694
2022-01-12,0.19,0.19,0.18,0.18,2808773,SOL-USD,550136.4972415316
2022-01-13,0.18,0.18,0.17,0.18,2019481,SOL-USD,352263.29544794676
2022-01-14,0.18,0.18,0.17,0.18,4238075,SOL-USD,718103.860444916
2022-01-15,0.18,0.18,0.18,0.18,1835060,SOL-USD,370903.52549598826
2022-01-16,0.18,0.19,0.18,0.19,2336317,SOL-USD,444976.82112776855
2022-01-17,0.19,0.2,0.19,0.19,3750320,SOL-USD,677902.0026410627
2022-01-18,0.19,0.21,0.19,0.21,2535371,SOL-USD,612963.959945031
2022-01-19,0.21,0.21,0.2,0.21,5457466,SOL-USD,1085670.832022544
2022-01-20,0.21,0.21,0.2,0.2,3554793,SOL-USD,813052.335424409
2022-01-21,0.2,0.23,0.2,0.23,5248330,SOL-USD,1209143.226269384
2022-01-22,0.23,0.23,0.23,0.23,4629817,SOL-USD,940485.5292244423
2022-01-23,0.23,0.23,0.22,0.22,2574165,SOL-USD,591872.6115455092
2022-01-24,0.22,0.22,0.21,0.21,4485415,SOL-USD,861052.4516650711
2022-01-25,0.21,0.22,0.21,0.21,5115166,SOL-USD,922576.6140219871
2022-01-26,0.21,0.23,0.2,0.22,2371799,SOL-USD,435496.88833656564
2022-01-27,0.22,0.23,0.21,0.21,2250568,SOL-USD,423787.7523290021
2022-01-28,0.21,0.22,0.21,0.22,3791244,SOL-USD,912995.2803103402
2022-01-29,0.22,0.23,0.22,0.22,4447697,SOL-USD,1110785.3352079373
2022-01-30,0.22,0.23,0.22,0.23,2311766,SOL-USD,608637.8636973664
2022-01-31,0.23,0.23,0.23,0.23,4042464,SOL-USD,844283.3257443827
2022-02-01,0.23,0.23,0.21,0.21,5167585,SOL-USD,1155067.5203503256
2022-02-02,0.21,0.21,0.19,0.19,2239032,SOL-USD,379531.3924724378
2022-02-03,0.19,0.2,0.19,0.2,6319815,SOL-USD,1326029.7079430553
2022-02-04,0.2,0.2,0.18,0.18,1859496,SOL-USD,386550.5250756285
2022-02-05,0.18,0.18,0.18,0.18,2335473,SOL-USD,343184.5505943166
2022-02-06,0.18,0.18,0.17,0.18,2747597,SOL-USD,590558.1904055033
2022-02-07,0.18,0.19,0.17,0.19,1185324,SOL-USD,254677.1484558021
2022-02-08,0.19,0.2,0.19,0.2,2162092,SOL-USD,477677.405467334
2022-02-09,0.2,0.2,0.2,0.2,2172908,SOL-USD,467846.7170119601
2022-02-10,0.2,0.2,0.2,0.2,5341966,SOL-USD,1183896.7140212571
2022-02-11,0.2,0.2,0.19,0.19,2039521,SOL-USD,464173.0487511849
2022-02-12,0.19,0.2,0.19,0.2,4150819,SOL-USD,919885.0135751504
2022-02-13,0.2,0.2,0.2,0.2,2380077,SOL-USD,447759.27526168304
2022-02-14,0.2,0.21,0.2,0.21,1164494,SOL-USD,255687.29039363549
2022-02-15,0.21,0.22,0.21,0.22,5784949,SOL-USD,1189670.2809561528
2022-02-16,0.22,0.22,0.2,0.2,3944371,SOL-USD,937203.2001987008
2022-02-17,0.2,0.2,0.19,0.19,2349206,SOL-USD,517789.9502506325
2022-02-18,0.19,0.19,0.18,0.18,3407037,SOL-USD,629854.3524178277
2022-02-19,0.18,0.19,0.18,0.19,2995165,SOL-USD,633108.4091706802
2022-02-20,0.19,0.19,0.18,0.19,5246923,SOL-USD,1160284.654134746
2022-02-21,0.19,0.21,0.19,0.2,5349744,SOL-USD,960214.9639116077
2022-02-22,0.2,0.21,0.2,0.2,4017797,SOL-USD,829106.7573058385
2022-02-23,0.2,0.23,0.2,0.22,1333291,SOL-USD,291178.80290510436
2022-02-24,0.22,0.22,0.21,0.22,3961944,SOL-USD,966318.2970119241
2022-02-25,0.22,0.22,0.22,0.22,1959036,SOL-USD,410142.33095120895
2022-02-26,0.22,0.23,0.21,0.21,2584468,SOL-USD,588106.7800840975
2022-02-27,0.21,0.22,0.21,0.21,7330772,SOL-USD,1479726.7340621434
2022-02-28,0.21,0.23,0.21,0.22,4775687,SOL-USD,887201.2852656376
2022-03-01,0.22,0.23,0.22,0.23,4327593,SOL-USD,838926.2840971882
2022-03-02,0.23,0.24,0.23,0.23,9950276,SOL-USD,1939837.9665741809
2022-03-03,0.23,0.24,0.23,0.24,4488749,SOL-USD,875853.2698147792
2022-03-04,0.24,0.24,0.24,0.24,4563566,SOL-USD,1109701.4635018744
2022-03-05,0.24,0.24,0.23,0.23,7461141,SOL-USD,1834060.7236674104
2022-03-06,0.23,0.25,0.23,0.25,2039709,SOL-USD,433790.70617594756
2022-03-07,0.25,0.25,0.24,0.25,3507770,SOL-USD,916179.7137437364
2022-03-08,0.25,0.25,0.23,0.23,2231695,SOL-USD,533357.4460431967
2022-03-09,0.23,0.24,0.23,0.24,5649874,SOL-USD,1164557.8422280126
2022-03-10,0.24,0.26,0.23,0.26,1990616,SOL-USD,497702.950035667
2022-03-11,0.26,0.29,0.26,0.29,3537977,SOL-USD,1130722.3856736163
2022-03-12,0.29,0.29,0.28,0.28,2642467,SOL-USD,596871.6593921031
2022-03-13,0.28,0.28,0.27,0.27,2318064,SOL-USD,537490.3607504317
2022-03-14,0.27,0.28,0.27,0.28,5228380,SOL-USD,1754292.865444225
2022-03-15,0.28,0.28,0.28,0.28,6307885,SOL-USD,1931203.3275979469
2022-03-16,0.28,0.32,0.28,0.31,3624240,SOL-USD,1107394.3408715418
2022-03-17,0.31,0.31,0.29,0.29,2729583,SOL-USD,832678.3024272701
2022-03-18,0.29,0.33,0.29,0.33,3298585,SOL-USD,1239282.237639807
2022-03-19,0.33,0.34,0.33,0.33,1834307,SOL-USD,688203.0140585338
2022-03-20,0.33,0.34,0.33,0.34,4830225,SOL-USD,1527121.014789683
2022-03-21,0.34,0.36,0.34,0.35,7869180,SOL-USD,2744618.8891050196
2022-03-22,0.35,0.37,0.35,0.36,3361742,SOL-USD,1277058.3287347502
2022-03-23,0.36,0.37,0.32,0.32,6389838,SOL-USD,1694602.9631011644
2022-03-24,0.32,0.35,0.32,0.35,1824459,SOL-USD,752427.9165098992
2022-03-25,0.35,0.38,0.35,0.37,1672433,SOL-USD,602152.4610382639
2022-03-26,0.37,0.37,0.34,0.34,2123331,SOL-USD,684641.0647630505
2022-03-27,0.34,0.39,0.34,0.39,4018922,SOL-USD,1822611.8974188305
2022-03-28,0.39,0.39,0.36,0.37,7455849,SOL-USD,2337456.5579892397
2022-03-29,0.37,0.37,0.35,0.35,5047236,SOL-USD,1440968.2713945287
2022-03-30,0.35,0.36,0.35,0.35,2667775,SOL-USD,1002817.5234664106
2022-03-31,0.35,0.35,0.33,0.34,2969866,SOL-USD,963306.934582923
2022-04-01,0.34,0.34,0.32,0.32,2494639,SOL-USD,882735.2534098082
2022-04-02,0.32,0.32,0.29,0.3,1070160,SOL-USD,265640.8441765767
2022-04-03,0.3,0.3,0.29,0.3,4285607,SOL-USD,1225901.5560762307
2022-04-04,0.3,0.3,0.28,0.28,2129349,SOL-USD,533096.2005538599
2022-04-05,0.28,0.28,0.27,0.28,2098855,SOL-USD,644004.1294072546
2022-04-06,0.28,0.28,0.25,0.25,4282957,SOL-USD,953887.3814645683
2022-04-07,0.25,0.25,0.25,0.25,7395276,SOL-USD,1817718.4143568752
2022-04-08,0.25,0.25,0.23,0.23,1275628,SOL-USD,330817.2002177308
2022-04-09,0.23,0.25,0.23,0.25,1445590,SOL-USD,421445.94041620824
2022-04-10,0.25,0.28,0.24,0.27,2017179,SOL-USD,593134.1890841816
2022-04-11,0.27,0.28,0.26,0.26,3497169,SOL-USD,883523.918652158
2022-04-12,0.26,0.28,0.26,0.27,3714518,SOL-USD,1031798.285367584
2022-04-13,0.27,0.27,0.26,0.27,2907403,SOL-USD,844561.3631134683
2022-04-14,0.27,0.27,0.26,0.27,7237957,SOL-USD,2247332.982736377
2022-04-15,0.27,0.27,0.26,0.26,3361388,SOL-USD,1009800.2646664843
2022-04-16,0.26,0.26,0.25,0.26,2163990,SOL-USD,659629.2216681304
2022-04-17,0.26,0.3,0.25,0.29,958593,SOL-USD,312542.0461944512
2022-04-18,0.29,0.29,0.27,0.28,1913207,SOL-USD,460014.10992646473
2022-04-19,0.28,0.28,0.27,0.28,3279250,SOL-USD,1009142.057263966
2022-04-20,0.28,0.28,0.27,0.28,2124839,SOL-USD,669822.2321783658
2022-04-21,0.28,0.28,0.28,0.28,5759122,SOL-USD,1856289.417057877
2022-04-22,0.28,0.3,0.28,0.29,3658431,SOL-USD,1241227.9324048562
2022-04-23,0.29,0.3,0.28,0.28,4577715,SOL-USD,1286456.4737629474
2022-04-24,0.28,0.29,0.27,0.27,3531606,SOL-USD,1012688.0596069761
2022-04-25,0.27,0.29,0.27,0.29,4112716,SOL-USD,958707.5034394959
2022-04-26,0.29,0.29,0.28,0.28,2129859,SOL-USD,613722.618510606
2022-04-27,0.28,0.29,0.28,0.28,3950809,SOL-USD,1094367.0553460233
2022-04-28,0.28,0.28,0.27,0.28,2916760,SOL-USD,967717.6072394883
2022-04-29,0.28,0.29,0.27,0.29,5959235,SOL-USD,2005868.2429988233
2022-04-30,0.29,0.29,0.29,0.29,7711488,SOL-USD,2502547.9391470943
2022-05-01,0.29,0.29,0.29,0.29,4112535,SOL-USD,981297.4271217824
2022-05-02,0.29,0.3,0.28,0.28,4570848,SOL-USD,1229682.5777256263
2022-05-03,0.28,0.28,0.28,0.28,3036970,SOL-USD,917033.52692428
2022-05-04,0.28,0.29,0.28,0.28,2277220,SOL-USD,517662.2123074587
2022-05-05,0.28,0.31,0.28,0.3,7982701,SOL-USD,2141739.9589486653
2022-05-06,0.3,0.33,0.3,0.32,8148392,SOL-USD,3011653.182451333
2022-05-07,0.32,0.34,0.32,0.34,2586185,SOL-USD,749088.9620202436
2022-05-08,0.34,0.34,0.32,0.32,2080832,SOL-USD,546376.1448678387
2022-05-09,0.32,0.32,0.31,0.31,3198375,SOL-USD,1023456.4400638653
2022-05-10,0.31,0.32,0.31,0.31,3087282,SOL-USD,1127974.3291850414
2022-05-11,0.31,0.34,0.31,0.34,2966587,SOL-USD,1143645.8828476237
2022-05-12,0.34,0.34,0.32,0.33,2138760,SOL-USD,839826.8263700028
2022-05-13,0.33,0.33,0.31,0.31,4111458,SOL-USD,1403803.3550077593
2022-05-14,0.31,0.33,0.31,0.33,1287888,SOL-USD,414355.8254360225
2022-05-15,0.33,0.33,0.32,0.33,4694114,SOL-USD,1825791.4595855859
2022-05-16,0.33,0.35,0.32,0.34,2554449,SOL-USD,843024.6894056026
2022-05-17,0.34,0.39,0.34,0.38,4692898,SOL-USD,1676370.657377606
2022-05-18,0.38,0.38,0.35,0.35,2572738,SOL-USD,881799.3336719213
2022-05-19,0.35,0.36,0.35,0.35,2415740,SOL-USD,951696.1216783852
2022-05-20,0.35,0.38,0.35,0.37,3277888,SOL-USD,1415453.1558596068
2022-05-21,0.37,0.42,0.37,0.42,2286520,SOL-USD,905669.0660749195
2022-05-22,0.42,0.45,0.42,0.45,5134252,SOL-USD,2275523.8070752225
2022-05-23,0.45,0.46,0.44,0.46,2493809,SOL-USD,1329928.9565396379
2022-05-24,0.46,0.47,0.46,0.47,8661345,SOL-USD,3333268.464806848
2022-05-25,0.47,0.48,0.46,0.48,1934859,SOL-USD,1034187.532343891
2022-05-26,0.48,0.56,0.48,0.56,5583304,SOL-USD,3069392.2171182637
2022-05-27,0.56,0.56,0.55,0.55,5235917,SOL-USD,2737515.623716047
2022-05-28,0.55,0.64,0.55,0.64,1701824,SOL-USD,1066042.7214230879
2022-05-29,0.64,0.64,0.63,0.63,2482861,SOL-USD,1513328.7328151648
2022-05-30,0.63,0.64,0.61,0.61,3258965,SOL-USD,2192028.557185471
2022-05-31,0.61,0.65,0.6,0.64,3171523,SOL-USD,2377229.5448551294
2022-06-01,0.64,0.65,0.59,0.59,1919203,SOL-USD,1128459.8407172337
2022-06-02,0.59,0.6,0.59,0.59,16183295,SOL-USD,10818940.096781302
2022-06-03,0.59,0.59,0.57,0.57,3637943,SOL-USD,2266014.1380188297
2022-06-04,0.57,0.57,0.54,0.54,1341518,SOL-USD,675356.4488328813
2022-06-05,0.54,0.54,0.52,0.52,3715125,SOL-USD,1999336.4009201317
2022-06-06,0.52,0.52,0.5,0.5,2426817,SOL-USD,1294374.7231989126
2022-06-07,0.5,0.54,0.5,0.53,2918112,SOL-USD,1251817.133410477
2022-06-08,0.53,0.58,0.53,0.57,6641005,SOL-USD,3627834.037364409
2022-06-09,0.57,0.62,0.56,0.61,1943680,SOL-USD,1419282.356590009
2022-06-10,0.61,0.64,0.6,0.62,12428218,SOL-USD,8128546.653787
2022-06-11,0.62,0.63,0.61,0.62,13634224,SOL-USD,7892750.414826108
2022-06-12,0.62,0.63,0.59,0.6,1813441,SOL-USD,979268.6025683747
2022-06-13,0.6,0.6,0.56,0.56,1809628,SOL-USD,895628.1090727908
2022-06-14,0.56,0.57,0.54,0.55,1586022,SOL-USD,837992.3443605597
2022-06-15,0.55,0.57,0.55,0.56,5183802,SOL-USD,2546757.9364646967
2022-06-16,0.56,0.6,0.56,0.6,8141950,SOL-USD,4172298.992392974
2022-06-17,0.6,0.6,0.58,0.58,2037742,SOL-USD,1117625.442517664
2022-06-18,0.58,0.67,0.58,0.67,2423173,SOL-USD,1693012.6193489928
2022-06-19,0.67,0.67,0.66,0.66,2604343,SOL-USD,1475749.3568589378
2022-06-20,0.66,0.67,0.63,0.64,6301270,SOL-USD,3297781.4889712194
2022-06-21,0.64,0.67,0.63,0.66,7522897,SOL-USD,4040871.9445018037
2022-06-22,0.66,0.66,0.57,0.58,3502332,SOL-USD,1842342.722275796
2022-06-23,0.58,0.58,0.55,0.56,2170426,SOL-USD,1064788.4949578543
2022-06-24,0.56,0.6,0.55,0.59,2711641,SOL-USD,1624989.5508860815
2022-06-25,0.59,0.6,0.52,0.53,1900099,SOL-USD,989215.6319993882
2022-06-26,0.53,0.54,0.48,0.48,3056821,SOL-USD,1364427.9181075993
2022-06-27,0.48,0.52,0.48,0.51,5100530,SOL-USD,2948324.3273018873
2022-06-28,0.51,0.52,0.47,0.48,5606375,SOL-USD,2696385.061989293
2022-06-29,0.48,0.49,0.48,0.49,6317637,SOL-USD,2589851.343861642
2022-06-30,0.49,0.5,0.45,0.45,5396645,SOL-USD,2230096.540066207
2022-07-01,0.45,0.49,0.45,0.49,9507361,SOL-USD,5540647.516724394
2022-07-02,0.49,0.53,0.48,0.52,3901919,SOL-USD,2416112.2690504366
2022-07-03,0.52,0.53,0.51,0.52,3832863,SOL-USD,1797504.2777199121
2022-07-04,0.52,0.53,0.51,0.52,7420153,SOL-USD,3344894.5218594815
2022-07-05,0.52,0.52,0.47,0.47,4542670,SOL-USD,2131372.4821812175
2022-07-06,0.47,0.48,0.45,0.45,5364172,SOL-USD,2395980.83394232
2022-07-07,0.45,0.47,0.45,0.46,1825441,SOL-USD,809519.8035974317
2022-07-08,0.46,0.46,0.46,0.46,2516963,SOL-USD,1171398.9341908146
2022-07-09,0.46,0.47,0.46,0.47,1856720,SOL-USD,779177.6190020349
2022-07-10,0.47,0.47,0.44,0.44,934234,SOL-USD,347747.6461303196
2022-07-11,0.44,0.47,0.44,0.47,2342754,SOL-USD,1132128.2663740022
2022-07-12,0.47,0.5,0.47,0.5,5574300,SOL-USD,3269436.202692799
2022-07-13,0.5,0.51,0.49,0.51,2750557,SOL-USD,1199520.252358791
2022-07-14,0.51,0.51,0.5,0.51,7205876,SOL-USD,3976074.1391803673
2022-07-15,0.51,0.51,0.5,0.5,4157108,SOL-USD,2026919.9644564996
2022-07-16,0.5,0.52,0.5,0.51,1706167,SOL-USD,798437.0598582362
2022-07-17,0.51,0.53,0.51,0.52,6242454,SOL-USD,3704563.8349804594
2022-07-18,0.52,0.53,0.52,0.53,3316987,SOL-USD,1727408.0154742145
2022-07-19,0.53,0.65,0.52,0.65,2481052,SOL-USD,1666426.1741731279
2022-07-20,0.65,0.65,0.62,0.63,9921314,SOL-USD,6108058.792686095
2022-07-21,0.63,0.64,0.61,0.61,1931317,SOL-USD,980770.8583903962
2022-07-22,0.61,0.62,0.61,0.62,1913772,SOL-USD,1231581.8712496688
2022-07-23,0.62,0.62,0.58,0.59,7283972,SOL-USD,4158029.704572768
2022-07-24,0.59,0.61,0.59,0.61,2717714,SOL-USD,1383774.6648682058
2022-07-25,0.61,0.67,0.6,0.66,3623738,SOL-USD,2483326.988435026
2022-07-26,0.66,0.74,0.66,0.74,2475949,SOL-USD,1472996.0255962317
2022-07-27,0.74,0.75,0.73,0.74,2095361,SOL-USD,1369783.656819045
2022-07-28,0.74,0.78,0.74,0.77,4483436,SOL-USD,3840374.162321361
2022-07-29,0.77,0.78,0.72,0.73,9521998,SOL-USD,5666301.132185806
2022-07-30,0.73,0.74,0.69,0.69,4390794,SOL-USD,3207405.9017892242
2022-07-31,0.69,0.79,0.69,0.78,1374613,SOL-USD,1265068.1205074294
2022-08-01,0.78,0.78,0.72,0.72,4020046,SOL-USD,2513748.5443320666
2022-08-02,0.72,0.74,0.71,0.73,9806273,SOL-USD,6921234.761643854
2022-08-03,0.73,0.73,0.67,0.69,2886025,SOL-USD,2051494.404807217
2022-08-04,0.69,0.7,0.68,0.7,2528436,SOL-USD,1734801.4940549568
2022-08-05,0.7,0.71,0.69,0.7,2741985,SOL-USD,2011810.1667566316
2022-08-06,0.7,0.71,0.7,0.71,2428730,SOL-USD,1658248.6741728715
2022-08-07,0.71,0.73,0.7,0.73,5901610,SOL-USD,3702452.9682401004
2022-08-08,0.73,0.78,0.72,0.78,4706490,SOL-USD,3067604.7133899033
2022-08-09,0.78,0.8,0.77,0.8,4048838,SOL-USD,3555777.8366623865
2022-08-10,0.8,0.9,0.77,0.88,5033150,SOL-USD,3966100.2063007336
2022-08-11,0.88,0.92,0.88,0.9,1791751,SOL-USD,1836691.9003260322
2022-08-12,0.9,0.92,0.86,0.87,4368733,SOL-USD,4170276.6667142655
2022-08-13,0.87,0.88,0.86,0.88,3009031,SOL-USD,2170737.593986678
2022-08-14,0.88,0.94,0.88,0.94,2362774,SOL-USD,1955562.6128618405
2022-08-15,0.94,0.95,0.94,0.94,4492769,SOL-USD,3871819.9769124957
2022-08-16,0.94,0.95,0.9,0.91,3919668,SOL-USD,3701701.293214094
2022-08-17,0.91,0.92,0.9,0.92,1376385,SOL-USD,1423204.5747849809
2022-08-18,0.92,0.92,0.88,0.89,4883672,SOL-USD,3582069.091083433
2022-08-19,0.89,0.9,0.8,0.8,4706822,SOL-USD,3388322.8499535476
2022-08-20,0.8,0.81,0.73,0.73,3487288,SOL-USD,2419666.114630258
2022-08-21,0.73,0.76,0.73,0.75,2038563,SOL-USD,1335285.5647166148
2022-08-22,0.75,0.75,0.71,0.72,5142411,SOL-USD,3769614.16716376
2022-08-23,0.72,0.72,0.71,0.72,1512996,SOL-USD,1079771.857706651
2022-08-24,0.72,0.73,0.68,0.68,2746621,SOL-USD,1730609.676907606
2022-08-25,0.68,0.69,0.65,0.66,11253328,SOL-USD,7477365.3708372135
2022-08-26,0.66,0.66,0.65,0.65,2029737,SOL-USD,1243241.5305859477
2022-08-27,0.65,0.66,0.65,0.66,9017234,SOL-USD,5578090.112433788
2022-08-28,0.66,0.66,0.64,0.64,2390077,SOL-USD,1386104.2537110182
2022-08-29,0.64,0.65,0.62,0.62,7113953,SOL-USD,4481993.903904153
2022-08-30,0.62,0.62,0.58,0.59,4452055,SOL-USD,2567995.334337835
2022-08-31,0.59,0.61,0.57,0.59,2531551,SOL-USD,1312185.5360453655
2022-09-01,0.59,0.6,0.48,0.48,9003266,SOL-USD,3479667.973611242
2022-09-02,0.48,0.49,0.48,0.49,1161781,SOL-USD,489786.17823407234
2022-09-03,0.49,0.5,0.48,0.49,5593797,SOL-USD,2239731.60481031
2022-09-04,0.49,0.5,0.47,0.47,6042972,SOL-USD,2762487.729379024
2022-09-05,0.47,0.47,0.46,0.46,1616799,SOL-USD,661946.323768791
2022-09-06,0.46,0.51,0.45,0.5,1822988,SOL-USD,882492.2051457166
2022-09-07,0.5,0.56,0.49,0.55,1705566,SOL-USD,874066.7105993225
2022-09-08,0.55,0.55,0.52,0.52,2292478,SOL-USD,1210215.368372009
2022-09-09,0.52,0.53,0.49,0.49,5416757,SOL-USD,2891886.8435340575
2022-09-10,0.49,0.49,0.46,0.46,7167198,SOL-USD,3269631.037372778
2022-09-11,0.46,0.47,0.43,0.44,5109989,SOL-USD,1854447.6033160512
2022-09-12,0.44,0.45,0.44,0.44,2933777,SOL-USD,1041730.9491835814
2022-09-13,0.44,0.49,0.44,0.49,3675198,SOL-USD,1594276.3001448123
2022-09-14,0.49,0.49,0.47,0.47,2184084,SOL-USD,995710.5554541299
2022-09-15,0.47,0.54,0.47,0.53,5035777,SOL-USD,2183109.3705932535
2022-09-16,0.53,0.55,0.52,0.54,3804654,SOL-USD,1912943.8940081696
2022-09-17,0.54,0.55,0.53,0.53,1468135,SOL-USD,898571.2193840577
2022-09-18,0.53,0.58,0.53,0.57,5387199,SOL-USD,2567131.4316666806
2022-09-19,0.57,0.61,0.57,0.61,1799918,SOL-USD,1294929.457172469
2022-09-20,0.61,0.62,0.58,0.59,6230907,SOL-USD,4200718.85440244
2022-09-21,0.59,0.6,0.57,0.58,6697350,SOL-USD,4399979.649852727
2022-09-22,0.58,0.58,0.56,0.57,5042405,SOL-USD,3292257.5265260166
2022-09-23,0.57,0.57,0.53,0.54,2290021,SOL-USD,1028885.4983127388
2022-09-24,0.54,0.55,0.53,0.54,4871025,SOL-USD,2263333.010034078
2022-09-25,0.54,0.54,0.47,0.47,4579407,SOL-USD,1837542.0857905515
2022-09-26,0.47,0.48,0.47,0.47,2045395,SOL-USD,811844.8073783404
2022-09-27,0.47,0.48,0.46,0.46,1790354,SOL-USD,766806.5850631305
2022-09-28,0.46,0.47,0.44,0.45,5600836,SOL-USD,2853284.509050678
2022-09-29,0.45,0.45,0.41,0.42,992148,SOL-USD,375358.99579574534
2022-09-30,0.42,0.42,0.41,0.41,2537667,SOL-USD,933994.3164559732
2022-10-01,0.41,0.43,0.4,0.43,1008916,SOL-USD,464356.48083206534
2022-10-02,0.43,0.43,0.4,0.4,2892114,SOL-USD,970327.4311745649
2022-10-03,0.4,0.4,0.38,0.39,4617717,SOL-USD,1700260.3870963661
2022-10-04,0.39,0.43,0.38,0.43,2719466,SOL-USD,1073681.413078569
2022-10-05,0.43,0.43,0.42,0.43,6140519,SOL-USD,3007231.669443338
2022-10-06,0.43,0.44,0.43,0.43,4313404,SOL-USD,1865522.2974533404
2022-10-07,0.43,0.44,0.42,0.42,2391020,SOL-USD,1063065.5651761896
2022-10-08,0.42,0.42,0.4,0.41,3052087,SOL-USD,1065671.676295628
2022-10-09,0.41,0.41,0.4,0.4,1847449,SOL-USD,865764.337847321
2022-10-10,0.4,0.43,0.4,0.42,4638971,SOL-USD,1809996.4162348136
2022-10-11,0.42,0.42,0.4,0.4,4834544,SOL-USD,2093813.0339938607
2022-10-12,0.4,0.41,0.37,0.37,753988,SOL-USD,329707.3972530398
2022-10-13,0.37,0.39,0.37,0.39,2674348,SOL-USD,1046604.0102593452
2022-10-14,0.39,0.39,0.35,0.35,2059055,SOL-USD,722841.4217041135
2022-10-15,0.35,0.35,0.34,0.34,4859191,SOL-USD,1399184.230744617
2022-10-16,0.34,0.34,0.33,0.33,2993536,SOL-USD,944509.6225055923
2022-10-17,0.33,0.34,0.33,0.34,3012170,SOL-USD,1168526.866833308
2022-10-18,0.34,0.34,0.31,0.31,3257554,SOL-USD,862447.8680856497
2022-10-19,0.31,0.32,0.31,0.32,2676527,SOL-USD,999523.657991312
2022-10-20,0.32,0.35,0.32,0.35,2016719,SOL-USD,753089.900482142
2022-10-21,0.35,0.36,0.35,0.35,8634520,SOL-USD,2926535.6561019556
2022-10-22,0.35,0.35,0.32,0.32,5074115,SOL-USD,1653916.9053334165
2022-10-23,0.32,0.36,0.32,0.36,4269850,SOL-USD,1322250.9034384156
2022-10-24,0.36,0.37,0.36,0.37,3318532,SOL-USD,1089100.8116259554
2022-10-25,0.37,0.38,0.35,0.35,4064895,SOL-USD,1301161.4256397656
2022-10-26,0.35,0.35,0.32,0.33,4867018,SOL-USD,1532135.7459388205
2022-10-27,0.33,0.33,0.3,0.3,7496513,SOL-USD,2622749.824470101
2022-10-28,0.3,0.35,0.3,0.35,4061300,SOL-USD,1346157.131352739
2022-10-29,0.35,0.4,0.35,0.4,1528277,SOL-USD,617139.0959474773
2022-10-30,0.4,0.4,0.35,0.35,1188521,SOL-USD,359745.88935522933
2022-10-31,0.35,0.35,0.31,0.31,1408472,SOL-USD,477839.16415759426
2022-11-01,0.31,0.31,0.28,0.28,3094806,SOL-USD,887440.1237381931
2022-11-02,0.28,0.29,0.28,0.28,2950951,SOL-USD,806405.3035408708
2022-11-03,0.28,0.28,0.28,0.28,6598296,SOL-USD,2177997.770698038
2022-11-04,0.28,0.31,0.28,0.31,2789512,SOL-USD,999874.646975429
2022-11-05,0.31,0.33,0.31,0.33,4759440,SOL-USD,1670827.5315662427
2022-11-06,0.33,0.33,0.3,0.31,3383629,SOL-USD,1225904.8195638445
2022-11-07,0.31,0.31,0.27,0.27,3581935,SOL-USD,992183.2212924283
2022-11-08,0.27,0.27,0.27,0.27,4070033,SOL-USD,1242618.5696119717
2022-11-09,0.27,0.28,0.27,0.27,2389149,SOL-USD,621708.4089147104
2022-11-10,0.27,0.28,0.26,0.27,5425179,SOL-USD,1222663.7626494698
2022-11-11,0.27,0.33,0.26,0.33,4333737,SOL-USD,1712812.5334240953
2022-11-12,0.33,0.33,0.33,0.33,7636872,SOL-USD,2183101.895530759
2022-11-13,0.33,0.33,0.31,0.32,7958286,SOL-USD,2293524.585509666
2022-11-14,0.32,0.32,0.28,0.29,3414526,SOL-USD,856772.8406099918
2022-11-15,0.29,0.29,0.29,0.29,2066203,SOL-USD,560246.0343284034
2022-11-16,0.29,0.3,0.29,0.3,3439334,SOL-USD,944831.8799339453
2022-11-17,0.3,0.31,0.3,0.31,5139215,SOL-USD,1657585.3378424663
2022-11-18,0.31,0.31,0.3,0.3,7082171,SOL-USD,2546573.06601358
2022-11-19,0.3,0.3,0.29,0.29,2125347,SOL-USD,506026.09977169405
2022-11-20,0.29,0.3,0.28,0.29,1471685,SOL-USD,474323.1941697015
2022-11-21,0.29,0.29,0.28,0.29,1808775,SOL-USD,446490.79679592774
2022-11-22,0.29,0.34,0.29,0.34,3479089,SOL-USD,955697.2709777233
2022-11-23,0.34,0.34,0.34,0.34,1410719,SOL-USD,506231.5016211638
2022-11-24,0.34,0.34,0.31,0.31,3996555,SOL-USD,1423936.930719738
2022-11-25,0.31,0.32,0.31,0.31,3777026,SOL-USD,1019272.0693781482
2022-11-26,0.31,0.33,0.31,0.33,6119663,SOL-USD,1891545.115437555
2022-11-27,0.33,0.34,0.32,0.33,7040456,SOL-USD,2015506.7311927138
2022-11-28,0.33,0.34,0.28,0.28,2761095,SOL-USD,898816.073911217
2022-11-29,0.28,0.28,0.28,0.28,3963360,SOL-USD,1007804.6410240134
2022-11-30,0.28,0.28,0.28,0.28,2462123,SOL-USD,674148.5898926764
2022-12-01,0.28,0.28,0.27,0.27,2886465,SOL-USD,902401.492829015
2022-12-02,0.27,0.27,0.24,0.24,4175616,SOL-USD,1023340.9433413125
2022-12-03,0.24,0.24,0.22,0.23,1930739,SOL-USD,520956.20921674615
2022-12-04,0.23,0.24,0.22,0.24,5386437,SOL-USD,1513261.5160435345
2022-12-05,0.24,0.25,0.24,0.24,9921115,SOL-USD,2344495.373038358
2022-12-06,0.24,0.25,0.24,0.25,2952653,SOL-USD,762487.9768635024
2022-12-07,0.25,0.25,0.24,0.25,2173290,SOL-USD,484711.97079175885
2022-12-08,0.25,0.25,0.24,0.25,2110656,SOL-USD,631199.2369167588
2022-12-09,0.25,0.25,0.24,0.25,4594062,SOL-USD,1046672.7993564731
2022-12-10,0.25,0.26,0.24,0.26,5120730,SOL-USD,1482266.6136266245
2022-12-11,0.26,0.27,0.25,0.26,1979083,SOL-USD,476066.0056338353
2022-12-12,0.26,0.27,0.26,0.26,4054309,SOL-USD,975289.9582993814
2022-12-13,0.26,0.31,0.26,0.31,7422102,SOL-USD,1936270.5692631255
2022-12-14,0.31,0.31,0.3,0.3,2594973,SOL-USD,797143.2614196279
2022-12-15,0.3,0.3,0.28,0.29,3842169,SOL-USD,1000502.925491432
2022-12-16,0.29,0.29,0.28,0.28,5207475,SOL-USD,1253023.7430092322
2022-12-17,0.28,0.28,0.27,0.27,3324074,SOL-USD,799373.3255181739
2022-12-18,0.27,0.28,0.25,0.25,4363986,SOL-USD,982373.9022123228
2022-12-19,0.25,0.25,0.24,0.24,2705505,SOL-USD,650381.7898510607
2022-12-20,0.24,0.27,0.24,0.27,6317402,SOL-USD,1627866.1760020757
2022-12-21,0.27,0.27,0.26,0.27,1203433,SOL-USD,269753.0574989989
2022-12-22,0.27,0.29,0.26,0.29,9681670,SOL-USD,2848147.054619183
2022-12-23,0.29,0.3,0.29,0.3,1792842,SOL-USD,599758.8859921565
2022-12-24,0.3,0.3,0.23,0.23,6479909,SOL-USD,1534634.4820217972
2022-12-25,0.23,0.27,0.23,0.27,2474743,SOL-USD,795012.0480876567
2022-12-26,0.27,0.27,0.27,0.27,4340285,SOL-USD,983978.2974048835
2022-12-27,0.27,0.27,0.27,0.27,3604352,SOL-USD,1098190.0152682667
2022-12-28,0.27,0.29,0.27,0.29,7260371,SOL-USD,2110301.9738704795
2022-12-29,0.29,0.29,0.29,0.29,1625576,SOL-USD,475489.1738706584
2022-12-30,0.29,0.29,0.29,0.29,2609029,SOL-USD,762398.954874258
2022-12-31,0.29,0.33,0.29,0.32,2656534,SOL-USD,790692.9314786291
2023-01-01,0.32,0.35,0.32,0.34,5635582,SOL-USD,1781629.973891647
2023-01-02,0.34,0.38,0.34,0.38,1809878,SOL-USD,724024.2557429468
2023-01-03,0.38,0.39,0.38,0.38,4417030,SOL-USD,1372831.8862136474
2023-01-04,0.38,0.39,0.36,0.36,2643624,SOL-USD,985503.8765123907
2023-01-05,0.36,0.37,0.3,0.3,2830532,SOL-USD,925444.9457758773
2023-01-06,0.3,0.3,0.28,0.28,5017861,SOL-USD,1324256.3948661438
2023-01-07,0.28,0.3,0.28,0.3,3060898,SOL-USD,814452.4105533736
2023-01-08,0.3,0.3,0.28,0.28,3933016,SOL-USD,974992.0478961363
2023-01-09,0.28,0.31,0.27,0.31,6874105,SOL-USD,1774537.2619115142
2023-01-10,0.31,0.31,0.28,0.29,3556339,SOL-USD,862083.0364178751
2023-01-11,0.29,0.29,0.27,0.28,3090153,SOL-USD,749884.4657880941
2023-01-12,0.28,0.29,0.28,0.29,3280992,SOL-USD,768487.2571791288
2023-01-13,0.29,0.3,0.29,0.3,1442054,SOL-USD,392164.0601234256
2023-01-14,0.3,0.31,0.3,0.3,2535692,SOL-USD,701798.9600651303
2023-01-15,0.3,0.31,0.29,0.29,4958360,SOL-USD,1722760.6894397447
2023-01-16,0.29,0.3,0.28,0.28,2573721,SOL-USD,862374.1902549829
2023-01-17,0.28,0.29,0.25,0.25,6260810,SOL-USD,1369269.729076609
2023-01-18,0.25,0.25,0.24,0.24,1235047,SOL-USD,262387.0778650687
2023-01-19,0.24,0.27,0.24,0.27,3193310,SOL-USD,859402.3894748283
2023-01-20,0.27,0.28,0.27,0.28,1538966,SOL-USD,370373.4754669588
2023-01-21,0.28,0.29,0.26,0.26,5080050,SOL-USD,1322947.1211230583
2023-01-22,0.26,0.26,0.25,0.25,3577216,SOL-USD,858313.5242263989
2023-01-23,0.25,0.26,0.25,0.25,2274243,SOL-USD,528675.7337609935
2023-01-24,0.25,0.25,0.2,0.2,3044501,SOL-USD,687473.9412108427
2023-01-25,0.2,0.21,0.19,0.19,2350608,SOL-USD,505232.5028814413
2023-01-26,0.19,0.21,0.19,0.21,3456113,SOL-USD,867424.6248700643
2023-01-27,0.21,0.21,0.2,0.2,3840035,SOL-USD,682938.8932925815
2023-01-28,0.2,0.22,0.2,0.22,1777436,SOL-USD,451768.0993243609
2023-01-29,0.22,0.22,0.21,0.21,2620537,SOL-USD,558643.6093568344
2023-01-30,0.21,0.23,0.21,0.23,2560634,SOL-USD,610491.6799131064
2023-01-31,0.23,0.26,0.23,0.25,5148959,SOL-USD,1491289.501257639
2023-02-01,0.25,0.27,0.25,0.27,3897749,SOL-USD,1238720.7143469024
2023-02-02,0.27,0.28,0.26,0.27,10725427,SOL-USD,3158591.229422608
2023-02-03,0.27,0.28,0.27,0.27,2273722,SOL-USD,576540.8269226345
2023-02-04,0.27,0.28,0.27,0.27,3955922,SOL-USD,1063684.6962867447
2023-02-05,0.27,0.29,0.27,0.29,2135262,SOL-USD,647723.7166886772
2023-02-06,0.29,0.29,0.28,0.29,4218920,SOL-USD,1384321.4998603896
2023-02-07,0.29,0.29,0.29,0.29,4313868,SOL-USD,1330060.124020593
2023-02-08,0.29,0.3,0.29,0.3,5877112,SOL-USD,1668240.0688087475
2023-02-09,0.3,0.3,0.28,0.29,1766844,SOL-USD,495554.0379115744
2023-02-10,0.29,0.3,0.28,0.3,2877261,SOL-USD,707957.3319608672
2023-02-11,0.3,0.31,0.3,0.3,2928674,SOL-USD,1027707.2702277441
2023-02-12,0.3,0.3,0.29,0.3,4573454,SOL-USD,1145989.9504785389
2023-02-13,0.3,0.3,0.28,0.28,2327148,SOL-USD,672434.6473244159
2023-02-14,0.28,0.28,0.26,0.26,2833711,SOL-USD,846292.8784998627
2023-02-15,0.26,0.27,0.25,0.25,3551196,SOL-USD,859696.6990616695
2023-02-16,0.25,0.25,0.24,0.24,7925354,SOL-USD,2130430.630363219
2023-02-17,0.24,0.28,0.24,0.28,2495010,SOL-USD,783501.5055675755
2023-02-18,0.28,0.28,0.24,0.25,1833566,SOL-USD,377686.3661586431
2023-02-19,0.25,0.25,0.23,0.23,1791980,SOL-USD,397671.22485441435
2023-02-20,0.23,0.23,0.23,0.23,3725153,SOL-USD,922252.3131624005
2023-02-21,0.23,0.23,0.2,0.2,3760492,SOL-USD,728739.279362037
2023-02-22,0.2,0.21,0.2,0.21,1902604,SOL-USD,406765.412512623
2023-02-23,0.21,0.21,0.19,0.19,4186016,SOL-USD,825393.6148007502
2023-02-24,0.19,0.21,0.19,0.21,2930598,SOL-USD,529568.6347551454
2023-02-25,0.21,0.22,0.21,0.21,2345346,SOL-USD,475182.1598089129
2023-02-26,0.21,0.21,0.2,0.2,1443066,SOL-USD,234176.50459696137
2023-02-27,0.2,0.22,0.2,0.22,4143242,SOL-USD,783765.0543527593
2023-02-28,0.22,0.23,0.21,0.23,3251886,SOL-USD,751599.8711766176
2023-03-01,0.23,0.23,0.21,0.21,4841883,SOL-USD,1046724.1925664686
2023-03-02,0.21,0.22,0.21,0.22,2761205,SOL-USD,521504.99936945795
2023-03-03,0.22,0.23,0.22,0.23,2496284,SOL-USD,632850.3630777107
2023-03-04,0.23,0.26,0.23,0.25,4833323,SOL-USD,1146941.693716829
2023-03-05,0.25,0.26,0.23,0.24,3728122,SOL-USD,1045299.7683802443
2023-03-06,0.24,0.24,0.21,0.21,3264008,SOL-USD,654641.4193343332
2023-03-07,0.21,0.23,0.21,0.22,3915644,SOL-USD,740774.7116882174
2023-03-08,0.22,0.23,0.2,0.2,3892280,SOL-USD,858783.4605531151
2023-03-09,0.2,0.21,0.2,0.21,4020251,SOL-USD,867149.113804429
2023-03-10,0.21,0.22,0.21,0.22,3207645,SOL-USD,673697.0565096223
2023-03-11,0.22,0.22,0.22,0.22,5281990,SOL-USD,1095084.5116356262
2023-03-12,0.22,0.24,0.22,0.24,4959748,SOL-USD,1024058.1230460219
2023-03-13,0.24,0.24,0.24,0.24,1879031,SOL-USD,422256.07976468035
2023-03-14,0.24,0.25,0.24,0.25,2745470,SOL-USD,557150.345873179
2023-03-15,0.25,0.25,0.25,0.25,4960010,SOL-USD,1241193.8517834963
2023-03-16,0.25,0.25,0.25,0.25,5930284,SOL-USD,1717839.4458498128
2023-03-17,0.25,0.25,0.24,0.25,1906051,SOL-USD,532804.3059457021
2023-03-18,0.25,0.26,0.23,0.23,1601161,SOL-USD,298814.9906345762
2023-03-19,0.23,0.23,0.23,0.23,2372690,SOL-USD,628943.0558450703
2023-03-20,0.23,0.23,0.18,0.18,1724847,SOL-USD,304551.7289368981
2023-03-21,0.18,0.19,0.18,0.18,2302805,SOL-USD,363254.0991131612
2023-03-22,0.18,0.18,0.17,0.17,3096420,SOL-USD,579538.3929930261
2023-03-23,0.17,0.18,0.17,0.17,3486136,SOL-USD,550654.0112569606
2023-03-24,0.17,0.18,0.15,0.15,1253818,SOL-USD,169515.07191963613
2023-03-25,0.15,0.15,0.15,0.15,3288352,SOL-USD,426430.54233461496
2023-03-26,0.15,0.15,0.15,0.15,3011170,SOL-USD,449258.4772440446
2023-03-27,0.15,0.16,0.15,0.15,5740646,SOL-USD,721046.0333962516
2023-03-28,0.15,0.16,0.14,0.14,2606506,SOL-USD,406600.17074397614
2023-03-29,0.14,0.15,0.14,0.15,2436316,SOL-USD,361160.64011553617
2023-03-30,0.15,0.15,0.14,0.15,2450281,SOL-USD,359746.78929476877
2023-03-31,0.15,0.15,0.13,0.14,3950493,SOL-USD,442865.362357743
2023-04-01,0.14,0.14,0.13,0.14,2943676,SOL-USD,464513.18014402926
2023-04-02,0.14,0.14,0.13,0.13,449613,SOL-USD,58282.22132851905
2023-04-03,0.13,0.13,0.12,0.12,3122128,SOL-USD,365647.8238712804
2023-04-04,0.12,0.12,0.12,0.12,3738818,SOL-USD,495567.14467340225
2023-04-05,0.12,0.12,0.12,0.12,1738814,SOL-USD,172175.85013229234
2023-04-06,0.12,0.13,0.12,0.13,3682158,SOL-USD,453153.5514924394
2023-04-07,0.13,0.14,0.13,0.14,3680604,SOL-USD,530894.3755980585
2023-04-08,0.14,0.15,0.14,0.15,4450788,SOL-USD,657090.5453585293
2023-04-09,0.15,0.15,0.14,0.14,10758252,SOL-USD,1314354.77321722
2023-04-10,0.14,0.15,0.14,0.15,1784628,SOL-USD,246201.19412091
2023-04-11,0.15,0.15,0.14,0.15,2762910,SOL-USD,381314.8273638133
2023-04-12,0.15,0.15,0.14,0.14,2344671,SOL-USD,392850.48174905946
2023-04-13,0.14,0.14,0.13,0.13,3196216,SOL-USD,386621.47941475303
2023-04-14,0.13,0.15,0.13,0.15,5059421,SOL-USD,669416.6661629893
2023-04-15,0.15,0.15,0.15,0.15,3984900,SOL-USD,674875.6074842827
2023-04-16,0.15,0.15,0.15,0.15,1987138,SOL-USD,288672.0843195217
2023-04-17,0.15,0.15,0.14,0.14,3501490,SOL-USD,479201.20010613
2023-04-18,0.14,0.16,0.14,0.16,4360390,SOL-USD,711305.6245488754
2023-04-19,0.16,0.16,0.15,0.16,1984413,SOL-USD,329658.84076846676
2023-04-20,0.16,0.17,0.16,0.17,6977916,SOL-USD,1229214.1973635182
2023-04-21,0.17,0.17,0.16,0.16,2791024,SOL-USD,363413.60340752394
2023-04-22,0.16,0.16,0.15,0.16,7835162,SOL-USD,1413509.5753106936
2023-04-23,0.16,0.17,0.15,0.17,1506051,SOL-USD,224778.0992453926
2023-04-24,0.17,0.17,0.17,0.17,2737197,SOL-USD,426672.2556697649
2023-04-25,0.17,0.17,0.17,0.17,7768583,SOL-USD,1148143.7982232932
2023-04-26,0.17,0.17,0.16,0.16,4085320,SOL-USD,723481.1910761262
2023-04-27,0.16,0.16,0.16,0.16,1721617,SOL-USD,284676.44942654704
2023-04-28,0.16,0.16,0.15,0.15,2037475,SOL-USD,336830.82172970916
2023-04-29,0.15,0.15,0.14,0.15,4805197,SOL-USD,765006.1234544193
2023-04-30,0.15,0.15,0.14,0.15,1702352,SOL-USD,214921.11957726825
2023-05-01,0.15,0.15,0.15,0.15,2966166,SOL-USD,409597.82304821233
2023-05-02,0.15,0.15,0.14,0.14,3948291,SOL-USD,554367.0979965015
2023-05-03,0.14,0.14,0.13,0.13,3683158,SOL-USD,441452.7900679873
2023-05-04,0.13,0.14,0.13,0.14,3163678,SOL-USD,391059.13289428916
2023-05-05,0.14,0.14,0.13,0.13,5757057,SOL-USD,859126.8964303299
2023-05-06,0.13,0.13,0.13,0.13,1597122,SOL-USD,228204.37946422127
2023-05-07,0.13,0.14,0.13,0.14,2912855,SOL-USD,382552.01485119003
2023-05-08,0.14,0.14,0.13,0.14,2303556,SOL-USD,356684.2058084466
2023-05-09,0.14,0.14,0.13,0.13,1499214,SOL-USD,204840.61948031466
2023-05-10,0.13,0.13,0.13,0.13,5142481,SOL-USD,535830.3632903345
2023-05-11,0.13,0.13,0.13,0.13,1947883,SOL-USD,241096.54067270833
2023-05-12,0.13,0.13,0.13,0.13,1548394,SOL-USD,184422.00924303033
2023-05-13,0.13,0.13,0.13,0.13,3352619,SOL-USD,386661.73444054014
2023-05-14,0.13,0.13,0.13,0.13,8488037,SOL-USD,993801.8524554076
2023-05-15,0.13,0.13,0.13,0.13,3141306,SOL-USD,480629.15403031197
2023-05-16,0.13,0.13,0.13,0.13,6421915,SOL-USD,830279.6774319254
2023-05-17,0.13,0.13,0.12,0.12,1735871,SOL-USD,237276.23905979618
2023-05-18,0.12,0.12,0.12,0.12,6454117,SOL-USD,685959.1950433032
2023-05-19,0.12,0.13,0.11,0.12,3890467,SOL-USD,406053.41890546435
2023-05-20,0.12,0.12,0.11,0.11,2861096,SOL-USD,363664.59078252927
2023-05-21,0.11,0.12,0.11,0.12,12825490,SOL-USD,1536414.5035418968
2023-05-22,0.12,0.12,0.11,0.12,5052087,SOL-USD,702074.8999350341
2023-05-23,0.12,0.12,0.1,0.11,3962080,SOL-USD,359650.9557249057
2023-05-24,0.11,0.11,0.1,0.1,2733756,SOL-USD,318912.9242945046
2023-05-25,0.1,0.1,0.1,0.1,4354942,SOL-USD,420764.97027368133
2023-05-26,0.1,0.1,0.09,0.09,5073999,SOL-USD,393708.5171210869
2023-05-27,0.09,0.09,0.08,0.09,4170361,SOL-USD,402864.28257944324
2023-05-28,0.09,0.09,0.08,0.08,2450431,SOL-USD,219315.74525207773
2023-05-29,0.08,0.08,0.07,0.07,1864809,SOL-USD,106902.95891425764
2023-05-30,0.07,0.08,0.07,0.07,1603324,SOL-USD,134104.40395768825
2023-05-31,0.07,0.08,0.07,0.08,4226047,SOL-USD,364728.3963539802
2023-06-01,0.08,0.08,0.08,0.08,1987419,SOL-USD,147635.1495954765
2023-06-02,0.08,0.08,0.08,0.08,1778424,SOL-USD,122429.20055410496
2023-06-03,0.08,0.08,0.07,0.07,3028517,SOL-USD,202883.01774683667
2023-06-04,0.07,0.07,0.07,0.07,4149045,SOL-USD,257970.351831149
2023-06-05,0.07,0.07,0.07,0.07,867220,SOL-USD,60563.42763992475
2023-06-06,0.07,0.07,0.07,0.07,3278228,SOL-USD,255350.99995912728
2023-06-07,0.07,0.07,0.07,0.07,4063610,SOL-USD,302672.50859561405
2023-06-08,0.07,0.07,0.07,0.07,5000114,SOL-USD,341038.66217365814
2023-06-09,0.07,0.07,0.06,0.06,3011133,SOL-USD,153130.12743485995
2023-06-10,0.06,0.06,0.06,0.06,1033946,SOL-USD,73380.97371011307
2023-06-11,0.06,0.07,0.06,0.07,3444810,SOL-USD,218987.86251375856
2023-06-12,0.07,0.07,0.07,0.07,1738294,SOL-USD,110867.2914744435
2023-06-13,0.07,0.07,0.07,0.07,953750,SOL-USD,70648.13683419801
2023-06-14,0.07,0.08,0.07,0.07,7808684,SOL-USD,605752.9564325715
2023-06-15,0.07,0.08,0.06,0.06,2926699,SOL-USD,209609.2059384365
2023-06-16,0.06,0.07,0.06,0.06,1693461,SOL-USD,120675.93307120861
2023-06-17,0.06,0.07,0.06,0.07,6143712,SOL-USD,501236.5539398259
2023-06-18,0.07,0.07,0.07,0.07,3177915,SOL-USD,216698.14643374964
2023-06-19,0.07,0.07,0.07,0.07,1519755,SOL-USD,92198.59736536852
2023-06-20,0.07,0.07,0.06,0.06,1405860,SOL-USD,87201.71246046093
2023-06-21,0.06,0.06,0.06,0.06,1269896,SOL-USD,61480.94321682764
2023-06-22,0.06,0.06,0.06,0.06,8289600,SOL-USD,436944.58501766913
2023-06-23,0.06,0.06,0.06,0.06,3834455,SOL-USD,184286.61259648006
2023-06-24,0.06,0.06,0.06,0.06,5515665,SOL-USD,288650.5347411335
2023-06-25,0.06,0.06,0.06,0.06,1754637,SOL-USD,104215.20995339128
2023-06-26,0.06,0.06,0.06,0.06,3184027,SOL-USD,182889.82143066806
2023-06-27,0.06,0.06,0.06,0.06,1864211,SOL-USD,106004.84924636291
2023-06-28,0.06,0.06,0.06,0.06,8345368,SOL-USD,567008.2425643682
2023-06-29,0.06,0.06,0.06,0.06,9480177,SOL-USD,608626.5226172868
2023-06-30,0.06,0.06,0.06,0.06,15104460,SOL-USD,1064477.1865203865
2023-07-01,0.06,0.06,0.06,0.06,2163279,SOL-USD,126958.9207032025
2023-07-02,0.06,0.06,0.06,0.06,3015578,SOL-USD,164450.05968749808
2023-07-03,0.06,0.06,0.06,0.06,1526883,SOL-USD,77786.18245166361
2023-07-04,0.06,0.06,0.06,0.06,4063737,SOL-USD,260601.99822862484
2023-07-05,0.06,0.06,0.06,0.06,4277077,SOL-USD,291704.2907869702
2023-07-06,0.06,0.06,0.06,0.06,2040217,SOL-USD,106927.25218886466
2023-07-07,0.06,0.06,0.06,0.06,1948035,SOL-USD,134589.86646375546
2023-07-08,0.06,0.07,0.06,0.07,5806932,SOL-USD,410757.59526096645
2023-07-09,0.07,0.07,0.07,0.07,4101321,SOL-USD,246219.76182420293
2023-07-10,0.07,0.07,0.06,0.07,3528300,SOL-USD,261094.81073902413
2023-07-11,0.07,0.07,0.06,0.07,4980677,SOL-USD,351443.92439971765
2023-07-12,0.07,0.07,0.07,0.07,4531860,SOL-USD,257360.42894029105
2023-07-13,0.07,0.07,0.07,0.07,5763427,SOL-USD,387180.1658392627
2023-07-14,0.07,0.08,0.07,0.08,4774301,SOL-USD,425453.31518385065
2023-07-15,0.08,0.08,0.08,0.08,2949750,SOL-USD,241211.55893301952
2023-07-16,0.08,0.08,0.08,0.08,4993545,SOL-USD,364655.20178696414
2023-07-17,0.08,0.08,0.08,0.08,4175527,SOL-USD,391315.92820260633
2023-07-18,0.08,0.09,0.08,0.09,3668430,SOL-USD,295528.88723512454
2023-07-19,0.09,0.09,0.08,0.09,3634173,SOL-USD,294725.96541080374
2023-07-20,0.09,0.09,0.08,0.08,5354932,SOL-USD,403485.87468336837
2023-07-21,0.08,0.08,0.07,0.07,3312828,SOL-USD,268494.9700672237
2023-07-22,0.07,0.07,0.07,0.07,9176906,SOL-USD,644342.7910369182
2023-07-23,0.07,0.07,0.07,0.07,2151894,SOL-USD,161609.4206852638
2023-07-24,0.07,0.07,0.06,0.06,6049758,SOL-USD,432136.2717061787
2023-07-25,0.06,0.07,0.06,0.07,2258557,SOL-USD,176014.5333637692
2023-07-26,0.07,0.07,0.07,0.07,2492288,SOL-USD,151612.8657263555
2023-07-27,0.07,0.07,0.07,0.07,3743412,SOL-USD,292262.81163003115
2023-07-28,0.07,0.07,0.07,0.07,2582051,SOL-USD,198697.70716589337
2023-07-29,0.07,0.07,0.07,0.07,3771237,SOL-USD,235752.37885923666
2023-07-30,0.07,0.07,0.07,0.07,10770510,SOL-USD,701265.7009980546
2023-07-31,0.07,0.07,0.06,0.06,2554941,SOL-USD,166181.2261268162
2023-08-01,0.06,0.06,0.06,0.06,1979814,SOL-USD,106358.44764333272
2023-08-02,0.06,0.08,0.06,0.08,3987078,SOL-USD,281734.8251292552
2023-08-03,0.08,0.08,0.08,0.08,5306501,SOL-USD,459071.3910010359
2023-08-04,0.08,0.08,0.08,0.08,3750051,SOL-USD,345676.16027021594
2023-08-05,0.08,0.08,0.08,0.08,3003087,SOL-USD,199406.57997969966
2023-08-06,0.08,0.09,0.08,0.09,1965230,SOL-USD,173043.7653082068
2023-08-07,0.09,0.09,0.08,0.08,2482821,SOL-USD,207140.78040679957
2023-08-08,0.08,0.08,0.08,0.08,3648965,SOL-USD,312500.4902980388
2023-08-09,0.08,0.08,0.08,0.08,4740585,SOL-USD,454519.08477649366
2023-08-10,0.08,0.1,0.08,0.1,3579242,SOL-USD,384080.1494971177
2023-08-11,0.1,0.1,0.1,0.1,3157447,SOL-USD,330919.909744821
2023-08-12,0.1,0.1,0.1,0.1,4467019,SOL-USD,534207.9705325281
2023-08-13,0.1,0.1,0.1,0.1,4785182,SOL-USD,394426.8837324464
2023-08-14,0.1,0.1,0.1,0.1,5589906,SOL-USD,463836.2900971033
2023-08-15,0.1,0.1,0.1,0.1,1571053,SOL-USD,160918.71860744548
2023-08-16,0.1,0.11,0.1,0.11,2597641,SOL-USD,269586.4119292822
2023-08-17,0.11,0.11,0.1,0.11,2014346,SOL-USD,185832.86700115842
2023-08-18,0.11,0.11,0.1,0.11,4790802,SOL-USD,486188.55930916185
2023-08-19,0.11,0.11,0.11,0.11,2978105,SOL-USD,350438.37271173025
2023-08-20,0.11,0.11,0.1,0.1,7343017,SOL-USD,846096.1859522124
2023-08-21,0.1,0.1,0.1,0.1,3364831,SOL-USD,281881.91692451003
2023-08-22,0.1,0.1,0.1,0.1,1930095,SOL-USD,196108.8513750103
2023-08-23,0.1,0.1,0.1,0.1,7905362,SOL-USD,726064.9893420069
2023-08-24,0.1,0.1,0.1,0.1,3521687,SOL-USD,375739.514961267
2023-08-25,0.1,0.1,0.1,0.1,2301028,SOL-USD,234654.37093554274
2023-08-26,0.1,0.11,0.1,0.1,2201927,SOL-USD,257776.15941429595
2023-08-27,0.1,0.1,0.1,0.1,2952029,SOL-USD,240612.07708435168
2023-08-28,0.1,0.11,0.1,0.1,9417411,SOL-USD,930454.2481372525
2023-08-29,0.1,0.11,0.1,0.1,3415699,SOL-USD,299592.2648180745
2023-08-30,0.1,0.11,0.1,0.11,1599348,SOL-USD,178516.65709630476
2023-08-31,0.11,0.11,0.11,0.11,1112731,SOL-USD,139711.7126725251
2023-09-01,0.11,0.11,0.11,0.11,2462439,SOL-USD,315433.33181205887
2023-09-02,0.11,0.12,0.11,0.12,2066366,SOL-USD,237869.96971178285
2023-09-03,0.12,0.12,0.11,0.11,4747084,SOL-USD,587301.3666743004
2023-09-04,0.11,0.11,0.11,0.11,2185364,SOL-USD,219284.5709214349
2023-09-05,0.11,0.11,0.11,0.11,735952,SOL-USD,64967.94206555372
2023-09-06,0.11,0.11,0.11,0.11,3667758,SOL-USD,460782.3393862625
2023-09-07,0.11,0.11,0.1,0.1,2814565,SOL-USD,238608.94072196694
2023-09-08,0.1,0.11,0.1,0.1,10144237,SOL-USD,818685.0163691995
2023-09-09,0.1,0.1,0.1,0.1,3387329,SOL-USD,318923.4834103396
2023-09-10,0.1,0.1,0.09,0.09,3430916,SOL-USD,293884.3035534276
2023-09-11,0.09,0.09,0.09,0.09,8631647,SOL-USD,645473.9251938951
2023-09-12,0.09,0.09,0.08,0.09,2874796,SOL-USD,291247.23655378696
2023-09-13,0.09,0.09,0.08,0.09,1629457,SOL-USD,141113.1568819349
2023-09-14,0.09,0.09,0.08,0.09,6021813,SOL-USD,539778.7579105699
2023-09-15,0.09,0.09,0.08,0.08,3972884,SOL-USD,287906.9917774566
2023-09-16,0.08,0.08,0.08,0.08,1548229,SOL-USD,124428.40280572227
2023-09-17,0.08,0.08,0.08,0.08,2413164,SOL-USD,213650.45086424597
2023-09-18,0.08,0.09,0.08,0.09,1964240,SOL-USD,205503.8521354105
2023-09-19,0.09,0.09,0.09,0.09,3058187,SOL-USD,327039.66029100324
2023-09-20,0.09,0.09,0.09,0.09,2389285,SOL-USD,208732.86259888211
2023-09-21,0.09,0.1,0.09,0.1,1849502,SOL-USD,221202.94407439933
2023-09-22,0.1,0.1,0.09,0.09,6173315,SOL-USD,510029.4427024789
2023-09-23,0.09,0.11,0.09,0.11,3495845,SOL-USD,308707.3786934105
2023-09-24,0.11,0.11,0.11,0.11,2809078,SOL-USD,342075.8946192667
2023-09-25,0.11,0.12,0.11,0.12,3797298,SOL-USD,397064.12790404144
2023-09-26,0.12,0.12,0.11,0.11,4906631,SOL-USD,443108.09553289524
2023-09-27,0.11,0.11,0.11,0.11,3750816,SOL-USD,482566.4558449772
2023-09-28,0.11,0.11,0.1,0.1,1749973,SOL-USD,195423.74297909217
2023-09-29,0.1,0.11,0.1,0.1,2472334,SOL-USD,207939.58717785138
2023-09-30,0.1,0.11,0.1,0.1,3333854,SOL-USD,370312.5207666848
2023-10-01,0.1,0.11,0.1,0.1,2683224,SOL-USD,305243.52976515424
2023-10-02,0.1,0.11,0.1,0.11,1950229,SOL-USD,249304.15669224295
2023-10-03,0.11,0.12,0.11,0.11,7115408,SOL-USD,796374.5291569178
2023-10-04,0.11,0.12,0.11,0.11,2304544,SOL-USD,274125.8109331764
2023-10-05,0.11,0.12,0.11,0.11,5148450,SOL-USD,625735.0358937399
2023-10-06,0.11,0.11,0.1,0.1,3860927,SOL-USD,415225.5463198185
2023-10-07,0.1,0.1,0.08,0.08,3222548,SOL-USD,272945.5484623536
2023-10-08,0.08,0.09,0.08,0.09,2215789,SOL-USD,203214.7356895243
2023-10-09,0.09,0.09,0.09,0.09,3329354,SOL-USD,297148.29487948207
2023-10-10,0.09,0.09,0.08,0.08,3178226,SOL-USD,304715.5979658065
2023-10-11,0.08,0.09,0.08,0.08,3509160,SOL-USD,262491.99322323885
2023-10-12,0.08,0.08,0.08,0.08,5230228,SOL-USD,349507.89743054885
2023-10-13,0.08,0.08,0.08,0.08,4285330,SOL-USD,379171.0674316479
2023-10-14,0.08,0.09,0.08,0.09,5468341,SOL-USD,435814.0780429169
2023-10-15,0.09,0.09,0.09,0.09,3970135,SOL-USD,361984.84384643316
2023-10-16,0.09,0.1,0.09,0.09,5249182,SOL-USD,396044.76947444706
2023-10-17,0.09,0.1,0.09,0.1,7563875,SOL-USD,792477.4285094241
2023-10-18,0.1,0.1,0.1,0.1,2099140,SOL-USD,247195.3480731764
2023-10-19,0.1,0.11,0.1,0.11,2739372,SOL-USD,328174.04637527606
2023-10-20,0.11,0.11,0.09,0.09,1561696,SOL-USD,124503.48378062602
2023-10-21,0.09,0.09,0.09,0.09,2262086,SOL-USD,241954.9119473507
2023-10-22,0.09,0.09,0.09,0.09,2148571,SOL-USD,178449.84268122038
2023-10-23,0.09,0.09,0.08,0.08,7602871,SOL-USD,592808.6214067364
2023-10-24,0.08,0.08,0.08,0.08,2820742,SOL-USD,225489.3952089733
2023-10-25,0.08,0.1,0.08,0.1,2466819,SOL-USD,295102.4727923923
2023-10-26,0.1,0.1,0.09,0.1,2131722,SOL-USD,176412.05258095596
2023-10-27,0.1,0.1,0.1,0.1,4324174,SOL-USD,466444.89503450546
2023-10-28,0.1,0.1,0.1,0.1,6300008,SOL-USD,595207.3364924497
2023-10-29,0.1,0.11,0.1,0.11,5794307,SOL-USD,529868.0175691099
2023-10-30,0.11,0.11,0.1,0.11,2697279,SOL-USD,348330.3671966049
2023-10-31,0.11,0.11,0.09,0.09,3481157,SOL-USD,324565.32300095214
2023-11-01,0.09,0.09,0.09,0.09,3082809,SOL-USD,305588.52343644283
2023-11-02,0.09,0.11,0.09,0.11,2562544,SOL-USD,252607.79524686508
2023-11-03,0.11,0.11,0.11,0.11,3293859,SOL-USD,400229.5625623341
2023-11-04,0.11,0.11,0.11,0.11,811498,SOL-USD,100993.29515563024
2023-11-05,0.11,0.11,0.1,0.1,4004927,SOL-USD,389411.7714119192
2023-11-06,0.1,0.1,0.1,0.1,3727715,SOL-USD,383500.8289123873
2023-11-07,0.1,0.11,0.1,0.11,5695476,SOL-USD,744754.0627010193
2023-11-08,0.11,0.11,0.1,0.11,2536405,SOL-USD,317700.20906253374
2023-11-09,0.11,0.11,0.1,0.11,3023522,SOL-USD,325250.54963900126
2023-11-10,0.11,0.11,0.1,0.1,2656751,SOL-USD,283164.37055293814
2023-11-11,0.1,0.1,0.09,0.1,1995306,SOL-USD,222215.7508421166
2023-11-12,0.1,0.1,0.09,0.09,2203518,SOL-USD,160583.2197862659
2023-11-13,0.09,0.09,0.08,0.08,6074211,SOL-USD,503112.9967355223
2023-11-14,0.08,0.09,0.08,0.08,3449372,SOL-USD,329431.9818337478
2023-11-15,0.08,0.09,0.08,0.09,2564035,SOL-USD,272040.2761491884
2023-11-16,0.09,0.09,0.08,0.08,4041776,SOL-USD,366338.867487404
2023-11-17,0.08,0.08,0.08,0.08,1197223,SOL-USD,80691.45456704636
2023-11-18,0.08,0.08,0.08,0.08,6689042,SOL-USD,640872.6088198895
2023-11-19,0.08,0.08,0.08,0.08,8419539,SOL-USD,703075.4640746539
2023-11-20,0.08,0.08,0.08,0.08,1727678,SOL-USD,122895.02971385098
2023-11-21,0.08,0.08,0.08,0.08,4043253,SOL-USD,346007.8368668529
2023-11-22,0.08,0.08,0.08,0.08,2538089,SOL-USD,232003.5529969682
2023-11-23,0.08,0.08,0.08,0.08,7768855,SOL-USD,525131.7787679988
2023-11-24,0.08,0.08,0.08,0.08,12835523,SOL-USD,1197888.2837205986
2023-11-25,0.08,0.08,0.08,0.08,3173177,SOL-USD,296522.40195520903
2023-11-26,0.08,0.08,0.08,0.08,4888547,SOL-USD,314973.2922460445
2023-11-27,0.08,0.08,0.07,0.07,3706971,SOL-USD,301039.1684930469
2023-11-28,0.07,0.07,0.07,0.07,4170053,SOL-USD,344074.8332115113
2023-11-29,0.07,0.07,0.07,0.07,2898373,SOL-USD,165367.74482730083
2023-11-30,0.07,0.08,0.07,0.08,3302922,SOL-USD,242478.47749036347
2023-12-01,0.08,0.08,0.08,0.08,5444117,SOL-USD,413423.19746192923
2023-12-02,0.08,0.08,0.08,0.08,2708401,SOL-USD,203575.59370992266
2023-12-03,0.08,0.08,0.08,0.08,7476416,SOL-USD,660078.5903097164
2023-12-04,0.08,0.08,0.07,0.07,3221200,SOL-USD,212685.9303534538
2023-12-05,0.07,0.07,0.07,0.07,3873885,SOL-USD,320696.49648313463
2023-12-06,0.07,0.07,0.07,0.07,1222940,SOL-USD,102555.49587332492
2023-12-07,0.07,0.08,0.07,0.07,9343864,SOL-USD,606145.1323343571
2023-12-08,0.07,0.07,0.07,0.07,3140554,SOL-USD,220612.67873919988
2023-12-09,0.07,0.07,0.06,0.07,3857476,SOL-USD,276256.08903247915
2023-12-10,0.07,0.07,0.06,0.06,5272331,SOL-USD,326387.17204615363
2023-12-11,0.06,0.07,0.06,0.07,4626574,SOL-USD,307564.70088708354
2023-12-12,0.07,0.08,0.07,0.07,3659909,SOL-USD,221965.4951292979
2023-12-13,0.07,0.08,0.07,0.08,2612128,SOL-USD,171736.8038000335
2023-12-14,0.08,0.08,0.08,0.08,4476735,SOL-USD,301746.07339897286
2023-12-15,0.08,0.08,0.08,0.08,4976756,SOL-USD,462048.5943821623
2023-12-16,0.08,0.09,0.08,0.09,3038177,SOL-USD,249414.58427361381
2023-12-17,0.09,0.09,0.09,0.09,1621369,SOL-USD,121222.6705247727
2023-12-18,0.09,0.09,0.08,0.08,4280263,SOL-USD,359340.7072755459
2023-12-19,0.08,0.08,0.08,0.08,1918643,SOL-USD,127416.753235757
2023-12-20,0.08,0.09,0.08,0.09,2487961,SOL-USD,185407.59534594786
2023-12-21,0.09,0.09,0.08,0.09,5399404,SOL-USD,509577.0579245914
2023-12-22,0.09,0.09,0.09,0.09,1907283,SOL-USD,177930.86743946542
2023-12-23,0.09,0.09,0.09,0.09,3556535,SOL-USD,261381.07521873276
2023-12-24,0.09,0.09,0.09,0.09,1019342,SOL-USD,90290.46228158262
2023-12-25,0.09,0.09,0.09,0.09,2024199,SOL-USD,177497.27183142316
2023-12-26,0.09,0.09,0.09,0.09,6219594,SOL-USD,570217.4075146763
2023-12-27,0.09,0.09,0.08,0.08,4599022,SOL-USD,402925.0577882373
2023-12-28,0.08,0.09,0.08,0.09,2551129,SOL-USD,209653.82649134254
2023-12-29,0.09,0.09,0.08,0.08,2643867,SOL-USD,205822.3203205721
2023-12-30,0.08,0.08,0.08,0.08,6900455,SOL-USD,616678.2470403854
2023-12-31,0.08,0.08,0.08,0.08,1418255,SOL-USD,132637.76683368493
2024-01-01,0.08,0.08,0.08,0.08,3372567,SOL-USD,312037.77424799703
2024-01-02,0.08,0.08,0.08,0.08,2334807,SOL-USD,185113.28289170668
2024-01-03,0.08,0.09,0.08,0.09,2835411,SOL-USD,257316.86197236695
2024-01-04,0.09,0.09,0.09,0.09,1987929,SOL-USD,180996.55389043558
2024-01-05,0.09,0.1,0.09,0.1,6105581,SOL-USD,700607.0110724077
2024-01-06,0.1,0.1,0.1,0.1,1659353,SOL-USD,188498.4856262437
2024-01-07,0.1,0.1,0.1,0.1,3214189,SOL-USD,297188.0970557054
2024-01-08,0.1,0.1,0.1,0.1,2627041,SOL-USD,227275.79243795815
2024-01-09,0.1,0.1,0.1,0.1,4252779,SOL-USD,404690.12226591277
2024-01-10,0.1,0.11,0.1,0.11,3163666,SOL-USD,318549.1526302404
2024-01-11,0.11,0.12,0.11,0.12,4762542,SOL-USD,674554.4224666294
2024-01-12,0.12,0.12,0.11,0.11,2820171,SOL-USD,281171.86625432
2024-01-13,0.11,0.11,0.09,0.09,1898124,SOL-USD,149047.2270556653
2024-01-14,0.09,0.09,0.08,0.08,2734018,SOL-USD,253671.29432512066
2024-01-15,0.08,0.09,0.08,0.09,1345651,SOL-USD,101076.19273549266
2024-01-16,0.09,0.09,0.09,0.09,2356673,SOL-USD,191761.4871436806
2024-01-17,0.09,0.09,0.08,0.09,3543788,SOL-USD,311172.94727873843
2024-01-18,0.09,0.09,0.09,0.09,4722725,SOL-USD,441215.2257306907
2024-01-19,0.09,0.09,0.08,0.08,3002928,SOL-USD,223674.691691536
2024-01-20,0.08,0.09,0.08,0.09,3704384,SOL-USD,332892.33402420796
2024-01-21,0.09,0.09,0.08,0.08,3812223,SOL-USD,268237.9143048975
2024-01-22,0.08,0.08,0.08,0.08,4515787,SOL-USD,371995.95540962194
2024-01-23,0.08,0.08,0.08,0.08,5138198,SOL-USD,395898.8642774058
2024-01-24,0.08,0.08,0.07,0.07,2279186,SOL-USD,181831.7981084257
2024-01-25,0.07,0.07,0.07,0.07,2818221,SOL-USD,190626.03462371565
2024-01-26,0.07,0.08,0.07,0.08,11614424,SOL-USD,908272.2701126181
2024-01-27,0.08,0.08,0.07,0.07,2675448,SOL-USD,194186.422944813
2024-01-28,0.07,0.08,0.07,0.08,2868615,SOL-USD,194897.83427984564
2024-01-29,0.08,0.08,0.07,0.07,926934,SOL-USD,55977.78984910169
2024-01-30,0.07,0.07,0.07,0.07,5006137,SOL-USD,391112.7479053462
2024-01-31,0.07,0.07,0.07,0.07,5022733,SOL-USD,319725.7146945097
2024-02-01,0.07,0.08,0.07,0.08,4934343,SOL-USD,423910.895948148
2024-02-02,0.08,0.08,0.08,0.08,1425032,SOL-USD,95644.81759617767
2024-02-03,0.08,0.08,0.07,0.07,8032161,SOL-USD,634634.7474036246
2024-02-04,0.07,0.08,0.07,0.07,2743373,SOL-USD,229539.08088541002
2024-02-05,0.07,0.08,0.07,0.08,2977810,SOL-USD,226188.82027357415
2024-02-06,0.08,0.08,0.07,0.08,3075244,SOL-USD,246563.72520746163
2024-02-07,0.08,0.08,0.08,0.08,6075487,SOL-USD,474901.2761043514
2024-02-08,0.08,0.08,0.08,0.08,2963088,SOL-USD,274423.4556076578
2024-02-09,0.08,0.09,0.08,0.08,7727152,SOL-USD,496994.1062162406
2024-02-10,0.08,0.09,0.08,0.09,1547895,SOL-USD,147861.95097358423
2024-02-11,0.09,0.09,0.08,0.08,4215963,SOL-USD,357833.1680164352
2024-02-12,0.08,0.08,0.07,0.07,2789262,SOL-USD,186062.68724442465
2024-02-13,0.07,0.08,0.07,0.08,2822008,SOL-USD,200415.27336714728
2024-02-14,0.08,0.09,0.08,0.09,5338665,SOL-USD,430448.95952555764
2024-02-15,0.09,0.09,0.08,0.08,2395037,SOL-USD,214630.88599935212
2024-02-16,0.08,0.09,0.08,0.09,2420759,SOL-USD,180055.3559571918
2024-02-17,0.09,0.09,0.07,0.07,9490516,SOL-USD,681296.3942792881
2024-02-18,0.07,0.07,0.07,0.07,4869531,SOL-USD,314530.491191318
2024-02-19,0.07,0.07,0.06,0.06,4335203,SOL-USD,235687.4186965464
2024-02-20,0.06,0.06,0.06,0.06,1332615,SOL-USD,80140.40637963939
2024-02-21,0.06,0.06,0.06,0.06,2366799,SOL-USD,164607.73716483472
2024-02-22,0.06,0.06,0.05,0.05,3216234,SOL-USD,168407.92490266223
2024-02-23,0.05,0.05,0.05,0.05,2585447,SOL-USD,144196.09963396235
2024-02-24,0.05,0.05,0.05,0.05,4464583,SOL-USD,232219.37178545626
2024-02-25,0.05,0.05,0.05,0.05,6154283,SOL-USD,332050.12725805107
2024-02-26,0.05,0.05,0.05,0.05,3979821,SOL-USD,193610.94082456367
2024-02-27,0.05,0.05,0.04,0.04,2862917,SOL-USD,134029.48104200492
2024-02-28,0.04,0.05,0.04,0.05,3306700,SOL-USD,165463.2351777235
2024-02-29,0.05,0.05,0.04,0.04,1603693,SOL-USD,65476.2107938604
2024-03-01,0.04,0.05,0.04,0.05,684241,SOL-USD,34553.69841825203
2024-03-02,0.05,0.05,0.05,0.05,6557040,SOL-USD,303746.88105564355
2024-03-03,0.05,0.05,0.05,0.05,2412931,SOL-USD,107676.48779297557
2024-03-04,0.05,0.05,0.05,0.05,3261935,SOL-USD,135294.29707344546
2024-03-05,0.05,0.05,0.05,0.05,4867594,SOL-USD,264619.4446669143
2024-03-06,0.05,0.05,0.05,0.05,1238747,SOL-USD,56716.65728853015
2024-03-07,0.05,0.05,0.04,0.05,2124640,SOL-USD,101523.7112104783
2024-03-08,0.05,0.05,0.05,0.05,3838436,SOL-USD,224159.14754444305
2024-03-09,0.05,0.05,0.05,0.05,3244663,SOL-USD,166545.1351216956
2024-03-10,0.05,0.05,0.05,0.05,3048944,SOL-USD,127877.47160943059
2024-03-11,0.05,0.05,0.05,0.05,2198320,SOL-USD,123088.85720397849
2024-03-12,0.05,0.05,0.05,0.05,6439667,SOL-USD,290574.5953355078
2024-03-13,0.05,0.05,0.05,0.05,6650593,SOL-USD,339540.15216323605
2024-03-14,0.05,0.05,0.05,0.05,2162673,SOL-USD,108565.38332377063
2024-03-15,0.05,0.05,0.05,0.05,4313411,SOL-USD,193075.0779493574
2024-03-16,0.05,0.05,0.04,0.04,3070643,SOL-USD,103948.4402815158
2024-03-17,0.04,0.04,0.04,0.04,2333062,SOL-USD,82544.1668187578
2024-03-18,0.04,0.05,0.04,0.05,2220885,SOL-USD,93158.92117969236
2024-03-19,0.05,0.05,0.05,0.05,2252014,SOL-USD,102494.92314944796
2024-03-20,0.05,0.05,0.05,0.05,1253315,SOL-USD,75131.1585933985
2024-03-21,0.05,0.05,0.04,0.04,3998245,SOL-USD,153666.45422464053
2024-03-22,0.04,0.05,0.04,0.05,3614745,SOL-USD,207044.5248627254
2024-03-23,0.05,0.05,0.05,0.05,2578294,SOL-USD,131450.59097100413
2024-03-24,0.05,0.05,0.05,0.05,4769904,SOL-USD,254386.90592892581
2024-03-25,0.05,0.06,0.05,0.06,5599259,SOL-USD,289774.8186421807
2024-03-26,0.06,0.06,0.06,0.06,4623756,SOL-USD,252435.5346798615
2024-03-27,0.06,0.06,0.06,0.06,3560787,SOL-USD,214539.7033189656
2024-03-28,0.06,0.06,0.06,0.06,3733386,SOL-USD,258154.09347202576
2024-03-29,0.06,0.07,0.06,0.07,5008643,SOL-USD,286498.71210012794
2024-03-30,0.07,0.07,0.07,0.07,6901434,SOL-USD,484437.59403831384
2024-03-31,0.07,0.07,0.07,0.07,3598961,SOL-USD,206682.3629735635
2024-04-01,0.07,0.08,0.07,0.08,9137403,SOL-USD,718367.3246161825
2024-04-02,0.08,0.08,0.08,0.08,1433546,SOL-USD,120595.30989883727
2024-04-03,0.08,0.08,0.07,0.07,6120330,SOL-USD,470361.12732544355
2024-04-04,0.07,0.07,0.07,0.07,3588541,SOL-USD,214877.8738593193
2024-04-05,0.07,0.07,0.07,0.07,2555408,SOL-USD,155021.54673486314
2024-04-06,0.07,0.07,0.07,0.07,3389945,SOL-USD,234454.75846700536
2024-04-07,0.07,0.07,0.07,0.07,1842968,SOL-USD,154707.98713688581
2024-04-08,0.07,0.07,0.07,0.07,6050024,SOL-USD,399115.91722372937
2024-04-09,0.07,0.07,0.07,0.07,2837852,SOL-USD,192890.97981430733
2024-04-10,0.07,0.07,0.05,0.05,4235454,SOL-USD,206050.3257328173
2024-04-11,0.05,0.05,0.05,0.05,3246256,SOL-USD,135089.750510708
2024-04-12,0.05,0.05,0.05,0.05,3577584,SOL-USD,198496.67760470326
2024-04-13,0.05,0.05,0.05,0.05,2972351,SOL-USD,133940.1713845893
2024-04-14,0.05,0.05,0.04,0.04,931685,SOL-USD,40303.45667027141
2024-04-15,0.04,0.04,0.04,0.04,2123555,SOL-USD,84095.8318024114
2024-04-16,0.04,0.04,0.04,0.04,2952634,SOL-USD,123386.07467821102
2024-04-17,0.04,0.04,0.04,0.04,3439149,SOL-USD,113022.63199488207
2024-04-18,0.04,0.04,0.04,0.04,3248190,SOL-USD,150194.52218344074
2024-04-19,0.04,0.04,0.04,0.04,1952452,SOL-USD,70096.36219467294
2024-04-20,0.04,0.04,0.04,0.04,3520878,SOL-USD,150417.28172405076
2024-04-21,0.04,0.04,0.04,0.04,3319940,SOL-USD,148628.08913460694
2024-04-22,0.04,0.04,0.04,0.04,1918031,SOL-USD,77949.96801519053
2024-04-23,0.04,0.04,0.04,0.04,3817388,SOL-USD,142760.1735659948
2024-04-24,0.04,0.04,0.04,0.04,2642461,SOL-USD,125903.89646135425
2024-04-25,0.04,0.04,0.04,0.04,1941630,SOL-USD,70782.19040764449
2024-04-26,0.04,0.04,0.04,0.04,4754487,SOL-USD,224310.0279878753
2024-04-27,0.04,0.04,0.04,0.04,3226175,SOL-USD,111301.70231184544
2024-04-28,0.04,0.04,0.04,0.04,2571970,SOL-USD,98320.12232978435
2024-04-29,0.04,0.04,0.04,0.04,5186163,SOL-USD,177449.38678669004
2024-04-30,0.04,0.04,0.04,0.04,3643789,SOL-USD,116731.86897825169
2024-05-01,0.04,0.04,0.04,0.04,1529498,SOL-USD,55312.97467230925
2024-05-02,0.04,0.04,0.04,0.04,1781090,SOL-USD,59480.15316756387
2024-05-03,0.04,0.04,0.04,0.04,3545980,SOL-USD,169432.34396748655
2024-05-04,0.04,0.04,0.03,0.03,3036718,SOL-USD,100636.34808460754
2024-05-05,0.03,0.03,0.03,0.03,8076304,SOL-USD,194190.34873625552
2024-05-06,0.03,0.03,0.03,0.03,3556824,SOL-USD,94909.43448502307
2024-05-07,0.03,0.03,0.03,0.03,3952271,SOL-USD,126636.65526267163
2024-05-08,0.03,0.03,0.03,0.03,1221138,SOL-USD,35147.55756438938
2024-05-09,0.03,0.03,0.03,0.03,4107592,SOL-USD,139584.64628663956
2024-05-10,0.03,0.03,0.03,0.03,2984554,SOL-USD,89710.70706653284
2024-05-11,0.03,0.03,0.03,0.03,2748521,SOL-USD,87523.39984577274
2024-05-12,0.03,0.03,0.03,0.03,3221057,SOL-USD,100382.46586540181
2024-05-13,0.03,0.04,0.03,0.04,4436785,SOL-USD,187279.8112920549
2024-05-14,0.04,0.04,0.04,0.04,1253254,SOL-USD,44718.08494326926
2024-05-15,0.04,0.04,0.04,0.04,4977136,SOL-USD,188994.94890068716
2024-05-16,0.04,0.04,0.04,0.04,2753755,SOL-USD,90350.88893154972
2024-05-17,0.04,0.04,0.04,0.04,6454995,SOL-USD,267250.89222607703
2024-05-18,0.04,0.04,0.04,0.04,1754285,SOL-USD,69027.84369828165
2024-05-19,0.04,0.04,0.04,0.04,2803232,SOL-USD,123822.84562955251
2024-05-20,0.04,0.05,0.04,0.05,5520805,SOL-USD,243620.1468519097
2024-05-21,0.05,0.05,0.04,0.04,3096639,SOL-USD,120734.83894860931
2024-05-22,0.04,0.05,0.04,0.05,8111969,SOL-USD,353802.78699706186
2024-05-23,0.05,0.05,0.05,0.05,6439195,SOL-USD,336638.4391464728
2024-05-24,0.05,0.05,0.05,0.05,4058127,SOL-USD,231153.36961532096
2024-05-25,0.05,0.05,0.05,0.05,12935347,SOL-USD,715439.3605498967
2024-05-26,0.05,0.05,0.05,0.05,3343383,SOL-USD,196871.6290065715
2024-05-27,0.05,0.05,0.05,0.05,2102597,SOL-USD,124966.83427538082
2024-05-28,0.05,0.05,0.04,0.04,3466715,SOL-USD,153757.62222807202
2024-05-29,0.04,0.05,0.04,0.04,2790180,SOL-USD,102089.60965290065
2024-05-30,0.04,0.04,0.04,0.04,3660275,SOL-USD,129969.71099978879
2024-05-31,0.04,0.04,0.04,0.04,3502372,SOL-USD,137155.63531570006
2024-06-01,0.04,0.04,0.04,0.04,1097660,SOL-USD,52580.26201903236
2024-06-02,0.04,0.04,0.04,0.04,2025033,SOL-USD,78171.71776319083
2024-06-03,0.04,0.04,0.04,0.04,2080367,SOL-USD,73197.90963355199
2024-06-04,0.04,0.04,0.04,0.04,1801062,SOL-USD,84847.10515433662
2024-06-05,0.04,0.04,0.04,0.04,4321880,SOL-USD,164986.41902420318
2024-06-06,0.04,0.05,0.04,0.05,4097868,SOL-USD,220538.96882411436
2024-06-07,0.05,0.05,0.04,0.04,4055225,SOL-USD,180905.4026032374
2024-06-08,0.04,0.05,0.04,0.05,4003369,SOL-USD,227644.04400944352
2024-06-09,0.05,0.05,0.05,0.05,8688973,SOL-USD,490280.5821827895
2024-06-10,0.05,0.06,0.05,0.05,2400031,SOL-USD,136141.60789705408
2024-06-11,0.05,0.06,0.05,0.06,4934567,SOL-USD,315929.1497079048
2024-06-12,0.06,0.06,0.06,0.06,1344510,SOL-USD,77567.39786274036
2024-06-13,0.06,0.06,0.06,0.06,2709133,SOL-USD,173424.8360834526
2024-06-14,0.06,0.06,0.06,0.06,1849214,SOL-USD,125897.49227578244
2024-06-15,0.06,0.06,0.06,0.06,1647916,SOL-USD,92967.87186561641
2024-06-16,0.06,0.06,0.06,0.06,2306503,SOL-USD,127125.66165918147
2024-06-17,0.06,0.07,0.06,0.06,6454996,SOL-USD,363086.89707803907
2024-06-18,0.06,0.07,0.06,0.07,2792423,SOL-USD,199479.3481685345
2024-06-19,0.07,0.07,0.06,0.07,4688037,SOL-USD,269414.11911543197
2024-06-20,0.07,0.07,0.06,0.06,3990079,SOL-USD,266119.51455772546
2024-06-21,0.06,0.06,0.06,0.06,2616178,SOL-USD,134294.81853490398
2024-06-22,0.06,0.07,0.06,0.06,2070698,SOL-USD,105995.15378221248
2024-06-23,0.06,0.07,0.06,0.06,2552800,SOL-USD,134644.42202275837
2024-06-24,0.06,0.06,0.06,0.06,3069934,SOL-USD,189863.93155571667
2024-06-25,0.06,0.06,0.06,0.06,2335748,SOL-USD,128124.28230353614
2024-06-26,0.06,0.06,0.05,0.05,2306861,SOL-USD,109257.10448832494
2024-06-27,0.05,0.05,0.04,0.05,9580057,SOL-USD,561707.3117433959
2024-06-28,0.05,0.05,0.04,0.05,1403985,SOL-USD,79948.58305309975
2024-06-29,0.05,0.05,0.04,0.05,2664025,SOL-USD,151966.13769908936
2024-06-30,0.05,0.05,0.05,0.05,6103395,SOL-USD,314647.3255462533
2024-07-01,0.05,0.05,0.05,0.05,12196892,SOL-USD,699239.5604031617
2024-07-02,0.05,0.05,0.05,0.05,5332791,SOL-USD,296350.21652567346
2024-07-03,0.05,0.05,0.05,0.05,1987808,SOL-USD,117409.35485442067
2024-07-04,0.05,0.05,0.05,0.05,8982720,SOL-USD,370872.8671831693
2024-07-05,0.05,0.05,0.04,0.04,1461875,SOL-USD,47451.92765616549
2024-07-06,0.04,0.05,0.04,0.05,5886360,SOL-USD,256060.18483758968
2024-07-07,0.05,0.05,0.05,0.05,2177947,SOL-USD,127587.82995141769
2024-07-08,0.05,0.05,0.04,0.04,4678609,SOL-USD,195046.72567685586
2024-07-09,0.04,0.04,0.04,0.04,3412812,SOL-USD,132477.85461985067
2024-07-10,0.04,0.04,0.04,0.04,2890826,SOL-USD,116220.96747204573
2024-07-11,0.04,0.04,0.04,0.04,3812066,SOL-USD,172586.23110762722
2024-07-12,0.04,0.04,0.04,0.04,1214068,SOL-USD,56898.21943017086
2024-07-13,0.04,0.04,0.04,0.04,1939844,SOL-USD,84723.0384887202
2024-07-14,0.04,0.04,0.04,0.04,3617327,SOL-USD,159732.35331160916
2024-07-15,0.04,0.04,0.04,0.04,3166374,SOL-USD,117554.95534737965
2024-07-16,0.04,0.04,0.04,0.04,5028957,SOL-USD,198505.82263235617
2024-07-17,0.04,0.04,0.04,0.04,3772871,SOL-USD,174168.41388562802
2024-07-18,0.04,0.04,0.04,0.04,2901889,SOL-USD,129351.54477991043
2024-07-19,0.04,0.04,0.04,0.04,1984380,SOL-USD,85225.81640282126
2024-07-20,0.04,0.04,0.04,0.04,3648017,SOL-USD,120544.88906425716
2024-07-21,0.04,0.04,0.03,0.03,2596209,SOL-USD,63539.843984536
2024-07-22,0.03,0.03,0.03,0.03,2300379,SOL-USD,58809.03113891554
2024-07-23,0.03,0.03,0.03,0.03,1644809,SOL-USD,50950.74374976587
2024-07-24,0.03,0.03,0.03,0.03,7146552,SOL-USD,217517.04595967507
2024-07-25,0.03,0.03,0.03,0.03,4339605,SOL-USD,153241.3898920527
2024-07-26,0.03,0.03,0.03,0.03,4263341,SOL-USD,137864.15110250705
2024-07-27,0.03,0.03,0.03,0.03,5385938,SOL-USD,148262.33148864226
2024-07-28,0.03,0.03,0.03,0.03,3296763,SOL-USD,85511.29207306463
2024-07-29,0.03,0.03,0.02,0.02,3089698,SOL-USD,70433.57720389139
2024-07-30,0.02,0.03,0.02,0.03,2456686,SOL-USD,72510.2892095445
2024-07-31,0.03,0.03,0.02,0.02,2325478,SOL-USD,49364.67951916267
2024-08-01,0.02,0.02,0.02,0.02,1965925,SOL-USD,40343.039558296194
2024-08-02,0.02,0.02,0.02,0.02,4489783,SOL-USD,75696.17340901104
2024-08-03,0.02,0.02,0.02,0.02,2234666,SOL-USD,36774.70744022987
2024-08-04,0.02,0.02,0.02,0.02,3107444,SOL-USD,59091.60729220106
2024-08-05,0.02,0.02,0.02,0.02,2154609,SOL-USD,40705.740200357446
2024-08-06,0.02,0.02,0.02,0.02,4107597,SOL-USD,87863.08085949393
2024-08-07,0.02,0.02,0.02,0.02,4665876,SOL-USD,98252.16572812235
2024-08-08,0.02,0.02,0.02,0.02,4844429,SOL-USD,115062.5882651032
2024-08-09,0.02,0.02,0.02,0.02,2234941,SOL-USD,51101.470086590394
2024-08-10,0.02,0.02,0.02,0.02,2016018,SOL-USD,40265.24248358755
2024-08-11,0.02,0.02,0.01,0.01,2039684,SOL-USD,20397.046844865956
2024-08-12,0.01,0.01,0.01,0.01,2182731,SOL-USD,23347.619065561525
2024-08-13,0.01,0.01,0.01,0.01,4870072,SOL-USD,41183.09341051125
2024-08-14,0.01,0.01,0.01,0.01,1951504,SOL-USD,23417.193745761684
2024-08-15,0.01,0.01,0.01,0.01,2441421,SOL-USD,24597.88397338524
2024-08-16,0.01,0.01,0.01,0.01,4356560,SOL-USD,50708.70070990745
2024-08-17,0.01,0.01,0.01,0.01,1155746,SOL-USD,13718.040857395805
2024-08-18,0.01,0.01,0.01,0.01,5738825,SOL-USD,59262.38358727848
2024-08-19,0.01,0.01,0.01,0.01,2964377,SOL-USD,24940.473414814205
2024-08-20,0.01,0.01,0.01,0.01,4397828,SOL-USD,45268.52899980794
2024-08-21,0.01,0.01,0.01,0.01,3578652,SOL-USD,37184.23321219574
2024-08-22,0.01,0.01,0.01,0.01,6545902,SOL-USD,73031.13972956328
2024-08-23,0.01,0.01,0.01,0.01,1674478,SOL-USD,13718.859386156386
2024-08-24,0.01,0.01,0.01,0.01,1512218,SOL-USD,14918.425967796122
2024-08-25,0.01,0.01,0.01,0.01,2684057,SOL-USD,31379.527885122927
2024-08-26,0.01,0.01,0.01,0.01,1855444,SOL-USD,22200.75171095934
2024-08-27,0.01,0.01,0.01,0.01,3223964,SOL-USD,28259.75546617339
2024-08-28,0.01,0.01,0.01,0.01,6753225,SOL-USD,77543.20353085223
2024-08-29,0.01,0.01,0.01,0.01,3050274,SOL-USD,26186.60914250941
2024-08-30,0.01,0.01,0.01,0.01,6996155,SOL-USD,79509.18690509746
2024-08-31,0.01,0.01,0.01,0.01,2672559,SOL-USD,24344.636344173006
2024-09-01,0.01,0.01,0.01,0.01,2709388,SOL-USD,32075.092721321416
2024-09-02,0.01,0.01,0.01,0.01,2702507,SOL-USD,29138.395351144914
2024-09-03,0.01,0.01,0.01,0.01,2603816,SOL-USD,24987.370278673112
2024-09-04,0.01,0.01,0.01,0.01,3392511,SOL-USD,30952.908449680333
2024-09-05,0.01,0.01,0.01,0.01,2508667,SOL-USD,22429.86648934694
2024-09-06,0.01,0.01,0.01,0.01,1788028,SOL-USD,19173.326971441653
2024-09-07,0.01,0.01,0.01,0.01,2920706,SOL-USD,33831.016623889256
2024-09-08,0.01,0.01,0.01,0.01,3699355,SOL-USD,40766.03340001068
2024-09-09,0.01,0.01,0.01,0.01,1257824,SOL-USD,14262.675326056476
2024-09-10,0.01,0.01,0.01,0.01,1568723,SOL-USD,17452.882752459816
2024-09-11,0.01,0.01,0.01,0.01,1780110,SOL-USD,21212.842210439157
2024-09-12,0.01,0.01,0.01,0.01,2909570,SOL-USD,32096.105923784282
2024-09-13,0.01,0.01,0.01,0.01,2840381,SOL-USD,25111.564358084463
2024-09-14,0.01,0.01,0.01,0.01,2096712,SOL-USD,23412.712006968002
2024-09-15,0.01,0.01,0.01,0.01,1599117,SOL-USD,14853.042361319727
2024-09-16,0.01,0.01,0.01,0.01,4037776,SOL-USD,48385.47514505354
2024-09-17,0.01,0.01,0.01,0.01,3655993,SOL-USD,34756.39384951118
2024-09-18,0.01,0.01,0.01,0.01,3334165,SOL-USD,30578.21077185752
2024-09-19,0.01,0.01,0.01,0.01,13564700,SOL-USD,121497.17231453094
2024-09-20,0.01,0.01,0.01,0.01,3032842,SOL-USD,32251.419577512042
2024-09-21,0.01,0.01,0.01,0.01,7063095,SOL-USD,59590.51569313811
2024-09-22,0.01,0.01,0.01,0.01,5178632,SOL-USD,61181.59886983433
2024-09-23,0.01,0.01,0.01,0.01,1824530,SOL-USD,16744.16924625905
2024-09-24,0.01,0.01,0.01,0.01,2429441,SOL-USD,22306.16142352767
2024-09-25,0.01,0.01,0.01,0.01,1866134,SOL-USD,15272.934029784788
2024-09-26,0.01,0.01,0.01,0.01,1566314,SOL-USD,14071.874729962517
2024-09-27,0.01,0.01,0.01,0.01,7526412,SOL-USD,72824.9410012556
2024-09-28,0.01,0.01,0.01,0.01,2615749,SOL-USD,24793.182182490465
2024-09-29,0.01,0.01,0.01,0.01,4817344,SOL-USD,43799.675521645
2024-09-30,0.01,0.01,0.01,0.01,2456756,SOL-USD,20054.43867229791
2024-10-01,0.01,0.01,0.01,0.01,8276087,SOL-USD,76159.2463941592
2024-10-02,0.01,0.01,0.01,0.01,1501548,SOL-USD,16687.189054748444
2024-10-03,0.01,0.01,0.01,0.01,1100510,SOL-USD,10735.661191623705
2024-10-04,0.01,0.01,0.01,0.01,4153485,SOL-USD,38058.80417848417
2024-10-05,0.01,0.01,0.01,0.01,3250333,SOL-USD,29965.367727046138
2024-10-06,0.01,0.01,0.01,0.01,2435836,SOL-USD,24888.76403430639
2024-10-07,0.01,0.01,0.01,0.01,11885027,SOL-USD,109451.24254732481
2024-10-08,0.01,0.01,0.01,0.01,11217934,SOL-USD,118048.44280654342
2024-10-09,0.01,0.01,0.01,0.01,4816316,SOL-USD,57592.63042290597
2024-10-10,0.01,0.01,0.01,0.01,5493528,SOL-USD,44853.03877599868
2024-10-11,0.01,0.01,0.01,0.01,3459338,SOL-USD,30009.573883922494
2024-10-12,0.01,0.01,0.01,0.01,1766845,SOL-USD,15400.581083424744
2024-10-13,0.01,0.01,0.01,0.01,7402917,SOL-USD,72461.83382725727
2024-10-14,0.01,0.01,0.01,0.01,2352543,SOL-USD,19210.101204440725
2024-10-15,0.01,0.01,0.01,0.01,2086986,SOL-USD,20682.211389786175
2024-10-16,0.01,0.01,0.01,0.01,9363975,SOL-USD,109705.51284604344
2024-10-17,0.01,0.01,0.01,0.01,6032063,SOL-USD,48535.52524612787
2024-10-18,0.01,0.01,0.01,0.01,1946258,SOL-USD,18411.124759080387
2024-10-19,0.01,0.01,0.01,0.01,2265313,SOL-USD,25017.154214328028
2024-10-20,0.01,0.01,0.01,0.01,1846329,SOL-USD,15911.62270522733
2024-10-21,0.01,0.01,0.01,0.01,2242505,SOL-USD,18635.745803843132
2024-10-22,0.01,0.01,0.01,0.01,6648977,SOL-USD,69967.94394541171
2024-10-23,0.01,0.01,0.01,0.01,2228733,SOL-USD,17918.575677514546
2024-10-24,0.01,0.01,0.01,0.01,5032235,SOL-USD,56396.67011052573
2024-10-25,0.01,0.01,0.01,0.01,4649182,SOL-USD,38436.69847411977
2024-10-26,0.01,0.01,0.01,0.01,3567765,SOL-USD,36025.21109744354
2024-10-27,0.01,0.01,0.01,0.01,2731396,SOL-USD,29937.495468820693
2024-10-28,0.01,0.02,0.01,0.02,1615825,SOL-USD,28981.579247130216
2024-10-29,0.02,0.02,0.01,0.02,3735008,SOL-USD,62853.914664821765
2024-10-30,0.02,0.02,0.02,0.02,2312131,SOL-USD,40242.59874033683
2024-10-31,0.02,0.02,0.02,0.02,2608213,SOL-USD,59564.98242565859
2024-11-01,0.02,0.02,0.02,0.02,2990771,SOL-USD,64738.953829155325
2024-11-02,0.02,0.02,0.02,0.02,3207310,SOL-USD,56399.854833824604
2024-11-03,0.02,0.02,0.02,0.02,1904849,SOL-USD,41390.39987435342
2024-11-04,0.02,0.02,0.02,0.02,3095573,SOL-USD,67077.80220005932
2024-11-05,0.02,0.02,0.02,0.02,9328243,SOL-USD,223708.0652986499
2024-11-06,0.02,0.02,0.02,0.02,3873197,SOL-USD,74103.74092521996
2024-11-07,0.02,0.02,0.02,0.02,2773060,SOL-USD,63555.28504374042
2024-11-08,0.02,0.02,0.02,0.02,5549585,SOL-USD,108613.93306747555
2024-11-09,0.02,0.02,0.02,0.02,2720893,SOL-USD,63075.964064942724
2024-11-10,0.02,0.02,0.02,0.02,5089491,SOL-USD,85161.4553260769
2024-11-11,0.02,0.02,0.02,0.02,3247046,SOL-USD,56506.72139518123
2024-11-12,0.02,0.02,0.02,0.02,6427752,SOL-USD,146550.39885688515
2024-11-13,0.02,0.02,0.02,0.02,1468278,SOL-USD,33116.13313021457
2024-11-14,0.02,0.02,0.02,0.02,3548730,SOL-USD,65450.89648141318
2024-11-15,0.02,0.02,0.02,0.02,1722810,SOL-USD,35790.320883707966
2024-11-16,0.02,0.02,0.02,0.02,1941562,SOL-USD,37009.27390275098
2024-11-17,0.02,0.02,0.02,0.02,2679764,SOL-USD,43097.40848991201
2024-11-18,0.02,0.02,0.02,0.02,2182505,SOL-USD,35375.8590940271
2024-11-19,0.02,0.02,0.02,0.02,1557865,SOL-USD,25602.03274248765
2024-11-20,0.02,0.02,0.02,0.02,977080,SOL-USD,20276.928164387493
2024-11-21,0.02,0.02,0.02,0.02,3758164,SOL-USD,68525.69298101412
2024-11-22,0.02,0.02,0.02,0.02,7800925,SOL-USD,133798.2390322567
2024-11-23,0.02,0.02,0.02,0.02,8558041,SOL-USD,201362.56489950587
2024-11-24,0.02,0.02,0.02,0.02,3732941,SOL-USD,63350.05941130257
2024-11-25,0.02,0.02,0.02,0.02,4585569,SOL-USD,98093.82132323767
2024-11-26,0.02,0.02,0.02,0.02,2251515,SOL-USD,52129.96051222367
2024-11-27,0.02,0.02,0.02,0.02,2147868,SOL-USD,37180.96399769692
2024-11-28,0.02,0.02,0.02,0.02,3839709,SOL-USD,68031.33994736591
2024-11-29,0.02,0.02,0.02,0.02,8540811,SOL-USD,175859.63951611522
2024-11-30,0.02,0.02,0.02,0.02,6688406,SOL-USD,134220.18595734454
2024-12-01,0.02,0.02,0.02,0.02,5597479,SOL-USD,112891.18419556101
2024-12-02,0.02,0.02,0.02,0.02,3313666,SOL-USD,67722.79952874036
2024-12-03,0.02,0.02,0.02,0.02,6888689,SOL-USD,162567.71014599016
2024-12-04,0.02,0.02,0.02,0.02,9047524,SOL-USD,148657.1918144719
2024-12-05,0.02,0.02,0.02,0.02,4775424,SOL-USD,105458.4969319243
2024-12-06,0.02,0.02,0.02,0.02,2352839,SOL-USD,42021.825427112286
2024-12-07,0.02,0.02,0.02,0.02,5951357,SOL-USD,113012.82574499278
2024-12-08,0.02,0.02,0.02,0.02,2660091,SOL-USD,44461.63610063408
2024-12-09,0.02,0.02,0.02,0.02,2732404,SOL-USD,53459.52293233776
2024-12-10,0.02,0.02,0.02,0.02,4001436,SOL-USD,89767.23094357402
2024-12-11,0.02,0.02,0.02,0.02,6183634,SOL-USD,103822.73691619113
2024-12-12,0.02,0.02,0.01,0.01,6885399,SOL-USD,62673.7549583298
2024-12-13,0.01,0.02,0.01,0.02,3025697,SOL-USD,57441.325542071594
2024-12-14,0.02,0.02,0.02,0.02,729589,SOL-USD,12279.85372545208
2024-12-15,0.02,0.02,0.02,0.02,4536846,SOL-USD,100257.64776061289
2024-12-16,0.02,0.02,0.02,0.02,6087529,SOL-USD,135724.96684589915
2024-12-17,0.02,0.02,0.02,0.02,3258275,SOL-USD,73921.0061911322
2024-12-18,0.02,0.02,0.02,0.02,1466025,SOL-USD,30304.45146920946
2024-12-19,0.02,0.02,0.01,0.01,6261301,SOL-USD,62794.30774501731
2024-12-20,0.01,0.01,0.01,0.01,3109804,SOL-USD,28144.378580545002
2024-12-21,0.01,0.01,0.01,0.01,2561583,SOL-USD,27205.630045304097
2024-12-22,0.01,0.01,0.01,0.01,4714029,SOL-USD,46094.97265488526
2024-12-23,0.01,0.01,0.01,0.01,4513675,SOL-USD,53636.47677880542
2024-12-24,0.01,0.01,0.01,0.01,3338825,SOL-USD,39640.927635942964
2024-12-25,0.01,0.02,0.01,0.02,5171247,SOL-USD,120188.2665783694
2024-12-26,0.02,0.02,0.02,0.02,2538794,SOL-USD,47934.24114444767
2024-12-27,0.02,0.02,0.01,0.01,2512421,SOL-USD,23797.3748970124
2024-12-28,0.01,0.01,0.01,0.01,3184212,SOL-USD,36334.064484103874
2024-12-29,0.01,0.02,0.01,0.01,3566482,SOL-USD,38933.642438508665
2024-12-30,0.01,0.02,0.01,0.01,3080157,SOL-USD,33319.42548684734
2021-01-01,0.18,0.19,0.18,0.19,3020042,ADA-USD,494948.85588714445
2021-01-02,0.19,0.2,0.19,0.2,3437616,ADA-USD,581036.9852826229
2021-01-03,0.2,0.23,0.2,0.23,5003029,ADA-USD,1238646.1993755111
2021-01-04,0.23,0.23,0.22,0.22,5218456,ADA-USD,1155877.3882088333
2021-01-05,0.22,0.22,0.21,0.21,1779781,ADA-USD,354593.39278174174
2021-01-06,0.21,0.23,0.21,0.23,2977433,ADA-USD,746436.7177196974
2021-01-07,0.23,0.25,0.23,0.24,1562599,ADA-USD,368374.8979634696
2021-01-08,0.24,0.25,0.24,0.24,2040888,ADA-USD,482979.56721428555
2021-01-09,0.24,0.29,0.24,0.28,4043333,ADA-USD,912835.0731338646
2021-01-10,0.28,0.28,0.26,0.26,4668745,ADA-USD,1124537.0797828343
2021-01-11,0.26,0.27,0.26,0.27,4501788,ADA-USD,974834.0133499464
2021-01-12,0.27,0.27,0.27,0.27,3950503,ADA-USD,1247472.0987795326
2021-01-13,0.27,0.27,0.25,0.25,4905774,ADA-USD,1125354.6749973511
2021-01-14,0.25,0.25,0.25,0.25,3959056,ADA-USD,863280.1148934604
2021-01-15,0.25,0.3,0.25,0.3,1742707,ADA-USD,437258.5627457072
2021-01-16,0.3,0.32,0.3,0.32,1856446,ADA-USD,486332.0596111896
2021-01-17,0.32,0.33,0.32,0.33,3537318,ADA-USD,1347552.6218910203
2021-01-18,0.33,0.34,0.32,0.33,5241299,ADA-USD,1500288.7944679344
2021-01-19,0.33,0.36,0.32,0.35,2837863,ADA-USD,1039928.879232369
2021-01-20,0.35,0.39,0.35,0.39,2923245,ADA-USD,1209024.9727175934
2021-01-21,0.39,0.4,0.37,0.37,5979822,ADA-USD,2051058.4833318673
2021-01-22,0.37,0.39,0.37,0.38,3133564,ADA-USD,1349480.043744524
2021-01-23,0.38,0.41,0.38,0.41,2687410,ADA-USD,975801.1571537037
2021-01-24,0.41,0.42,0.4,0.42,3188506,ADA-USD,1109615.8331513712
2021-01-25,0.42,0.42,0.4,0.41,3637032,ADA-USD,1233829.9308802437
2021-01-26,0.41,0.42,0.41,0.41,2512234,ADA-USD,947790.5202156821
2021-01-27,0.41,0.43,0.41,0.43,1672336,ADA-USD,708532.6349573466
2021-01-28,0.43,0.43,0.4,0.41,3488434,ADA-USD,1504267.0433898824
2021-01-29,0.41,0.43,0.41,0.42,6489148,ADA-USD,2974774.657083183
2021-01-30,0.42,0.42,0.41,0.41,8441554,ADA-USD,3016212.1180415684
2021-01-31,0.41,0.42,0.4,0.4,5443089,ADA-USD,2337413.1100289584
2021-02-01,0.4,0.42,0.4,0.41,2992187,ADA-USD,1071013.1472883497
2021-02-02,0.41,0.44,0.41,0.44,3044975,ADA-USD,1606242.505937151
2021-02-03,0.44,0.44,0.41,0.41,4577996,ADA-USD,2221642.677919952
2021-02-04,0.41,0.42,0.38,0.39,3921755,ADA-USD,1286239.8253989108
2021-02-05,0.39,0.39,0.37,0.38,2995907,ADA-USD,1209082.9162415385
2021-02-06,0.38,0.4,0.37,0.39,2008200,ADA-USD,909533.1296040332
2021-02-07,0.39,0.39,0.38,0.39,5123424,ADA-USD,1663010.040128834
2021-02-08,0.39,0.39,0.38,0.39,2906996,ADA-USD,963207.3025242392
2021-02-09,0.39,0.39,0.38,0.38,4002790,ADA-USD,1427969.8565572747
2021-02-10,0.38,0.39,0.37,0.39,2582419,ADA-USD,844279.6602658198
2021-02-11,0.39,0.39,0.36,0.37,2636737,ADA-USD,1126065.0441032662
2021-02-12,0.37,0.37,0.35,0.36,4287516,ADA-USD,1775368.0116642828
2021-02-13,0.36,0.36,0.32,0.32,3784332,ADA-USD,1428340.1938122723
2021-02-14,0.32,0.32,0.31,0.31,2141177,ADA-USD,585438.5128482737
2021-02-15,0.31,0.31,0.31,0.31,4329884,ADA-USD,1098160.5419549712
2021-02-16,0.31,0.31,0.3,0.3,3132191,ADA-USD,918845.0095609309
2021-02-17,0.3,0.3,0.29,0.3,2547054,ADA-USD,880430.9723507016
2021-02-18,0.3,0.33,0.3,0.33,4216884,ADA-USD,1468635.180236282
2021-02-19,0.33,0.33,0.31,0.32,5829407,ADA-USD,2237236.6006339355
2021-02-20,0.32,0.36,0.31,0.35,4428521,ADA-USD,1801505.2414431993
2021-02-21,0.35,0.36,0.35,0.36,2374349,ADA-USD,818096.342627224
2021-02-22,0.36,0.36,0.35,0.36,6232797,ADA-USD,1830527.3705987711
2021-02-23,0.36,0.36,0.35,0.35,606886,ADA-USD,170367.45489435855
2021-02-24,0.35,0.37,0.35,0.36,1517357,ADA-USD,577757.4781659384
2021-02-25,0.36,0.38,0.36,0.38,1320612,ADA-USD,585290.5124255014
2021-02-26,0.38,0.38,0.38,0.38,8832606,ADA-USD,3281516.1784642045
2021-02-27,0.38,0.39,0.38,0.38,2712204,ADA-USD,1184941.3020162513
2021-02-28,0.38,0.39,0.35,0.35,4911350,ADA-USD,1764862.7913179025
2021-03-01,0.35,0.37,0.35,0.37,2355370,ADA-USD,731358.6660489826
2021-03-02,0.37,0.37,0.36,0.36,3157243,ADA-USD,1272234.4705919393
2021-03-03,0.36,0.38,0.36,0.37,3136775,ADA-USD,1157168.5842293233
2021-03-04,0.37,0.43,0.37,0.43,1329068,ADA-USD,468872.58481431036
2021-03-05,0.43,0.44,0.42,0.44,5170346,ADA-USD,2561235.4767461363
2021-03-06,0.44,0.46,0.43,0.46,3091435,ADA-USD,1568620.0457380307
2021-03-07,0.46,0.46,0.45,0.45,1831354,ADA-USD,810029.3129822604
2021-03-08,0.45,0.5,0.45,0.49,1327827,ADA-USD,525573.831280179
2021-03-09,0.49,0.49,0.47,0.48,3695353,ADA-USD,1665169.856079498
2021-03-10,0.48,0.5,0.47,0.49,4233067,ADA-USD,2020232.7414996463
2021-03-11,0.49,0.5,0.46,0.47,7641020,ADA-USD,3110500.2905481555
2021-03-12,0.47,0.49,0.45,0.48,3208434,ADA-USD,1331159.1440362255
2021-03-13,0.48,0.48,0.47,0.47,6481223,ADA-USD,2640400.9436462247
2021-03-14,0.47,0.48,0.45,0.45,4798623,ADA-USD,2047591.026524973
2021-03-15,0.45,0.46,0.45,0.46,6336625,ADA-USD,3285084.4767525177
2021-03-16,0.46,0.48,0.45,0.47,1003947,ADA-USD,520806.746729864
2021-03-17,0.47,0.5,0.47,0.49,4218097,ADA-USD,1661856.071220964
2021-03-18,0.49,0.5,0.36,0.37,1142646,ADA-USD,339853.89401593554
2021-03-19,0.37,0.39,0.36,0.38,6068616,ADA-USD,1916528.755506288
2021-03-20,0.38,0.38,0.35,0.35,5536809,ADA-USD,1911978.9126001874
2021-03-21,0.35,0.36,0.35,0.35,5064149,ADA-USD,2048162.1909518007
2021-03-22,0.35,0.37,0.35,0.36,7124735,ADA-USD,2238912.526758623
2021-03-23,0.36,0.37,0.33,0.33,2895954,ADA-USD,946794.6681765768
2021-03-24,0.33,0.34,0.32,0.32,1339628,ADA-USD,349931.8351298176
2021-03-25,0.32,0.34,0.32,0.34,5409981,ADA-USD,1486470.168248297
2021-03-26,0.34,0.34,0.33,0.33,2022323,ADA-USD,535890.6481306892
2021-03-27,0.33,0.35,0.33,0.35,4102365,ADA-USD,1571760.9652352855
2021-03-28,0.35,0.39,0.34,0.39,2115694,ADA-USD,667959.8996544586
2021-03-29,0.39,0.39,0.39,0.39,1156395,ADA-USD,410190.9173077994
2021-03-30,0.39,0.4,0.38,0.38,14670162,ADA-USD,5898098.846806777
2021-03-31,0.38,0.38,0.36,0.36,5115561,ADA-USD,1929005.0499264104
2021-04-01,0.36,0.37,0.32,0.32,1530419,ADA-USD,402589.77141513606
2021-04-02,0.32,0.35,0.32,0.35,1824957,ADA-USD,576564.7681303164
2021-04-03,0.35,0.36,0.35,0.36,3230403,ADA-USD,1227754.7014040572
2021-04-04,0.36,0.36,0.35,0.35,3004103,ADA-USD,1006117.3757774574
2021-04-05,0.35,0.36,0.34,0.34,1684841,ADA-USD,565014.63310502
2021-04-06,0.34,0.35,0.34,0.34,2402591,ADA-USD,721170.502722083
2021-04-07,0.34,0.36,0.34,0.36,4073273,ADA-USD,1195249.2907359898
2021-04-08,0.36,0.36,0.36,0.36,3507442,ADA-USD,1184495.4565317594
2021-04-09,0.36,0.38,0.36,0.37,2126997,ADA-USD,844591.4295707038
2021-04-10,0.37,0.37,0.37,0.37,5577171,ADA-USD,2283552.3920832616
2021-04-11,0.37,0.4,0.37,0.39,4636954,ADA-USD,1875344.9490563124
2021-04-12,0.39,0.41,0.39,0.41,3308538,ADA-USD,1298551.3873456116
2021-04-13,0.41,0.42,0.41,0.42,2265112,ADA-USD,982983.4379323869
2021-04-14,0.42,0.45,0.41,0.44,1807957,ADA-USD,860728.562628153
2021-04-15,0.44,0.45,0.44,0.45,2508602,ADA-USD,1244138.4437729937
2021-04-16,0.45,0.45,0.42,0.42,4228954,ADA-USD,1488057.3443138595
2021-04-17,0.42,0.43,0.42,0.43,3212240,ADA-USD,1548663.314735857
2021-04-18,0.43,0.43,0.42,0.43,1811378,ADA-USD,642890.5394144222
2021-04-19,0.43,0.43,0.42,0.42,3022214,ADA-USD,1457422.9687630078
2021-04-20,0.42,0.47,0.42,0.47,3510368,ADA-USD,1578757.3930365525
2021-04-21,0.47,0.47,0.44,0.44,2424029,ADA-USD,1086591.176991334
2021-04-22,0.44,0.45,0.44,0.44,3036707,ADA-USD,1223905.0338402442
2021-04-23,0.44,0.46,0.44,0.45,2491913,ADA-USD,1088466.396241587
2021-04-24,0.45,0.46,0.45,0.45,2872890,ADA-USD,1471307.168261268
2021-04-25,0.45,0.46,0.42,0.43,1566950,ADA-USD,618725.5127260862
2021-04-26,0.43,0.43,0.41,0.41,1294638,ADA-USD,544428.3697917967
2021-04-27,0.41,0.45,0.41,0.44,7248554,ADA-USD,3376999.276099873
2021-04-28,0.44,0.53,0.44,0.52,5757620,ADA-USD,2570506.1791944653
2021-04-29,0.52,0.52,0.47,0.47,2298814,ADA-USD,1200508.3112835719
2021-04-30,0.47,0.48,0.47,0.47,2909268,ADA-USD,1640317.161452839
2021-05-01,0.47,0.5,0.47,0.49,2285022,ADA-USD,965175.1399529278
2021-05-02,0.49,0.5,0.49,0.5,1770126,ADA-USD,979900.8512347878
2021-05-03,0.5,0.52,0.49,0.51,3711276,ADA-USD,1625549.69177157
2021-05-04,0.51,0.53,0.51,0.53,2837726,ADA-USD,1774868.001757285
2021-05-05,0.53,0.54,0.51,0.54,1559772,ADA-USD,812286.9674328867
2021-05-06,0.54,0.56,0.54,0.55,5302292,ADA-USD,3476085.768499414
2021-05-07,0.55,0.62,0.55,0.61,5923621,ADA-USD,2988892.9386643274
2021-05-08,0.61,0.63,0.61,0.62,3105629,ADA-USD,2149602.4884683313
2021-05-09,0.62,0.62,0.59,0.59,4490588,ADA-USD,2621233.5949238604
2021-05-10,0.59,0.6,0.56,0.57,3959700,ADA-USD,2066981.7712705303
2021-05-11,0.57,0.63,0.56,0.63,2344433,ADA-USD,1623444.3555129566
2021-05-12,0.63,0.72,0.62,0.72,1364411,ADA-USD,1035553.4018171076
2021-05-13,0.72,0.78,0.71,0.76,3277985,ADA-USD,2892746.4149732646
2021-05-14,0.76,0.76,0.74,0.74,1115300,ADA-USD,742396.8441015836
2021-05-15,0.74,0.75,0.72,0.72,4241533,ADA-USD,3591079.7860259507
2021-05-16,0.72,0.74,0.72,0.74,1473500,ADA-USD,1152266.6741783223
2021-05-17,0.74,0.84,0.73,0.83,3392033,ADA-USD,2759568.464782363
2021-05-18,0.83,0.83,0.81,0.83,2803529,ADA-USD,1910996.374437057
2021-05-19,0.83,0.89,0.83,0.89,2736606,ADA-USD,2693922.340916853
2021-05-20,0.89,0.9,0.8,0.8,4989233,ADA-USD,4563594.159982714
2021-05-21,0.8,0.82,0.77,0.77,1906303,ADA-USD,1649623.2287234745
2021-05-22,0.77,0.79,0.77,0.79,1619076,ADA-USD,1399643.4162399166
2021-05-23,0.79,0.8,0.78,0.78,6226953,ADA-USD,5768999.745573768
2021-05-24,0.78,0.78,0.76,0.77,1965358,ADA-USD,1724648.1470745085
2021-05-25,0.77,0.81,0.77,0.79,3996753,ADA-USD,3697834.9297364363
2021-05-26,0.79,0.81,0.78,0.8,1646393,ADA-USD,1438541.186938253
2021-05-27,0.8,0.8,0.78,0.78,1466571,ADA-USD,1290442.6185813635
2021-05-28,0.78,0.78,0.72,0.73,836721,ADA-USD,559292.931256318
2021-05-29,0.73,0.74,0.71,0.73,2485557,ADA-USD,1937040.6963497999
2021-05-30,0.73,0.78,0.73,0.77,1425035,ADA-USD,968034.749097078
2021-05-31,0.77,0.78,0.76,0.76,2494851,ADA-USD,1569406.5409800834
2021-06-01,0.76,0.76,0.68,0.68,3321307,ADA-USD,2330088.6335419654
2021-06-02,0.68,0.69,0.68,0.68,6097039,ADA-USD,4615161.236559866
2021-06-03,0.68,0.69,0.68,0.69,4732136,ADA-USD,2720226.4853443466
2021-06-04,0.69,0.69,0.66,0.66,4138251,ADA-USD,2383046.474303527
2021-06-05,0.66,0.66,0.66,0.66,4552377,ADA-USD,2515385.815938733
2021-06-06,0.66,0.69,0.66,0.68,2121674,ADA-USD,1520171.797064536
2021-06-07,0.68,0.69,0.68,0.68,3743408,ADA-USD,2117363.5238483786
2021-06-08,0.68,0.69,0.66,0.67,1944665,ADA-USD,1090963.3153295217
2021-06-09,0.67,0.67,0.65,0.66,3963870,ADA-USD,2369364.335492858
2021-06-10,0.66,0.76,0.65,0.75,2921197,ADA-USD,1989540.9827420332
2021-06-11,0.75,0.76,0.74,0.75,7437665,ADA-USD,5706556.559681387
2021-06-12,0.75,0.75,0.75,0.75,6865423,ADA-USD,4185545.6926238993
2021-06-13,0.75,0.75,0.57,0.58,3032102,ADA-USD,1839758.1175837931
2021-06-14,0.58,0.59,0.58,0.59,2483962,ADA-USD,1413779.5797737797
2021-06-15,0.59,0.59,0.55,0.56,1436112,ADA-USD,700874.2677332802
2021-06-16,0.56,0.58,0.55,0.58,3981773,ADA-USD,2451085.2508226167
2021-06-17,0.58,0.61,0.58,0.59,2177277,ADA-USD,1197073.5463199627
2021-06-18,0.59,0.62,0.58,0.61,3404068,ADA-USD,2348491.769899747
2021-06-19,0.61,0.66,0.6,0.66,3602469,ADA-USD,2843105.196769783
2021-06-20,0.66,0.67,0.65,0.65,3748033,ADA-USD,2708131.9112929744
2021-06-21,0.65,0.73,0.65,0.73,1445833,ADA-USD,1158044.3970417904
2021-06-22,0.73,0.77,0.73,0.76,4346637,ADA-USD,3112047.131765381
2021-06-23,0.76,0.76,0.75,0.75,1270216,ADA-USD,965849.0106027919
2021-06-24,0.75,0.75,0.73,0.74,2489533,ADA-USD,1512624.5028253954
2021-06-25,0.74,0.77,0.73,0.76,7302228,ADA-USD,6054349.608949932
2021-06-26,0.76,0.84,0.75,0.82,3321724,ADA-USD,2914524.5441918597
2021-06-27,0.82,0.83,0.77,0.78,3003249,ADA-USD,2126413.8952476354
2021-06-28,0.78,0.8,0.77,0.77,4273214,ADA-USD,3335303.440662952
2021-06-29,0.77,0.81,0.77,0.81,4376072,ADA-USD,3798857.99416299
2021-06-30,0.81,0.82,0.8,0.82,4492625,ADA-USD,3489283.727470839
2021-07-01,0.82,0.85,0.8,0.83,1917192,ADA-USD,1734870.648972889
2021-07-02,0.83,0.85,0.82,0.85,1102973,ADA-USD,1048797.4822682901
2021-07-03,0.85,0.88,0.85,0.88,3118512,ADA-USD,2440812.334369978
2021-07-04,0.88,0.97,0.87,0.96,1186931,ADA-USD,1048869.0648273984
2021-07-05,0.96,0.98,0.96,0.98,4317356,ADA-USD,4064413.6175125088
2021-07-06,0.98,1.03,0.97,1.01,4418325,ADA-USD,3990692.8646766944
2021-07-07,1.01,1.12,1.01,1.11,2551927,ADA-USD,3144917.6461591027
2021-07-08,1.11,1.17,1.11,1.17,4197336,ADA-USD,5052007.620691067
2021-07-09,1.17,1.27,1.17,1.26,1118035,ADA-USD,1341163.2909367222
2021-07-10,1.26,1.37,1.26,1.35,4519600,ADA-USD,4920368.337165879
2021-07-11,1.35,1.46,1.35,1.44,2677562,ADA-USD,3587134.5665793163
2021-07-12,1.44,1.44,1.13,1.13,3349192,ADA-USD,4293995.354185622
2021-07-13,1.13,1.16,1.13,1.13,5629037,ADA-USD,6980384.26091497
2021-07-14,1.13,1.14,1.12,1.12,1500395,ADA-USD,1389644.5868171034
2021-07-15,1.12,1.13,1.1,1.11,3585831,ADA-USD,4460206.261124068
2021-07-16,1.11,1.12,1.08,1.08,3143096,ADA-USD,2958758.582483955
2021-07-17,1.08,1.08,1.06,1.07,4185408,ADA-USD,5350872.434584983
2021-07-18,1.07,1.08,0.93,0.94,1540690,ADA-USD,1661747.609990403
2021-07-19,0.94,0.94,0.92,0.92,3371413,ADA-USD,3614423.998210985
2021-07-20,0.92,0.95,0.92,0.92,2684988,ADA-USD,2736426.317088441
2021-07-21,0.92,1.01,0.92,1.01,6080069,ADA-USD,6658610.849945596
2021-07-22,1.01,1.02,0.97,0.98,5718974,ADA-USD,5031664.438554491
2021-07-23,0.98,1.05,0.98,1.04,3098679,ADA-USD,3333998.0771469916
2021-07-24,1.04,1.04,0.98,1.0,746241,ADA-USD,804873.1117520895
2021-07-25,1.0,1.11,0.98,1.1,2077118,ADA-USD,2091155.118228779
2021-07-26,1.1,1.12,1.05,1.07,2246023,ADA-USD,2305488.308775924
2021-07-27,1.07,1.08,1.06,1.07,3509679,ADA-USD,4426889.832221396
2021-07-28,1.07,1.07,1.0,1.0,5423545,ADA-USD,5223866.348314992
2021-07-29,1.0,1.01,0.96,0.96,2419299,ADA-USD,2151013.500561028
2021-07-30,0.96,0.96,0.9,0.91,6350422,ADA-USD,4870934.657422405
2021-07-31,0.91,0.97,0.9,0.97,7964127,ADA-USD,7234935.099837539
2021-08-01,0.97,0.97,0.86,0.87,4417841,ADA-USD,4015931.326694376
2021-08-02,0.87,0.89,0.84,0.85,5459489,ADA-USD,3986676.716592077
2021-08-03,0.85,0.86,0.82,0.83,1142261,ADA-USD,988004.4924388466
2021-08-04,0.83,0.91,0.81,0.88,1330730,ADA-USD,1284022.4984662298
2021-08-05,0.88,0.88,0.88,0.88,9278587,ADA-USD,9041258.164444698
2021-08-06,0.88,0.89,0.85,0.86,3851456,ADA-USD,3954575.4630125966
2021-08-07,0.86,0.94,0.86,0.93,4849624,ADA-USD,4392095.574878997
2021-08-08,0.93,0.94,0.92,0.93,3814517,ADA-USD,2884022.5726694753
2021-08-09,0.93,0.95,0.92,0.95,4001951,ADA-USD,4341244.992252693
2021-08-10,0.95,0.96,0.86,0.86,2297557,ADA-USD,1646725.5300298077
2021-08-11,0.86,0.88,0.86,0.87,6712715,ADA-USD,6684902.260623982
2021-08-12,0.87,0.9,0.85,0.89,4154346,ADA-USD,4411256.391515039
2021-08-13,0.89,0.89,0.84,0.85,2102118,ADA-USD,2077564.8973025747
2021-08-14,0.85,0.87,0.84,0.87,2104470,ADA-USD,2170709.5672298544
2021-08-15,0.87,0.87,0.77,0.78,6543590,ADA-USD,4130842.799536443
2021-08-16,0.78,0.82,0.77,0.81,2957627,ADA-USD,1927437.6698778844
2021-08-17,0.81,0.86,0.81,0.84,1617152,ADA-USD,1200994.1904549676
2021-08-18,0.84,0.84,0.83,0.83,9020271,ADA-USD,8381387.599551051
2021-08-19,0.83,0.84,0.79,0.8,6110058,ADA-USD,4085262.31014386
2021-08-20,0.8,0.81,0.79,0.79,5143407,ADA-USD,4463961.700851972
2021-08-21,0.79,0.83,0.78,0.83,2666581,ADA-USD,1781729.26631487
2021-08-22,0.83,0.84,0.82,0.83,1052931,ADA-USD,954718.8286263577
2021-08-23,0.83,0.84,0.76,0.76,1852848,ADA-USD,1267387.0324499805
2021-08-24,0.76,0.77,0.73,0.74,3469694,ADA-USD,2506402.5120669715
2021-08-25,0.74,0.81,0.74,0.8,1747750,ADA-USD,1664699.9486146148
2021-08-26,0.8,0.88,0.79,0.88,5331705,ADA-USD,4788994.834949779
2021-08-27,0.88,0.89,0.87,0.89,4088011,ADA-USD,3019266.0285047735
2021-08-28,0.89,0.95,0.89,0.94,6254775,ADA-USD,6757017.841826817
2021-08-29,0.94,0.95,0.92,0.94,2684570,ADA-USD,2345505.889490453
2021-08-30,0.94,0.95,0.88,0.89,3561444,ADA-USD,3277902.459208558
2021-08-31,0.89,0.9,0.82,0.82,2770797,ADA-USD,2464516.465705651
2021-09-01,0.82,0.84,0.77,0.77,3410227,ADA-USD,2917360.7607674645
2021-09-02,0.77,0.77,0.76,0.77,3529288,ADA-USD,2644172.8315795395
2021-09-03,0.77,0.77,0.74,0.75,5146294,ADA-USD,4281337.214853455
2021-09-04,0.75,0.77,0.74,0.76,6797692,ADA-USD,4374558.61235208
2021-09-05,0.76,0.77,0.63,0.64,9359996,ADA-USD,6051904.063917144
2021-09-06,0.64,0.64,0.62,0.63,1323557,ADA-USD,674372.325009521
2021-09-07,0.63,0.65,0.61,0.64,1715967,ADA-USD,1057044.930367862
2021-09-08,0.64,0.66,0.61,0.62,2169463,ADA-USD,1272307.7139721815
2021-09-09,0.62,0.63,0.6,0.61,3460892,ADA-USD,2514906.8649054556
2021-09-10,0.61,0.62,0.57,0.57,11556910,ADA-USD,6318272.298581994
2021-09-11,0.57,0.64,0.57,0.63,3455578,ADA-USD,2531512.3074329835
2021-09-12,0.63,0.63,0.53,0.53,4461481,ADA-USD,2303389.275123725
2021-09-13,0.53,0.53,0.5,0.5,3868189,ADA-USD,1959924.5679818112
2021-09-14,0.5,0.51,0.47,0.48,2307885,ADA-USD,1041635.0372402909
2021-09-15,0.48,0.48,0.47,0.48,1917728,ADA-USD,972063.6919234693
2021-09-16,0.48,0.49,0.47,0.49,1372875,ADA-USD,737052.0798457848
2021-09-17,0.49,0.54,0.49,0.54,3857856,ADA-USD,2325781.6638737544
2021-09-18,0.54,0.54,0.53,0.53,3339012,ADA-USD,1906960.4517664942
2021-09-19,0.53,0.55,0.53,0.54,4988742,ADA-USD,2510677.563575357
2021-09-20,0.54,0.55,0.52,0.53,2024142,ADA-USD,1000100.8849343252
2021-09-21,0.53,0.53,0.5,0.51,3904231,ADA-USD,1870021.9984926314
2021-09-22,0.51,0.52,0.48,0.49,4074196,ADA-USD,1627294.8136733568
2021-09-23,0.49,0.5,0.48,0.5,4248675,ADA-USD,2500814.2651068545
2021-09-24,0.5,0.51,0.48,0.48,4874162,ADA-USD,2054845.5345782312
2021-09-25,0.48,0.48,0.44,0.44,2015484,ADA-USD,765925.7135528903
2021-09-26,0.44,0.46,0.43,0.46,5304979,ADA-USD,2491394.382445388
2021-09-27,0.46,0.46,0.43,0.44,4076015,ADA-USD,1468772.1644511323
2021-09-28,0.44,0.46,0.43,0.45,736526,ADA-USD,376226.1696461696
2021-09-29,0.45,0.48,0.45,0.48,3075161,ADA-USD,1698197.7161622506
2021-09-30,0.48,0.49,0.47,0.48,2022750,ADA-USD,931232.6147088778
2021-10-01,0.48,0.48,0.42,0.42,4089864,ADA-USD,2041653.3076004575
2021-10-02,0.42,0.42,0.4,0.4,1259150,ADA-USD,468254.1665844701
2021-10-03,0.4,0.41,0.39,0.39,6109210,ADA-USD,2154088.1130040665
2021-10-04,0.39,0.39,0.38,0.38,5290513,ADA-USD,2404182.410154723
2021-10-05,0.38,0.38,0.38,0.38,2938445,ADA-USD,1005084.4965025327
2021-10-06,0.38,0.38,0.36,0.36,3910744,ADA-USD,1376473.76282027
2021-10-07,0.36,0.36,0.35,0.36,2012015,ADA-USD,756736.9333134515
2021-10-08,0.36,0.37,0.35,0.35,2145160,ADA-USD,697507.8211797684
2021-10-09,0.35,0.37,0.35,0.36,3897914,ADA-USD,1338260.0332630735
2021-10-10,0.36,0.4,0.36,0.4,2394756,ADA-USD,1042488.6279286899
2021-10-11,0.4,0.4,0.39,0.39,3230833,ADA-USD,1372431.7407021606
2021-10-12,0.39,0.42,0.39,0.42,3110816,ADA-USD,1465218.9300749195
2021-10-13,0.42,0.43,0.42,0.43,1330518,ADA-USD,593566.2986220366
2021-10-14,0.43,0.43,0.4,0.4,2889421,ADA-USD,1032574.5178252526
2021-10-15,0.4,0.41,0.4,0.4,4329562,ADA-USD,1616214.6676604943
2021-10-16,0.4,0.41,0.4,0.41,1581487,ADA-USD,752338.5185266522
2021-10-17,0.41,0.48,0.4,0.46,4942401,ADA-USD,2486057.475130752
2021-10-18,0.46,0.47,0.46,0.46,4193139,ADA-USD,1610992.352723833
2021-10-19,0.46,0.46,0.4,0.41,4812045,ADA-USD,2173086.320831765
2021-10-20,0.41,0.41,0.4,0.41,2234681,ADA-USD,854157.3164801601
2021-10-21,0.41,0.41,0.37,0.37,1777127,ADA-USD,532138.6326653921
2021-10-22,0.37,0.38,0.35,0.36,1623549,ADA-USD,580674.2858725531
2021-10-23,0.36,0.37,0.36,0.37,4395962,ADA-USD,1875944.419310784
2021-10-24,0.37,0.37,0.36,0.36,1502871,ADA-USD,528990.0221216278
2021-10-25,0.36,0.39,0.36,0.39,3890541,ADA-USD,1813975.7528952337
2021-10-26,0.39,0.4,0.39,0.39,2901799,ADA-USD,985973.0712342577
2021-10-27,0.39,0.42,0.39,0.41,2516603,ADA-USD,970269.1730976441
2021-10-28,0.41,0.42,0.4,0.4,2397688,ADA-USD,773635.635751742
2021-10-29,0.4,0.41,0.4,0.41,4893391,ADA-USD,1645442.065883022
2021-10-30,0.41,0.41,0.38,0.39,3860417,ADA-USD,1417828.62770359
2021-10-31,0.39,0.39,0.38,0.38,2474898,ADA-USD,951140.4182955191
2021-11-01,0.38,0.41,0.38,0.41,3479879,ADA-USD,1276709.9537371434
2021-11-02,0.41,0.42,0.41,0.41,4193971,ADA-USD,1490115.8088499245
2021-11-03,0.41,0.43,0.41,0.42,3920673,ADA-USD,1594432.4336029873
2021-11-04,0.42,0.43,0.37,0.38,5783713,ADA-USD,1908293.8337258303
2021-11-05,0.38,0.38,0.36,0.37,6796866,ADA-USD,2646514.092864561
2021-11-06,0.37,0.37,0.36,0.37,9147509,ADA-USD,4000962.90461398
2021-11-07,0.37,0.37,0.36,0.36,3009089,ADA-USD,1216100.0021696726
2021-11-08,0.36,0.39,0.36,0.39,3087946,ADA-USD,1067111.8445348765
2021-11-09,0.39,0.39,0.38,0.39,3016851,ADA-USD,1388889.1394262644
2021-11-10,0.39,0.39,0.36,0.37,6844666,ADA-USD,2786921.4695336986
2021-11-11,0.37,0.37,0.36,0.37,2269131,ADA-USD,723707.2506386992
2021-11-12,0.37,0.37,0.36,0.37,5811132,ADA-USD,2218433.0011731707
2021-11-13,0.37,0.37,0.36,0.36,4400082,ADA-USD,1879595.8972670094
2021-11-14,0.36,0.4,0.36,0.4,1644083,ADA-USD,551559.1006522188
2021-11-15,0.4,0.42,0.4,0.41,4624604,ADA-USD,1722409.7852361999
2021-11-16,0.41,0.41,0.4,0.41,2618231,ADA-USD,1019410.9785420869
2021-11-17,0.41,0.41,0.4,0.41,2248433,ADA-USD,780110.6044637887
2021-11-18,0.41,0.43,0.4,0.42,1675234,ADA-USD,647098.2086030015
2021-11-19,0.42,0.45,0.41,0.44,3244052,ADA-USD,1537191.568579315
2021-11-20,0.44,0.44,0.42,0.42,1855501,ADA-USD,772215.2000747493
2021-11-21,0.42,0.42,0.31,0.31,2459501,ADA-USD,738374.6413455507
2021-11-22,0.31,0.33,0.31,0.33,3211010,ADA-USD,1030785.5289007042
2021-11-23,0.33,0.33,0.31,0.31,4810880,ADA-USD,1646268.124201505
2021-11-24,0.31,0.35,0.31,0.34,2251158,ADA-USD,915803.0515661514
2021-11-25,0.34,0.34,0.3,0.31,2349659,ADA-USD,754221.9605903457
2021-11-26,0.31,0.34,0.3,0.33,3352356,ADA-USD,1217591.2040449798
2021-11-27,0.33,0.34,0.32,0.33,2420428,ADA-USD,758024.5678293115
2021-11-28,0.33,0.33,0.31,0.32,2392406,ADA-USD,876007.9954219
2021-11-29,0.32,0.33,0.32,0.33,3867854,ADA-USD,1235713.6360286595
2021-11-30,0.33,0.34,0.33,0.34,3166257,ADA-USD,1263896.1188038853
2021-12-01,0.34,0.35,0.33,0.33,5488688,ADA-USD,1987687.8021830968
2021-12-02,0.33,0.33,0.25,0.25,4143805,ADA-USD,1121911.6673031633
2021-12-03,0.25,0.25,0.23,0.23,3601909,ADA-USD,758894.9064678715
2021-12-04,0.23,0.24,0.23,0.23,3441050,ADA-USD,885191.58744168
2021-12-05,0.23,0.25,0.23,0.25,5621725,ADA-USD,1183531.2005150719
2021-12-06,0.25,0.25,0.23,0.23,2705306,ADA-USD,631684.162852038
2021-12-07,0.23,0.25,0.23,0.24,6493984,ADA-USD,1705295.6548234683
2021-12-08,0.24,0.25,0.24,0.25,2456904,ADA-USD,708470.8685881875
2021-12-09,0.25,0.25,0.22,0.23,3535795,ADA-USD,835890.7085292315
2021-12-10,0.23,0.24,0.23,0.23,2508054,ADA-USD,521087.62850395666
2021-12-11,0.23,0.24,0.23,0.23,4416430,ADA-USD,1157525.3356476414
2021-12-12,0.23,0.23,0.23,0.23,2342291,ADA-USD,596474.2557195929
2021-12-13,0.23,0.23,0.23,0.23,5953745,ADA-USD,1179603.3373770728
2021-12-14,0.23,0.24,0.23,0.24,5482052,ADA-USD,1511671.4855733893
2021-12-15,0.24,0.25,0.24,0.25,2290223,ADA-USD,677877.8922820642
2021-12-16,0.25,0.25,0.25,0.25,2255689,ADA-USD,572433.9253194258
2021-12-17,0.25,0.25,0.24,0.24,2072582,ADA-USD,405569.13573745434
2021-12-18,0.24,0.24,0.24,0.24,1839523,ADA-USD,514880.6024274083
2021-12-19,0.24,0.26,0.24,0.25,3817336,ADA-USD,810331.0524364351
2021-12-20,0.25,0.26,0.25,0.25,1454306,ADA-USD,382936.4772081906
2021-12-21,0.25,0.26,0.25,0.26,2704593,ADA-USD,675321.5967366747
2021-12-22,0.26,0.28,0.25,0.27,2204633,ADA-USD,712404.301466862
2021-12-23,0.27,0.27,0.26,0.26,5559568,ADA-USD,1686690.2367800302
2021-12-24,0.26,0.28,0.26,0.27,2832076,ADA-USD,851680.0469274365
2021-12-25,0.27,0.28,0.25,0.25,6248833,ADA-USD,1374291.530508131
2021-12-26,0.25,0.26,0.25,0.25,3932980,ADA-USD,1061587.2037269615
2021-12-27,0.25,0.25,0.24,0.25,5122818,ADA-USD,1317663.484769263
2021-12-28,0.25,0.28,0.25,0.27,4918063,ADA-USD,1134191.1498506921
2021-12-29,0.27,0.28,0.27,0.28,1957336,ADA-USD,612654.5524587532
2021-12-30,0.28,0.28,0.28,0.28,4686607,ADA-USD,1095180.8983740795
2021-12-31,0.28,0.29,0.28,0.28,2097142,ADA-USD,582880.2420226407
2022-01-01,0.28,0.28,0.27,0.28,5133561,ADA-USD,1395174.0813521266
2022-01-02,0.28,0.28,0.26,0.26,3607525,ADA-USD,1052836.4398961363
2022-01-03,0.26,0.27,0.25,0.27,6965065,ADA-USD,1826081.804545412
2022-01-04,0.27,0.28,0.27,0.28,3649036,ADA-USD,1101143.3884006385
2022-01-05,0.28,0.28,0.27,0.28,4280512,ADA-USD,1188121.17593478
2022-01-06,0.28,0.28,0.26,0.26,6717684,ADA-USD,1803900.7702661958
2022-01-07,0.26,0.27,0.26,0.26,1963024,ADA-USD,457518.59541214816
2022-01-08,0.26,0.31,0.26,0.31,4025431,ADA-USD,1099362.1319696056
2022-01-09,0.31,0.31,0.3,0.3,3238748,ADA-USD,1053207.153473966
2022-01-10,0.3,0.3,0.28,0.28,4205628,ADA-USD,999681.9908643602
2022-01-11,0.28,0.3,0.28,0.29,8267080,ADA-USD,2086727.920720218
2022-01-12,0.29,0.31,0.29,0.31,1892198,ADA-USD,690041.7591673592
2022-01-13,0.31,0.33,0.31,0.32,7275359,ADA-USD,2098403.553995057
2022-01-14,0.32,0.34,0.32,0.34,7835175,ADA-USD,2475666.30696996
2022-01-15,0.34,0.34,0.32,0.33,5275975,ADA-USD,1833832.09318379
2022-01-16,0.33,0.33,0.3,0.3,2566286,ADA-USD,751517.6409966294
2022-01-17,0.3,0.31,0.3,0.31,3391236,ADA-USD,1076093.631321815
2022-01-18,0.31,0.33,0.31,0.33,3923644,ADA-USD,1110729.560085059
2022-01-19,0.33,0.33,0.33,0.33,2067606,ADA-USD,729364.1712509413
2022-01-20,0.33,0.34,0.33,0.34,2260731,ADA-USD,663061.8579947536
2022-01-21,0.34,0.34,0.33,0.34,6124601,ADA-USD,2288706.2640058445
2022-01-22,0.34,0.34,0.32,0.32,11869409,ADA-USD,3834092.2553117527
2022-01-23,0.32,0.32,0.31,0.31,2281491,ADA-USD,796714.757431981
2022-01-24,0.31,0.32,0.31,0.32,7507181,ADA-USD,2087772.8030322744
2022-01-25,0.32,0.32,0.31,0.32,1746082,ADA-USD,531376.5885695851
2022-01-26,0.32,0.32,0.3,0.3,2160706,ADA-USD,738140.0358641736
2022-01-27,0.3,0.31,0.29,0.29,9744850,ADA-USD,3163671.6686074245
2022-01-28,0.29,0.31,0.29,0.31,4744884,ADA-USD,1744947.6641566
2022-01-29,0.31,0.35,0.3,0.34,2406970,ADA-USD,727354.1335526204
2022-01-30,0.34,0.34,0.34,0.34,1672682,ADA-USD,577590.1622720468
2022-01-31,0.34,0.36,0.34,0.35,1955946,ADA-USD,552562.3025643972
2022-02-01,0.35,0.37,0.35,0.37,2020472,ADA-USD,886693.6685556662
2022-02-02,0.37,0.37,0.36,0.36,2104650,ADA-USD,659214.9180715262
2022-02-03,0.36,0.37,0.34,0.35,1728385,ADA-USD,702863.4278934118
2022-02-04,0.35,0.35,0.34,0.34,2956426,ADA-USD,1076887.9492279289
2022-02-05,0.34,0.35,0.34,0.34,9037482,ADA-USD,3609673.2787057725
2022-02-06,0.34,0.36,0.34,0.35,3489153,ADA-USD,1098218.1794319823
2022-02-07,0.35,0.36,0.35,0.36,2221749,ADA-USD,750292.7628776134
2022-02-08,0.36,0.36,0.34,0.35,3673184,ADA-USD,1113034.4315558749
2022-02-09,0.35,0.36,0.35,0.36,4089162,ADA-USD,1426424.1695559758
2022-02-10,0.36,0.36,0.35,0.35,3355763,ADA-USD,1384755.3578859055
2022-02-11,0.35,0.36,0.35,0.36,2329860,ADA-USD,862624.8310288092
2022-02-12,0.36,0.37,0.34,0.34,4915126,ADA-USD,1615076.8584531378
2022-02-13,0.34,0.37,0.34,0.37,1463307,ADA-USD,503494.99015320116
2022-02-14,0.37,0.37,0.37,0.37,2675708,ADA-USD,1023578.0390971381
2022-02-15,0.37,0.4,0.36,0.39,3060181,ADA-USD,1300031.9428153282
2022-02-16,0.39,0.4,0.39,0.4,2793022,ADA-USD,1075554.1021191904
2022-02-17,0.4,0.4,0.38,0.39,5663286,ADA-USD,1970938.055914782
2022-02-18,0.39,0.39,0.39,0.39,2489171,ADA-USD,1003784.7540669049
2022-02-19,0.39,0.42,0.39,0.42,3934597,ADA-USD,1563665.9921819617
2022-02-20,0.42,0.42,0.41,0.41,8886763,ADA-USD,4364015.659969915
2022-02-21,0.41,0.42,0.4,0.4,2451382,ADA-USD,957429.2571459048
2022-02-22,0.4,0.41,0.33,0.33,2194864,ADA-USD,705325.0869996538
2022-02-23,0.33,0.33,0.29,0.29,3808578,ADA-USD,1254462.4544768613
2022-02-24,0.29,0.3,0.29,0.3,6179137,ADA-USD,1669122.5625853187
2022-02-25,0.3,0.3,0.29,0.3,2123517,ADA-USD,526459.0360577975
2022-02-26,0.3,0.32,0.29,0.31,2107114,ADA-USD,745651.8755484087
2022-02-27,0.31,0.32,0.3,0.3,4503294,ADA-USD,1399105.1871291597
2022-02-28,0.3,0.3,0.3,0.3,2054429,ADA-USD,557199.7938063847
2022-03-01,0.3,0.31,0.29,0.3,2091585,ADA-USD,588009.4386668236
2022-03-02,0.3,0.31,0.29,0.29,3383385,ADA-USD,952001.4586353477
2022-03-03,0.29,0.31,0.29,0.31,4176859,ADA-USD,1388256.306232365
2022-03-04,0.31,0.35,0.3,0.35,3840339,ADA-USD,1327011.8240080639
2022-03-05,0.35,0.35,0.31,0.32,1308016,ADA-USD,401122.6002847275
2022-03-06,0.32,0.34,0.31,0.34,5685731,ADA-USD,2150021.903741336
2022-03-07,0.34,0.35,0.33,0.33,2839827,ADA-USD,776647.2647557755
2022-03-08,0.33,0.33,0.31,0.31,2115928,ADA-USD,695959.5576758441
2022-03-09,0.31,0.32,0.3,0.3,2746477,ADA-USD,807109.3925913596
2022-03-10,0.3,0.36,0.3,0.35,2243958,ADA-USD,733503.8490361588
2022-03-11,0.35,0.36,0.33,0.33,1374406,ADA-USD,531125.4423238402
2022-03-12,0.33,0.39,0.33,0.39,2085257,ADA-USD,903660.6700004865
2022-03-13,0.39,0.4,0.39,0.39,2679211,ADA-USD,927554.542334818
2022-03-14,0.39,0.4,0.39,0.4,2306092,ADA-USD,978645.0940833379
2022-03-15,0.4,0.4,0.38,0.39,2641939,ADA-USD,1163184.165156859
2022-03-16,0.39,0.39,0.38,0.38,4632712,ADA-USD,2105009.8901428855
2022-03-17,0.38,0.39,0.38,0.38,3620855,ADA-USD,1485132.0560926113
2022-03-18,0.38,0.39,0.37,0.39,2508556,ADA-USD,1052960.8319408626
2022-03-19,0.39,0.39,0.36,0.37,1525102,ADA-USD,589859.4534384343
2022-03-20,0.37,0.37,0.35,0.36,4637202,ADA-USD,1362226.2032640907
2022-03-21,0.36,0.36,0.34,0.35,7007990,ADA-USD,2536246.980683893
2022-03-22,0.35,0.35,0.34,0.34,2929049,ADA-USD,1117392.5962708732
2022-03-23,0.34,0.34,0.33,0.33,2220594,ADA-USD,702141.240845264
2022-03-24,0.33,0.34,0.3,0.31,4483306,ADA-USD,1438179.2290902743
2022-03-25,0.31,0.31,0.29,0.3,2973431,ADA-USD,1044205.2933982863
2022-03-26,0.3,0.32,0.29,0.31,6432989,ADA-USD,1732611.2671936718
2022-03-27,0.31,0.33,0.31,0.33,1706448,ADA-USD,513679.7570408825
2022-03-28,0.33,0.34,0.33,0.34,3866162,ADA-USD,1109600.8003660704
2022-03-29,0.34,0.34,0.33,0.33,6877779,ADA-USD,2269889.138024323
2022-03-30,0.33,0.36,0.33,0.35,3230670,ADA-USD,1284355.8141822289
2022-03-31,0.35,0.36,0.26,0.26,4076140,ADA-USD,1032333.6878168853
2022-04-01,0.26,0.28,0.26,0.28,2758277,ADA-USD,639429.4673952177
2022-04-02,0.28,0.28,0.27,0.28,8529622,ADA-USD,2162397.5624448913
2022-04-03,0.28,0.28,0.27,0.27,4316835,ADA-USD,1347233.709639073
2022-04-04,0.27,0.28,0.26,0.26,2666509,ADA-USD,709244.7500310871
2022-04-05,0.26,0.27,0.23,0.23,6562124,ADA-USD,1759269.701709173
2022-04-06,0.23,0.25,0.23,0.25,1562250,ADA-USD,442810.0864384846
2022-04-07,0.25,0.25,0.24,0.25,2201692,ADA-USD,531552.6530196075
2022-04-08,0.25,0.25,0.24,0.24,7230611,ADA-USD,1828044.6926127998
2022-04-09,0.24,0.24,0.23,0.24,1801198,ADA-USD,460719.0933321952
2022-04-10,0.24,0.24,0.23,0.23,2935215,ADA-USD,741744.5753882559
2022-04-11,0.23,0.23,0.22,0.22,2706330,ADA-USD,555612.3975974405
2022-04-12,0.22,0.22,0.21,0.21,2287709,ADA-USD,439869.50747258094
2022-04-13,0.21,0.21,0.2,0.2,2285523,ADA-USD,490855.15053053235
2022-04-14,0.2,0.23,0.2,0.22,6716749,ADA-USD,1666092.0906036831
2022-04-15,0.22,0.22,0.22,0.22,3030191,ADA-USD,643775.3418192695
2022-04-16,0.22,0.23,0.22,0.23,2232351,ADA-USD,476692.4511333765
2022-04-17,0.23,0.24,0.21,0.22,3605665,ADA-USD,896538.5949742657
2022-04-18,0.22,0.23,0.21,0.23,7223378,ADA-USD,1785615.0660421776
2022-04-19,0.23,0.23,0.22,0.22,5934722,ADA-USD,1223931.971534442
2022-04-20,0.22,0.23,0.22,0.23,2421498,ADA-USD,563553.4724949398
2022-04-21,0.23,0.23,0.21,0.21,1499587,ADA-USD,372965.95586332184
2022-04-22,0.21,0.21,0.19,0.2,2604455,ADA-USD,572953.2924986061
2022-04-23,0.2,0.21,0.2,0.21,2706926,ADA-USD,505166.1076137853
2022-04-24,0.21,0.21,0.2,0.2,4171687,ADA-USD,765932.1278062592
2022-04-25,0.2,0.21,0.2,0.21,2506338,ADA-USD,476902.3231836489
2022-04-26,0.21,0.21,0.2,0.2,2857562,ADA-USD,651146.7012831022
2022-04-27,0.2,0.22,0.2,0.21,5622553,ADA-USD,1247527.647447286
2022-04-28,0.21,0.22,0.21,0.22,3407905,ADA-USD,881692.3985691557
2022-04-29,0.22,0.23,0.21,0.23,3883117,ADA-USD,746979.4663335487
2022-04-30,0.23,0.24,0.22,0.23,1315770,ADA-USD,248396.7831880317
2022-05-01,0.23,0.24,0.22,0.22,2262245,ADA-USD,532771.7295137568
2022-05-02,0.22,0.23,0.21,0.21,2469496,ADA-USD,470183.1700150613
2022-05-03,0.21,0.21,0.19,0.2,3754428,ADA-USD,804700.5595713472
2022-05-04,0.2,0.21,0.19,0.21,2771673,ADA-USD,634079.774636761
2022-05-05,0.21,0.21,0.21,0.21,2077579,ADA-USD,402170.2968561276
2022-05-06,0.21,0.21,0.19,0.2,3081125,ADA-USD,727803.1620440431
2022-05-07,0.2,0.2,0.19,0.19,2200013,ADA-USD,463939.4176770224
2022-05-08,0.19,0.2,0.19,0.19,2444094,ADA-USD,439738.9187212325
2022-05-09,0.19,0.2,0.19,0.19,2026405,ADA-USD,371482.6279973753
2022-05-10,0.19,0.19,0.18,0.18,2477929,ADA-USD,484541.0371194412
2022-05-11,0.18,0.18,0.18,0.18,2833002,ADA-USD,469968.531607631
2022-05-12,0.18,0.18,0.18,0.18,2600952,ADA-USD,429851.5677111369
2022-05-13,0.18,0.18,0.15,0.15,1531903,ADA-USD,241266.40783591487
2022-05-14,0.15,0.15,0.15,0.15,1818790,ADA-USD,232964.54929847436
2022-05-15,0.15,0.16,0.15,0.15,2079729,ADA-USD,373520.4968709215
2022-05-16,0.15,0.15,0.15,0.15,6061860,ADA-USD,831894.7458333748
2022-05-17,0.15,0.15,0.15,0.15,9213115,ADA-USD,1317133.3435015795
2022-05-18,0.15,0.16,0.15,0.16,1676317,ADA-USD,238628.68971794762
2022-05-19,0.16,0.16,0.16,0.16,2877520,ADA-USD,486829.6136017914
2022-05-20,0.16,0.16,0.15,0.15,4202377,ADA-USD,519537.0015265513
2022-05-21,0.15,0.16,0.15,0.15,2301393,ADA-USD,404282.3009074783
2022-05-22,0.15,0.16,0.15,0.15,3185725,ADA-USD,440391.82868378394
2022-05-23,0.15,0.16,0.15,0.16,2486365,ADA-USD,465825.4973998607
2022-05-24,0.16,0.16,0.16,0.16,1822495,ADA-USD,262852.0908534159
2022-05-25,0.16,0.16,0.15,0.16,1791553,ADA-USD,288229.42283317336
2022-05-26,0.16,0.16,0.15,0.16,5291760,ADA-USD,912780.9087262427
2022-05-27,0.16,0.16,0.15,0.15,1651505,ADA-USD,258885.98126689915
2022-05-28,0.15,0.15,0.13,0.13,3178203,ADA-USD,415230.99309272936
2022-05-29,0.13,0.14,0.13,0.14,3678811,ADA-USD,574475.1498032935
2022-05-30,0.14,0.14,0.14,0.14,4155250,ADA-USD,574869.1397960706
2022-05-31,0.14,0.14,0.14,0.14,4479590,ADA-USD,585293.2342151911
2022-06-01,0.14,0.16,0.14,0.16,2626264,ADA-USD,456943.5351411382
2022-06-02,0.16,0.16,0.16,0.16,5813713,ADA-USD,1092893.04148943
2022-06-03,0.16,0.17,0.16,0.16,1706138,ADA-USD,284052.6362310342
2022-06-04,0.16,0.17,0.16,0.17,3401389,ADA-USD,527284.119646765
2022-06-05,0.17,0.17,0.15,0.15,1749461,ADA-USD,290005.57541751856
2022-06-06,0.15,0.18,0.15,0.18,1649399,ADA-USD,327997.1503373115
2022-06-07,0.18,0.19,0.18,0.19,4218200,ADA-USD,726718.5552562142
2022-06-08,0.19,0.19,0.17,0.18,3362198,ADA-USD,577267.1374204602
2022-06-09,0.18,0.19,0.17,0.19,3232349,ADA-USD,525941.3462749629
2022-06-10,0.19,0.19,0.17,0.17,4942364,ADA-USD,698936.2432949791
2022-06-11,0.17,0.19,0.17,0.19,2018241,ADA-USD,430611.025610685
2022-06-12,0.19,0.2,0.16,0.17,2282346,ADA-USD,368222.7147200255
2022-06-13,0.17,0.17,0.15,0.15,6000998,ADA-USD,821408.9103288458
2022-06-14,0.15,0.16,0.15,0.16,4614115,ADA-USD,666231.3473340962
2022-06-15,0.16,0.16,0.16,0.16,5816659,ADA-USD,772379.9487374816
2022-06-16,0.16,0.16,0.13,0.13,5630812,ADA-USD,873974.4481189526
2022-06-17,0.13,0.13,0.12,0.12,4470086,ADA-USD,507883.0681126174
2022-06-18,0.12,0.12,0.12,0.12,6442916,ADA-USD,669315.7040465038
2022-06-19,0.12,0.13,0.12,0.13,1698494,ADA-USD,252965.71036575767
2022-06-20,0.13,0.13,0.13,0.13,3906073,ADA-USD,553108.6545212348
2022-06-21,0.13,0.13,0.12,0.12,6286661,ADA-USD,803471.7327957056
2022-06-22,0.12,0.13,0.12,0.12,3079814,ADA-USD,339599.71364292665
2022-06-23,0.12,0.13,0.12,0.12,2230864,ADA-USD,258650.89533395422
2022-06-24,0.12,0.14,0.12,0.14,4359087,ADA-USD,693534.6250821431
2022-06-25,0.14,0.14,0.13,0.13,3174445,ADA-USD,435770.84650536394
2022-06-26,0.13,0.14,0.13,0.14,1293304,ADA-USD,169883.91026409512
2022-06-27,0.14,0.14,0.12,0.12,6144643,ADA-USD,622117.0306336036
2022-06-28,0.12,0.14,0.12,0.13,7249663,ADA-USD,1093351.1282699264
2022-06-29,0.13,0.14,0.13,0.13,3211721,ADA-USD,493602.80880917265
2022-06-30,0.13,0.14,0.13,0.13,3894549,ADA-USD,550600.9628115348
2022-07-01,0.13,0.14,0.13,0.14,2416759,ADA-USD,364248.94135521934
2022-07-02,0.14,0.14,0.13,0.13,2237397,ADA-USD,295248.9709549512
2022-07-03,0.13,0.14,0.12,0.12,4351046,ADA-USD,620600.5726578918
2022-07-04,0.12,0.13,0.12,0.13,3027584,ADA-USD,424151.8748025088
2022-07-05,0.13,0.14,0.13,0.13,2768701,ADA-USD,298992.5370278606
2022-07-06,0.13,0.14,0.13,0.14,2422778,ADA-USD,283796.57352120045
2022-07-07,0.14,0.14,0.13,0.14,3663314,ADA-USD,607963.811263567
2022-07-08,0.14,0.14,0.13,0.13,1752636,ADA-USD,268241.8741360248
2022-07-09,0.13,0.13,0.13,0.13,1031034,ADA-USD,137135.21638699365
2022-07-10,0.13,0.14,0.13,0.14,8243914,ADA-USD,1022178.4184159898
2022-07-11,0.14,0.14,0.13,0.14,3035567,ADA-USD,439174.6700468741
2022-07-12,0.14,0.14,0.13,0.14,1304549,ADA-USD,201889.98879256897
2022-07-13,0.14,0.15,0.14,0.15,2107806,ADA-USD,253984.17201074542
2022-07-14,0.15,0.16,0.14,0.16,2224583,ADA-USD,401893.1776927915
2022-07-15,0.16,0.16,0.15,0.16,3233125,ADA-USD,510015.8420663093
2022-07-16,0.16,0.16,0.16,0.16,1743022,ADA-USD,274774.335114722
2022-07-17,0.16,0.16,0.15,0.15,1946773,ADA-USD,284342.56078974146
2022-07-18,0.15,0.16,0.15,0.16,2086666,ADA-USD,359486.95825475606
2022-07-19,0.16,0.16,0.16,0.16,5657270,ADA-USD,799969.2956962846
2022-07-20,0.16,0.16,0.16,0.16,8244215,ADA-USD,1375351.6202421822
2022-07-21,0.16,0.16,0.16,0.16,9122771,ADA-USD,1193460.916012929
2022-07-22,0.16,0.17,0.16,0.17,4560942,ADA-USD,871923.3011785913
2022-07-23,0.17,0.17,0.15,0.15,4528230,ADA-USD,764938.5483049323
2022-07-24,0.15,0.15,0.15,0.15,1861389,ADA-USD,258198.4748920258
2022-07-25,0.15,0.16,0.15,0.15,4623043,ADA-USD,584006.6723703642
2022-07-26,0.15,0.15,0.14,0.15,2235063,ADA-USD,368483.52138818154
2022-07-27,0.15,0.15,0.13,0.13,2510910,ADA-USD,322529.2755642835
2022-07-28,0.13,0.13,0.11,0.11,2639265,ADA-USD,339669.5703228344
2022-07-29,0.11,0.12,0.11,0.12,4221382,ADA-USD,476877.96979618736
2022-07-30,0.12,0.12,0.11,0.11,1471476,ADA-USD,183973.3430749785
2022-07-31,0.11,0.11,0.1,0.1,4091265,ADA-USD,331445.3058210129
2022-08-01,0.1,0.1,0.1,0.1,3618356,ADA-USD,401318.20525619236
2022-08-02,0.1,0.1,0.09,0.09,2791821,ADA-USD,269178.99294017476
2022-08-03,0.09,0.09,0.09,0.09,4208635,ADA-USD,382756.98953320447
2022-08-04,0.09,0.09,0.07,0.07,2462884,ADA-USD,200705.15757717326
2022-08-05,0.07,0.08,0.07,0.08,3967615,ADA-USD,373528.56711083616
2022-08-06,0.08,0.08,0.07,0.07,2263728,ADA-USD,185696.2893526167
2022-08-07,0.07,0.08,0.07,0.08,3272435,ADA-USD,272036.51936416834
2022-08-08,0.08,0.08,0.08,0.08,3573669,ADA-USD,288111.6478829672
2022-08-09,0.08,0.08,0.08,0.08,3593340,ADA-USD,260902.01609220932
2022-08-10,0.08,0.08,0.07,0.07,1931864,ADA-USD,116951.12463626462
2022-08-11,0.07,0.07,0.07,0.07,3195353,ADA-USD,228782.9492695497
2022-08-12,0.07,0.08,0.07,0.08,3940256,ADA-USD,270900.0673839526
2022-08-13,0.08,0.08,0.07,0.07,2822347,ADA-USD,171652.9955480176
2022-08-14,0.07,0.08,0.07,0.07,4017849,ADA-USD,265133.04983599583
2022-08-15,0.07,0.08,0.07,0.08,2584745,ADA-USD,180869.8714534393
2022-08-16,0.08,0.08,0.07,0.07,3417022,ADA-USD,239356.88271930246
2022-08-17,0.07,0.08,0.07,0.08,5543372,ADA-USD,472516.9380401454
2022-08-18,0.08,0.08,0.07,0.08,3378566,ADA-USD,291681.125084049
2022-08-19,0.08,0.08,0.08,0.08,6392897,ADA-USD,518137.2461720901
2022-08-20,0.08,0.08,0.08,0.08,3713169,ADA-USD,299643.7128416158
2022-08-21,0.08,0.09,0.08,0.09,3775706,ADA-USD,336389.73219670204
2022-08-22,0.09,0.09,0.08,0.09,1613477,ADA-USD,130416.61614650041
2022-08-23,0.09,0.09,0.09,0.09,3844692,ADA-USD,367370.8625144093
2022-08-24,0.09,0.1,0.09,0.09,6120974,ADA-USD,585489.837020061
2022-08-25,0.09,0.1,0.09,0.1,2470782,ADA-USD,222944.09647388457
2022-08-26,0.1,0.1,0.1,0.1,5144906,ADA-USD,555766.9507361695
2022-08-27,0.1,0.11,0.1,0.11,5911886,ADA-USD,743432.8750490311
2022-08-28,0.11,0.12,0.11,0.12,1269505,ADA-USD,158111.83470645745
2022-08-29,0.12,0.13,0.12,0.12,1237274,ADA-USD,125758.8824383099
2022-08-30,0.12,0.12,0.12,0.12,4604546,ADA-USD,514366.9914003024
2022-08-31,0.12,0.13,0.12,0.13,2777949,ADA-USD,302310.224898581
2022-09-01,0.13,0.13,0.13,0.13,4789107,ADA-USD,573283.0080222226
2022-09-02,0.13,0.14,0.13,0.14,1934715,ADA-USD,239650.97568353868
2022-09-03,0.14,0.15,0.14,0.15,5005700,ADA-USD,767262.3430747406
2022-09-04,0.15,0.15,0.14,0.14,2816083,ADA-USD,382194.53639500827
2022-09-05,0.14,0.14,0.14,0.14,2949478,ADA-USD,449707.82095606514
2022-09-06,0.14,0.15,0.14,0.14,5129537,ADA-USD,678793.528737741
2022-09-07,0.14,0.15,0.14,0.15,2099975,ADA-USD,271491.56985285954
2022-09-08,0.15,0.15,0.14,0.15,1687111,ADA-USD,226345.33389159362
2022-09-09,0.15,0.15,0.14,0.15,1226434,ADA-USD,187334.10359301665
2022-09-10,0.15,0.15,0.14,0.14,3075930,ADA-USD,421992.5910999784
2022-09-11,0.14,0.14,0.13,0.14,4591600,ADA-USD,525215.1343775294
2022-09-12,0.14,0.14,0.13,0.13,2861493,ADA-USD,328834.6661443134
2022-09-13,0.13,0.13,0.13,0.13,7917629,ADA-USD,945604.7853567014
2022-09-14,0.13,0.15,0.13,0.15,3484174,ADA-USD,569737.6117095453
2022-09-15,0.15,0.17,0.15,0.17,2977109,ADA-USD,552756.948487218
2022-09-16,0.17,0.18,0.17,0.18,2167362,ADA-USD,421021.13971028704
2022-09-17,0.18,0.2,0.18,0.2,5205930,ADA-USD,1173817.0475904113
2022-09-18,0.2,0.2,0.19,0.19,1178112,ADA-USD,257317.16611904488
2022-09-19,0.19,0.19,0.18,0.18,1738561,ADA-USD,259253.8558706447
2022-09-20,0.18,0.18,0.18,0.18,3029082,ADA-USD,543720.600195953
2022-09-21,0.18,0.18,0.18,0.18,4365793,ADA-USD,675497.6209137075
2022-09-22,0.18,0.19,0.18,0.19,6459701,ADA-USD,1155695.8680803317
2022-09-23,0.19,0.19,0.18,0.19,3860954,ADA-USD,781468.5796467054
2022-09-24,0.19,0.19,0.18,0.18,2189588,ADA-USD,410152.3717694789
2022-09-25,0.18,0.18,0.16,0.16,5178100,ADA-USD,705401.2513698528
2022-09-26,0.16,0.17,0.16,0.16,2358319,ADA-USD,416132.9848447494
2022-09-27,0.16,0.16,0.16,0.16,1398766,ADA-USD,249496.59380861782
2022-09-28,0.16,0.16,0.15,0.15,6938992,ADA-USD,890626.7891018544
2022-09-29,0.15,0.16,0.15,0.16,4701486,ADA-USD,787039.0034393677
2022-09-30,0.16,0.16,0.15,0.15,2763060,ADA-USD,488270.7169434112
2022-10-01,0.15,0.15,0.15,0.15,7299597,ADA-USD,917095.4588931954
2022-10-02,0.15,0.15,0.14,0.15,7261150,ADA-USD,943052.0674011564
2022-10-03,0.15,0.15,0.15,0.15,6281122,ADA-USD,1042235.8298273637
2022-10-04,0.15,0.16,0.15,0.16,5578424,ADA-USD,834327.1943976852
2022-10-05,0.16,0.18,0.16,0.18,2012243,ADA-USD,428207.6359526609
2022-10-06,0.18,0.19,0.18,0.19,3046213,ADA-USD,607572.0300327174
2022-10-07,0.19,0.19,0.19,0.19,1415512,ADA-USD,267139.9888052245
2022-10-08,0.19,0.2,0.19,0.19,2011449,ADA-USD,357358.9109853611
2022-10-09,0.19,0.2,0.18,0.19,886949,ADA-USD,150935.19791058314
2022-10-10,0.19,0.19,0.17,0.17,5079497,ADA-USD,915332.5446527103
2022-10-11,0.17,0.17,0.16,0.17,2953627,ADA-USD,520600.2974845618
2022-10-12,0.17,0.18,0.16,0.17,5726909,ADA-USD,918241.546555012
2022-10-13,0.17,0.17,0.17,0.17,2021107,ADA-USD,401005.4524400944
2022-10-14,0.17,0.18,0.17,0.17,4835227,ADA-USD,908068.5158986115
2022-10-15,0.17,0.19,0.17,0.19,8492139,ADA-USD,1458653.2798448112
2022-10-16,0.19,0.19,0.19,0.19,7875621,ADA-USD,1761743.4495866064
2022-10-17,0.19,0.21,0.19,0.21,3290782,ADA-USD,761701.789169558
2022-10-18,0.21,0.21,0.21,0.21,2525644,ADA-USD,614633.1011621943
2022-10-19,0.21,0.22,0.21,0.22,2570821,ADA-USD,483281.84481010406
2022-10-20,0.22,0.23,0.21,0.21,4389535,ADA-USD,749608.4768175622
2022-10-21,0.21,0.23,0.21,0.23,1689124,ADA-USD,387398.0226836544
2022-10-22,0.23,0.23,0.19,0.19,5332002,ADA-USD,992070.2555296173
2022-10-23,0.19,0.19,0.18,0.18,8374938,ADA-USD,1730478.9738079475
2022-10-24,0.18,0.19,0.18,0.18,5326806,ADA-USD,833083.0079186612
2022-10-25,0.18,0.19,0.17,0.17,2026907,ADA-USD,278909.6814227451
2022-10-26,0.17,0.17,0.17,0.17,6155890,ADA-USD,1058744.443143001
2022-10-27,0.17,0.17,0.17,0.17,1508938,ADA-USD,223435.23279327116
2022-10-28,0.17,0.17,0.16,0.16,4610591,ADA-USD,604764.6515873246
2022-10-29,0.16,0.17,0.16,0.17,11464101,ADA-USD,1576428.9752379374
2022-10-30,0.17,0.17,0.16,0.16,4284473,ADA-USD,587468.7456908807
2022-10-31,0.16,0.17,0.16,0.17,3481092,ADA-USD,562399.1237284016
2022-11-01,0.17,0.18,0.17,0.18,3456158,ADA-USD,717656.415087743
2022-11-02,0.18,0.19,0.17,0.19,2544592,ADA-USD,533864.7413015831
2022-11-03,0.19,0.19,0.18,0.18,3247243,ADA-USD,591557.1190401328
2022-11-04,0.18,0.18,0.17,0.18,4363704,ADA-USD,763581.9725321983
2022-11-05,0.18,0.18,0.16,0.16,1943927,ADA-USD,305529.22439346934
2022-11-06,0.16,0.17,0.13,0.13,2507108,ADA-USD,376069.9846171124
2022-11-07,0.13,0.13,0.13,0.13,4570586,ADA-USD,647564.3668980135
2022-11-08,0.13,0.14,0.13,0.13,2412347,ADA-USD,272461.6894130316
2022-11-09,0.13,0.14,0.13,0.14,1897786,ADA-USD,312422.99312361365
2022-11-10,0.14,0.15,0.14,0.15,1289076,ADA-USD,214469.89475523
2022-11-11,0.15,0.16,0.15,0.16,3765136,ADA-USD,490167.95297717786
2022-11-12,0.16,0.17,0.16,0.17,4089710,ADA-USD,695878.380134571
2022-11-13,0.17,0.17,0.17,0.17,3137952,ADA-USD,566052.5320221297
2022-11-14,0.17,0.18,0.17,0.18,4944476,ADA-USD,733716.7676966053
2022-11-15,0.18,0.19,0.18,0.19,2621157,ADA-USD,468748.2515126475
2022-11-16,0.19,0.19,0.18,0.19,6025308,ADA-USD,1212719.688688275
2022-11-17,0.19,0.19,0.18,0.19,1377588,ADA-USD,294835.05262079876
2022-11-18,0.19,0.19,0.18,0.18,4921175,ADA-USD,1054873.1940180406
2022-11-19,0.18,0.19,0.18,0.18,5525617,ADA-USD,844078.8454884181
2022-11-20,0.18,0.18,0.18,0.18,2051882,ADA-USD,388899.29376181983
2022-11-21,0.18,0.19,0.18,0.19,3019252,ADA-USD,663788.6390388003
2022-11-22,0.19,0.19,0.17,0.17,1818739,ADA-USD,336012.7840344099
2022-11-23,0.17,0.18,0.17,0.17,5094411,ADA-USD,911915.742735841
2022-11-24,0.17,0.18,0.17,0.17,4395979,ADA-USD,661949.5699511586
2022-11-25,0.17,0.18,0.17,0.17,2884717,ADA-USD,552250.8515577688
2022-11-26,0.17,0.17,0.17,0.17,3735233,ADA-USD,650862.1615976656
2022-11-27,0.17,0.17,0.17,0.17,1591397,ADA-USD,228486.89888584169
2022-11-28,0.17,0.17,0.16,0.17,2982108,ADA-USD,595291.1378405008
2022-11-29,0.17,0.18,0.16,0.18,3021355,ADA-USD,650087.2293202764
2022-11-30,0.18,0.19,0.18,0.19,3588441,ADA-USD,692077.8814124172
2022-12-01,0.19,0.19,0.18,0.19,1266228,ADA-USD,267189.8233450478
2022-12-02,0.19,0.19,0.19,0.19,6696333,ADA-USD,1314702.8812642305
2022-12-03,0.19,0.19,0.17,0.17,4132154,ADA-USD,680607.0463997476
2022-12-04,0.17,0.19,0.17,0.18,2892693,ADA-USD,501754.3160672134
2022-12-05,0.18,0.19,0.18,0.18,2673413,ADA-USD,570588.2195598094
2022-12-06,0.18,0.19,0.18,0.18,2836525,ADA-USD,483776.7924090938
2022-12-07,0.18,0.18,0.18,0.18,7175117,ADA-USD,1286589.6126650611
2022-12-08,0.18,0.19,0.17,0.19,1872580,ADA-USD,319996.39456048765
2022-12-09,0.19,0.2,0.19,0.2,4114632,ADA-USD,741714.115699682
2022-12-10,0.2,0.2,0.18,0.18,1868306,ADA-USD,316955.03182018735
2022-12-11,0.18,0.18,0.17,0.17,3897923,ADA-USD,775237.9452412487
2022-12-12,0.17,0.17,0.17,0.17,4611646,ADA-USD,751534.9885764803
2022-12-13,0.17,0.17,0.14,0.14,6718686,ADA-USD,960289.7802612721
2022-12-14,0.14,0.14,0.13,0.13,2109604,ADA-USD,279267.64819894213
2022-12-15,0.13,0.13,0.13,0.13,3015373,ADA-USD,405036.5569774448
2022-12-16,0.13,0.13,0.13,0.13,3254827,ADA-USD,477295.18247673335
2022-12-17,0.13,0.14,0.13,0.13,3792303,ADA-USD,572116.2097417039
2022-12-18,0.13,0.14,0.13,0.14,6224669,ADA-USD,769928.2166336775
2022-12-19,0.14,0.14,0.13,0.13,1990756,ADA-USD,296111.53464225703
2022-12-20,0.13,0.14,0.13,0.13,3468908,ADA-USD,459563.60504983837
2022-12-21,0.13,0.14,0.13,0.14,3344582,ADA-USD,547743.1762476296
2022-12-22,0.14,0.15,0.14,0.15,4962145,ADA-USD,868223.5060629036
2022-12-23,0.15,0.15,0.14,0.14,4583481,ADA-USD,613307.6370613181
2022-12-24,0.14,0.15,0.14,0.15,4114581,ADA-USD,654681.6991105073
2022-12-25,0.15,0.15,0.14,0.15,2400921,ADA-USD,413641.885194035
2022-12-26,0.15,0.16,0.15,0.16,2320275,ADA-USD,354123.544340924
2022-12-27,0.16,0.17,0.16,0.17,4567574,ADA-USD,634802.0069868338
2022-12-28,0.17,0.17,0.16,0.16,2821728,ADA-USD,426159.0959450955
2022-12-29,0.16,0.16,0.15,0.15,3130890,ADA-USD,444349.2143199152
2022-12-30,0.15,0.17,0.15,0.16,2396634,ADA-USD,430511.48392675153
2022-12-31,0.16,0.17,0.16,0.17,3287218,ADA-USD,516272.039600653
2023-01-01,0.17,0.17,0.17,0.17,6703457,ADA-USD,1319179.2783799842
2023-01-02,0.17,0.17,0.15,0.15,6080994,ADA-USD,929896.4340243187
2023-01-03,0.15,0.16,0.15,0.16,1862890,ADA-USD,308334.12904161605
2023-01-04,0.16,0.17,0.15,0.17,2743882,ADA-USD,523742.6289562581
2023-01-05,0.17,0.17,0.16,0.16,7251825,ADA-USD,990692.2253985998
2023-01-06,0.16,0.16,0.15,0.16,3665078,ADA-USD,473338.46024151443
2023-01-07,0.16,0.17,0.16,0.17,2666191,ADA-USD,372866.27260137076
2023-01-08,0.17,0.18,0.17,0.18,2503705,ADA-USD,366061.1359678944
2023-01-09,0.18,0.2,0.18,0.2,2761399,ADA-USD,596438.9617229957
2023-01-10,0.2,0.22,0.19,0.21,2628850,ADA-USD,495742.14834120293
2023-01-11,0.21,0.22,0.2,0.2,3136400,ADA-USD,716961.49609365
2023-01-12,0.2,0.2,0.19,0.19,3602242,ADA-USD,789245.823551347
2023-01-13,0.19,0.19,0.19,0.19,2108059,ADA-USD,377474.54648365884
2023-01-14,0.19,0.19,0.19,0.19,4255461,ADA-USD,709839.5216205845
2023-01-15,0.19,0.2,0.19,0.2,4409232,ADA-USD,881427.3376894423
2023-01-16,0.2,0.2,0.19,0.19,3811508,ADA-USD,815668.1858072558
2023-01-17,0.19,0.21,0.19,0.2,2360265,ADA-USD,506964.52435755485
2023-01-18,0.2,0.21,0.2,0.2,3740425,ADA-USD,606170.9583474507
2023-01-19,0.2,0.21,0.2,0.21,4550038,ADA-USD,767139.3481041789
2023-01-20,0.21,0.21,0.2,0.2,5856317,ADA-USD,990328.2829163151
2023-01-21,0.2,0.22,0.2,0.22,5992155,ADA-USD,1232203.3544510792
2023-01-22,0.22,0.23,0.21,0.23,8930479,ADA-USD,2084312.7438981899
2023-01-23,0.23,0.23,0.22,0.22,1705801,ADA-USD,422949.0508331003
2023-01-24,0.22,0.22,0.21,0.21,2447557,ADA-USD,440547.0236337704
2023-01-25,0.21,0.22,0.19,0.19,3349446,ADA-USD,547930.5296763097
2023-01-26,0.19,0.19,0.17,0.17,2091622,ADA-USD,407294.9988098267
2023-01-27,0.17,0.18,0.16,0.17,4029970,ADA-USD,801293.8252610103
2023-01-28,0.17,0.17,0.16,0.17,6465877,ADA-USD,1121749.995670455
2023-01-29,0.17,0.17,0.16,0.16,2522632,ADA-USD,449616.58861760236
2023-01-30,0.16,0.16,0.16,0.16,3492557,ADA-USD,523642.3943419925
2023-01-31,0.16,0.17,0.15,0.16,3272735,ADA-USD,617110.4474225658
2023-02-01,0.16,0.17,0.16,0.17,2023625,ADA-USD,399730.43191659794
2023-02-02,0.17,0.17,0.16,0.17,7195785,ADA-USD,1394349.8275773968
2023-02-03,0.17,0.17,0.17,0.17,7692736,ADA-USD,1053002.8438050146
2023-02-04,0.17,0.18,0.17,0.18,3180948,ADA-USD,577906.559625758
2023-02-05,0.18,0.18,0.16,0.16,1754530,ADA-USD,227573.69164084687
2023-02-06,0.16,0.16,0.16,0.16,1641609,ADA-USD,281300.3979647948
2023-02-07,0.16,0.17,0.16,0.17,3626672,ADA-USD,538467.1036743271
2023-02-08,0.17,0.17,0.16,0.17,4293664,ADA-USD,770646.7259234703
2023-02-09,0.17,0.17,0.16,0.17,7726187,ADA-USD,1102226.9883668136
2023-02-10,0.17,0.17,0.16,0.16,3480417,ADA-USD,614027.1174132533
2023-02-11,0.16,0.16,0.16,0.16,2550855,ADA-USD,445105.5031632187
2023-02-12,0.16,0.16,0.15,0.15,3231907,ADA-USD,388722.7628834438
2023-02-13,0.15,0.15,0.15,0.15,2471653,ADA-USD,414059.1955663279
2023-02-14,0.15,0.16,0.15,0.16,3007993,ADA-USD,416554.0559935746
2023-02-15,0.16,0.16,0.15,0.16,4476894,ADA-USD,604356.3750360337
2023-02-16,0.16,0.16,0.15,0.15,1518392,ADA-USD,227781.3213488532
2023-02-17,0.15,0.16,0.15,0.16,6266793,ADA-USD,1038820.1931867792
2023-02-18,0.16,0.16,0.16,0.16,4743969,ADA-USD,638532.4008412699
2023-02-19,0.16,0.17,0.16,0.17,2222184,ADA-USD,348267.1274713697
2023-02-20,0.17,0.17,0.16,0.17,2411264,ADA-USD,394796.3833707005
2023-02-21,0.17,0.17,0.17,0.17,1409131,ADA-USD,282059.95966730185
2023-02-22,0.17,0.17,0.15,0.15,5499190,ADA-USD,742826.9308184661
2023-02-23,0.15,0.16,0.15,0.16,1977164,ADA-USD,286038.7575140814
2023-02-24,0.16,0.16,0.15,0.16,6092942,ADA-USD,1037026.6159471456
2023-02-25,0.16,0.16,0.15,0.15,2200360,ADA-USD,360043.0355407254
2023-02-26,0.15,0.16,0.15,0.15,6369593,ADA-USD,768487.1245109468
2023-02-27,0.15,0.15,0.15,0.15,2908609,ADA-USD,372423.68066921516
2023-02-28,0.15,0.16,0.14,0.15,2385577,ADA-USD,337467.21052240976
2023-03-01,0.15,0.15,0.13,0.13,3692070,ADA-USD,505313.5818359332
2023-03-02,0.13,0.15,0.13,0.15,5628304,ADA-USD,720688.2350375263
2023-03-03,0.15,0.15,0.14,0.14,5048836,ADA-USD,666391.5744754499
2023-03-04,0.14,0.14,0.14,0.14,5816030,ADA-USD,677517.1652011218
2023-03-05,0.14,0.14,0.14,0.14,4191463,ADA-USD,603496.7960826262
2023-03-06,0.14,0.14,0.13,0.13,9773071,ADA-USD,1233078.113423677
2023-03-07,0.13,0.13,0.12,0.13,3663062,ADA-USD,531071.5488055847
2023-03-08,0.13,0.13,0.12,0.12,4414105,ADA-USD,545347.8641442383
2023-03-09,0.12,0.13,0.12,0.12,4164711,ADA-USD,531571.8978820638
2023-03-10,0.12,0.14,0.12,0.13,2094031,ADA-USD,290861.39207152673
2023-03-11,0.13,0.14,0.13,0.13,3029052,ADA-USD,407891.07237986184
2023-03-12,0.13,0.13,0.13,0.13,2696542,ADA-USD,282696.7971686661
2023-03-13,0.13,0.13,0.12,0.12,3045891,ADA-USD,414054.9060550925
2023-03-14,0.12,0.12,0.11,0.11,1703362,ADA-USD,218600.59027710743
2023-03-15,0.11,0.11,0.11,0.11,1975945,ADA-USD,220330.85250744442
2023-03-16,0.11,0.11,0.1,0.1,2853384,ADA-USD,241071.9474803666
2023-03-17,0.1,0.1,0.1,0.1,2945784,ADA-USD,312807.09343961166
2023-03-18,0.1,0.1,0.1,0.1,1488933,ADA-USD,140777.44094524914
2023-03-19,0.1,0.1,0.1,0.1,2936682,ADA-USD,243542.57104269924
2023-03-20,0.1,0.1,0.1,0.1,2969846,ADA-USD,339062.2196253457
2023-03-21,0.1,0.11,0.1,0.11,4611705,ADA-USD,550247.3695288557
2023-03-22,0.11,0.11,0.1,0.11,2164171,ADA-USD,267085.32800727576
2023-03-23,0.11,0.11,0.1,0.1,3394885,ADA-USD,379701.14413086895
2023-03-24,0.1,0.11,0.1,0.11,8717973,ADA-USD,904383.7462805382
2023-03-25,0.11,0.11,0.1,0.1,4701343,ADA-USD,466789.39043282147
2023-03-26,0.1,0.1,0.1,0.1,4764112,ADA-USD,425655.1990797382
2023-03-27,0.1,0.1,0.1,0.1,3989559,ADA-USD,439632.89074135415
2023-03-28,0.1,0.1,0.09,0.1,1845003,ADA-USD,186268.67895640686
2023-03-29,0.1,0.1,0.09,0.09,3079611,ADA-USD,293795.5064050219
2023-03-30,0.09,0.1,0.09,0.1,6437461,ADA-USD,606826.5657109767
2023-03-31,0.1,0.1,0.09,0.09,4031817,ADA-USD,388871.05225617066
2023-04-01,0.09,0.09,0.08,0.08,1944861,ADA-USD,166243.89887116576
2023-04-02,0.08,0.09,0.08,0.08,5132051,ADA-USD,454931.0487651144
2023-04-03,0.08,0.08,0.08,0.08,2467565,ADA-USD,170197.82769305055
2023-04-04,0.08,0.08,0.07,0.07,3346638,ADA-USD,245853.11203097695
2023-04-05,0.07,0.08,0.07,0.08,6194271,ADA-USD,570760.2200536848
2023-04-06,0.08,0.08,0.07,0.07,3945527,ADA-USD,231351.95004496753
2023-04-07,0.07,0.07,0.07,0.07,3823353,ADA-USD,316959.43064960296
2023-04-08,0.07,0.07,0.06,0.06,3716182,ADA-USD,196908.57369388075
2023-04-09,0.06,0.07,0.06,0.07,7774997,ADA-USD,639285.8938370034
2023-04-10,0.07,0.07,0.07,0.07,4202718,ADA-USD,337497.4094797029
2023-04-11,0.07,0.07,0.07,0.07,4761751,ADA-USD,369346.4915759498
2023-04-12,0.07,0.07,0.07,0.07,3088866,ADA-USD,191090.09220150168
2023-04-13,0.07,0.07,0.07,0.07,7451173,ADA-USD,462421.7637881756
2023-04-14,0.07,0.07,0.07,0.07,4799681,ADA-USD,303630.3927357923
2023-04-15,0.07,0.08,0.07,0.08,1578072,ADA-USD,141923.28329800212
2023-04-16,0.08,0.09,0.08,0.09,2504643,ADA-USD,197257.70356642373
2023-04-17,0.09,0.09,0.09,0.09,2133531,ADA-USD,198226.9369090748
2023-04-18,0.09,0.1,0.09,0.1,1877249,ADA-USD,208564.54479171388
2023-04-19,0.1,0.11,0.1,0.11,3567311,ADA-USD,386224.6402065996
2023-04-20,0.11,0.11,0.11,0.11,2060043,ADA-USD,257490.59827337405
2023-04-21,0.11,0.11,0.1,0.1,2852389,ADA-USD,292324.5763697181
2023-04-22,0.1,0.11,0.1,0.1,4518211,ADA-USD,469012.9633506734
2023-04-23,0.1,0.11,0.1,0.11,4243062,ADA-USD,499741.3318362005
2023-04-24,0.11,0.11,0.11,0.11,2365830,ADA-USD,296256.51401903486
2023-04-25,0.11,0.11,0.11,0.11,7283719,ADA-USD,642452.3915406402
2023-04-26,0.11,0.11,0.1,0.1,3760830,ADA-USD,359919.7467855297
2023-04-27,0.1,0.11,0.1,0.1,3493981,ADA-USD,414105.44250275934
2023-04-28,0.1,0.11,0.1,0.11,4264856,ADA-USD,393823.44623434107
2023-04-29,0.11,0.11,0.11,0.11,3083628,ADA-USD,303033.4725647089
2023-04-30,0.11,0.11,0.11,0.11,2731034,ADA-USD,308937.20824664755
2023-05-01,0.11,0.11,0.11,0.11,1319419,ADA-USD,165912.59670571834
2023-05-02,0.11,0.12,0.11,0.11,1582604,ADA-USD,146037.86485800036
2023-05-03,0.11,0.11,0.11,0.11,2893062,ADA-USD,255102.50545297703
2023-05-04,0.11,0.11,0.11,0.11,6323548,ADA-USD,747626.5121226339
2023-05-05,0.11,0.12,0.11,0.11,4407213,ADA-USD,503661.9874726124
2023-05-06,0.11,0.13,0.11,0.12,5790991,ADA-USD,631281.1650439047
2023-05-07,0.12,0.13,0.12,0.13,3192763,ADA-USD,491034.1008141746
2023-05-08,0.13,0.13,0.13,0.13,2137163,ADA-USD,284404.66488242877
2023-05-09,0.13,0.13,0.13,0.13,3882346,ADA-USD,537695.1871512687
2023-05-10,0.13,0.13,0.13,0.13,5195753,ADA-USD,642697.3659124188
2023-05-11,0.13,0.13,0.13,0.13,3838523,ADA-USD,583158.3430131377
2023-05-12,0.13,0.13,0.12,0.12,3945621,ADA-USD,431065.71682177996
2023-05-13,0.12,0.12,0.12,0.12,3842350,ADA-USD,506966.5804109496
2023-05-14,0.12,0.13,0.12,0.13,2178696,ADA-USD,239801.73799245845
2023-05-15,0.13,0.13,0.12,0.12,7406296,ADA-USD,902188.7163140978
2023-05-16,0.12,0.12,0.12,0.12,1848001,ADA-USD,228660.3692324738
2023-05-17,0.12,0.13,0.12,0.12,2345715,ADA-USD,246396.18150105607
2023-05-18,0.12,0.12,0.12,0.12,4475878,ADA-USD,499245.1776413399
2023-05-19,0.12,0.12,0.11,0.11,2720213,ADA-USD,260766.8992787768
2023-05-20,0.11,0.12,0.11,0.11,3554269,ADA-USD,444927.4729563271
2023-05-21,0.11,0.11,0.11,0.11,1388105,ADA-USD,162292.12648517484
2023-05-22,0.11,0.11,0.1,0.1,4395267,ADA-USD,430109.24142725137
2023-05-23,0.1,0.1,0.09,0.09,6518698,ADA-USD,599819.8804795
2023-05-24,0.09,0.1,0.09,0.09,2671319,ADA-USD,225420.57830437765
2023-05-25,0.09,0.09,0.09,0.09,3648765,ADA-USD,319028.3656959907
2023-05-26,0.09,0.09,0.09,0.09,3082503,ADA-USD,290671.9716208015
2023-05-27,0.09,0.09,0.08,0.08,3140478,ADA-USD,222243.196593667
2023-05-28,0.08,0.09,0.08,0.09,4262235,ADA-USD,327456.7166140851
2023-05-29,0.09,0.1,0.08,0.1,5469877,ADA-USD,644233.1190893322
2023-05-30,0.1,0.1,0.1,0.1,2198165,ADA-USD,196679.00786826308
2023-05-31,0.1,0.1,0.09,0.09,5162368,ADA-USD,463725.6061647233
2023-06-01,0.09,0.09,0.09,0.09,2240785,ADA-USD,222767.21633457058
2023-06-02,0.09,0.1,0.09,0.1,3760567,ADA-USD,384492.9166519274
2023-06-03,0.1,0.1,0.09,0.1,2647577,ADA-USD,279041.3440755083
2023-06-04,0.1,0.1,0.09,0.09,2715359,ADA-USD,211481.89644210858
2023-06-05,0.09,0.09,0.09,0.09,3414398,ADA-USD,294380.6039640733
2023-06-06,0.09,0.09,0.09,0.09,5282527,ADA-USD,511604.93832417583
2023-06-07,0.09,0.09,0.08,0.08,1630260,ADA-USD,115280.83561353167
2023-06-08,0.08,0.08,0.08,0.08,5124956,ADA-USD,407299.76995760604
2023-06-09,0.08,0.08,0.08,0.08,2896192,ADA-USD,239966.86119910917
2023-06-10,0.08,0.08,0.07,0.07,5891376,ADA-USD,460124.23197746597
2023-06-11,0.07,0.07,0.07,0.07,3767147,ADA-USD,233780.02175434824
2023-06-12,0.07,0.07,0.06,0.06,4320744,ADA-USD,308821.7485111206
2023-06-13,0.06,0.06,0.06,0.06,7202000,ADA-USD,512913.709606721
2023-06-14,0.06,0.06,0.06,0.06,2433044,ADA-USD,117503.96822426617
2023-06-15,0.06,0.06,0.06,0.06,3325476,ADA-USD,188991.658059039
2023-06-16,0.06,0.06,0.05,0.05,7643266,ADA-USD,316100.9493911355
2023-06-17,0.05,0.06,0.05,0.06,2015885,ADA-USD,112111.26373120518
2023-06-18,0.06,0.06,0.06,0.06,2931925,ADA-USD,183449.10844975823
2023-06-19,0.06,0.06,0.06,0.06,3407855,ADA-USD,213364.69967967237
2023-06-20,0.06,0.07,0.06,0.06,3961196,ADA-USD,199327.1065342768
2023-06-21,0.06,0.07,0.06,0.06,4506827,ADA-USD,289567.42081322614
2023-06-22,0.06,0.07,0.06,0.06,6066214,ADA-USD,414396.01008186623
2023-06-23,0.06,0.07,0.06,0.07,3818150,ADA-USD,281293.0636457509
2023-06-24,0.07,0.07,0.06,0.06,4944988,ADA-USD,274146.09278586175
2023-06-25,0.06,0.07,0.06,0.07,3814766,ADA-USD,213893.4017210602
2023-06-26,0.07,0.07,0.07,0.07,2163629,ADA-USD,160444.85823468832
2023-06-27,0.07,0.07,0.07,0.07,5017583,ADA-USD,376203.8801108832
2023-06-28,0.07,0.07,0.07,0.07,4688653,ADA-USD,355610.79039257177
2023-06-29,0.07,0.07,0.07,0.07,1390854,ADA-USD,79416.78383675255
2023-06-30,0.07,0.07,0.06,0.07,2677219,ADA-USD,188638.28921217914
2023-07-01,0.07,0.07,0.06,0.07,2997221,ADA-USD,202540.4322265608
2023-07-02,0.07,0.08,0.07,0.08,2644427,ADA-USD,234177.6154284592
2023-07-03,0.08,0.08,0.08,0.08,2671226,ADA-USD,232733.38418298724
2023-07-04,0.08,0.08,0.07,0.08,3086429,ADA-USD,291424.1649776758
2023-07-05,0.08,0.08,0.08,0.08,2576613,ADA-USD,238904.383806428
2023-07-06,0.08,0.08,0.07,0.07,4022082,ADA-USD,288078.3664150385
2023-07-07,0.07,0.07,0.07,0.07,1788347,ADA-USD,149243.40468934222
2023-07-08,0.07,0.07,0.07,0.07,4211501,ADA-USD,253557.45508853174
2023-07-09,0.07,0.07,0.06,0.06,2449810,ADA-USD,118011.77795180895
2023-07-10,0.06,0.06,0.06,0.06,4977154,ADA-USD,251784.20869677537
2023-07-11,0.06,0.07,0.06,0.07,2240280,ADA-USD,147731.07813268926
2023-07-12,0.07,0.07,0.06,0.06,5673940,ADA-USD,375196.23171437805
2023-07-13,0.06,0.06,0.06,0.06,7666312,ADA-USD,438464.0138385162
2023-07-14,0.06,0.06,0.06,0.06,4879779,ADA-USD,325649.35414679965
2023-07-15,0.06,0.06,0.06,0.06,1692536,ADA-USD,111414.26143731846
2023-07-16,0.06,0.06,0.06,0.06,3028718,ADA-USD,203119.140966389
2023-07-17,0.06,0.06,0.05,0.05,3458612,ADA-USD,151298.52532482048
2023-07-18,0.05,0.06,0.05,0.06,1584628,ADA-USD,95687.45195594656
2023-07-19,0.06,0.06,0.05,0.05,1941937,ADA-USD,105357.53107361184
2023-07-20,0.05,0.05,0.05,0.05,6037533,ADA-USD,275815.6030221359
2023-07-21,0.05,0.05,0.05,0.05,2170719,ADA-USD,123211.15738785728
2023-07-22,0.05,0.05,0.05,0.05,2957594,ADA-USD,164401.52788693085
2023-07-23,0.05,0.05,0.04,0.04,4443867,ADA-USD,150727.18953189565
2023-07-24,0.04,0.05,0.04,0.05,2445393,ADA-USD,108472.15506685858
2023-07-25,0.05,0.05,0.05,0.05,2287703,ADA-USD,102368.9165918942
2023-07-26,0.05,0.05,0.05,0.05,2114999,ADA-USD,121759.50072897274
2023-07-27,0.05,0.06,0.05,0.06,2000296,ADA-USD,104978.42437999976
2023-07-28,0.06,0.06,0.06,0.06,6685478,ADA-USD,420719.2098228383
2023-07-29,0.06,0.06,0.06,0.06,3828655,ADA-USD,189740.06217887296
2023-07-30,0.06,0.06,0.06,0.06,3209939,ADA-USD,196641.2758075119
2023-07-31,0.06,0.06,0.06,0.06,2615045,ADA-USD,134387.2944938526
2023-08-01,0.06,0.06,0.05,0.05,6025438,ADA-USD,310369.7961916571
2023-08-02,0.05,0.05,0.05,0.05,4338194,ADA-USD,205439.1440295906
2023-08-03,0.05,0.05,0.05,0.05,2413483,ADA-USD,125775.41944554904
2023-08-04,0.05,0.05,0.05,0.05,1377274,ADA-USD,65956.08789252586
2023-08-05,0.05,0.05,0.05,0.05,3147326,ADA-USD,179667.95059634317
2023-08-06,0.05,0.05,0.05,0.05,15519152,ADA-USD,855719.1290469317
2023-08-07,0.05,0.05,0.05,0.05,1395709,ADA-USD,79407.52951930968
2023-08-08,0.05,0.05,0.05,0.05,3352468,ADA-USD,148987.1790790282
2023-08-09,0.05,0.07,0.05,0.07,2407295,ADA-USD,144839.35157026377
2023-08-10,0.07,0.07,0.07,0.07,3795241,ADA-USD,271759.6387559626
2023-08-11,0.07,0.07,0.07,0.07,2488758,ADA-USD,200194.02590939243
2023-08-12,0.07,0.07,0.07,0.07,2928620,ADA-USD,173074.03488129601
2023-08-13,0.07,0.07,0.07,0.07,3391288,ADA-USD,212121.22914172168
2023-08-14,0.07,0.07,0.07,0.07,5795498,ADA-USD,445603.96111528587
2023-08-15,0.07,0.07,0.07,0.07,14059727,ADA-USD,970544.4645096293
2023-08-16,0.07,0.07,0.06,0.06,4942353,ADA-USD,308813.63206856913
2023-08-17,0.06,0.07,0.06,0.07,2523902,ADA-USD,183157.35689442683
2023-08-18,0.07,0.07,0.07,0.07,1456937,ADA-USD,98410.1775960856
2023-08-19,0.07,0.07,0.06,0.06,4127475,ADA-USD,268025.2471067076
2023-08-20,0.06,0.07,0.06,0.07,6351457,ADA-USD,507249.8148368503
2023-08-21,0.07,0.07,0.07,0.07,1822775,ADA-USD,148405.23194332866
2023-08-22,0.07,0.07,0.07,0.07,2815582,ADA-USD,161331.5105308187
2023-08-23,0.07,0.07,0.06,0.06,2597268,ADA-USD,159177.58751763066
2023-08-24,0.06,0.06,0.06,0.06,2934580,ADA-USD,143703.20471553496
2023-08-25,0.06,0.06,0.06,0.06,5486607,ADA-USD,381990.3228235921
2023-08-26,0.06,0.06,0.06,0.06,6455454,ADA-USD,376368.32816024206
2023-08-27,0.06,0.06,0.06,0.06,5733322,ADA-USD,399111.5074733946
2023-08-28,0.06,0.06,0.06,0.06,2019228,ADA-USD,106018.35831135094
2023-08-29,0.06,0.06,0.05,0.05,4064454,ADA-USD,175777.16874676984
2023-08-30,0.05,0.06,0.05,0.05,6436731,ADA-USD,374402.00337837747
2023-08-31,0.05,0.05,0.05,0.05,2758281,ADA-USD,162097.31083149087
2023-09-01,0.05,0.05,0.05,0.05,1558972,ADA-USD,86266.95138580987
2023-09-02,0.05,0.05,0.05,0.05,5847775,ADA-USD,259878.08849010585
2023-09-03,0.05,0.05,0.05,0.05,8852081,ADA-USD,384531.8125527098
2023-09-04,0.05,0.05,0.05,0.05,2327471,ADA-USD,127918.4146920434
2023-09-05,0.05,0.05,0.05,0.05,3069582,ADA-USD,161753.1408788426
2023-09-06,0.05,0.05,0.05,0.05,4625031,ADA-USD,265668.871572507
2023-09-07,0.05,0.05,0.05,0.05,2346020,ADA-USD,106828.902474108
2023-09-08,0.05,0.05,0.05,0.05,4467654,ADA-USD,205097.23018225725
2023-09-09,0.05,0.05,0.05,0.05,3171694,ADA-USD,173278.5949780798
2023-09-10,0.05,0.05,0.05,0.05,9537605,ADA-USD,432600.69945890876
2023-09-11,0.05,0.05,0.05,0.05,3580016,ADA-USD,176306.9977651343
2023-09-12,0.05,0.05,0.05,0.05,11033400,ADA-USD,556114.7264233214
2023-09-13,0.05,0.05,0.05,0.05,1750944,ADA-USD,93471.85250408633
2023-09-14,0.05,0.05,0.05,0.05,2893674,ADA-USD,135677.63204807
2023-09-15,0.05,0.06,0.05,0.05,5322705,ADA-USD,304281.69067067286
2023-09-16,0.05,0.05,0.05,0.05,3250745,ADA-USD,156187.18144540122
2023-09-17,0.05,0.05,0.05,0.05,7536885,ADA-USD,307711.9156364304
2023-09-18,0.05,0.05,0.05,0.05,4571152,ADA-USD,188971.61504608093
2023-09-19,0.05,0.05,0.05,0.05,2145090,ADA-USD,127485.8462468055
2023-09-20,0.05,0.05,0.05,0.05,2472431,ADA-USD,129656.3977178671
2023-09-21,0.05,0.05,0.04,0.05,1850026,ADA-USD,92165.63270172648
2023-09-22,0.05,0.05,0.04,0.04,2390617,ADA-USD,109764.91663544222
2023-09-23,0.04,0.05,0.04,0.05,6251897,ADA-USD,339713.6648523063
2023-09-24,0.05,0.05,0.05,0.05,2912965,ADA-USD,127086.3787230006
2023-09-25,0.05,0.05,0.05,0.05,3948510,ADA-USD,158516.27474418402
2023-09-26,0.05,0.05,0.05,0.05,3434165,ADA-USD,204822.55022573128
2023-09-27,0.05,0.05,0.05,0.05,5471457,ADA-USD,287712.85058040614
2023-09-28,0.05,0.05,0.05,0.05,2154723,ADA-USD,106748.17651350416
2023-09-29,0.05,0.05,0.05,0.05,5917614,ADA-USD,348506.76830482256
2023-09-30,0.05,0.05,0.05,0.05,2522136,ADA-USD,119509.27829230613
2023-10-01,0.05,0.05,0.04,0.04,3664452,ADA-USD,159626.61411937326
2023-10-02,0.04,0.04,0.04,0.04,2311571,ADA-USD,98754.53964510502
2023-10-03,0.04,0.04,0.04,0.04,2352828,ADA-USD,100777.13624866308
2023-10-04,0.04,0.04,0.04,0.04,2009632,ADA-USD,86080.82446962596
2023-10-05,0.04,0.04,0.04,0.04,4673021,ADA-USD,150316.30614042547
2023-10-06,0.04,0.04,0.04,0.04,4108054,ADA-USD,185638.16496230444
2023-10-07,0.04,0.04,0.04,0.04,4668975,ADA-USD,218355.1823905374
2023-10-08,0.04,0.04,0.04,0.04,5305061,ADA-USD,207903.1664083663
2023-10-09,0.04,0.04,0.04,0.04,2424494,ADA-USD,99326.03510121303
2023-10-10,0.04,0.04,0.04,0.04,2416324,ADA-USD,89876.26009301773
2023-10-11,0.04,0.04,0.04,0.04,2970522,ADA-USD,132369.88770285127
2023-10-12,0.04,0.04,0.04,0.04,4005647,ADA-USD,175389.74194563343
2023-10-13,0.04,0.04,0.04,0.04,2744035,ADA-USD,120232.68206341783
2023-10-14,0.04,0.04,0.04,0.04,4135297,ADA-USD,180955.49185239105
2023-10-15,0.04,0.04,0.04,0.04,1616591,ADA-USD,57383.649469455995
2023-10-16,0.04,0.04,0.03,0.03,3689797,ADA-USD,93537.36296564365
2023-10-17,0.03,0.03,0.03,0.03,4104786,ADA-USD,113821.82018333593
2023-10-18,0.03,0.04,0.03,0.03,5274797,ADA-USD,163015.23354079798
2023-10-19,0.03,0.04,0.03,0.04,2717674,ADA-USD,104337.9564029507
2023-10-20,0.04,0.04,0.04,0.04,9163223,ADA-USD,329765.4588729512
2023-10-21,0.04,0.04,0.04,0.04,3346267,ADA-USD,108273.89066449567
2023-10-22,0.04,0.05,0.04,0.05,3026520,ADA-USD,128393.03618603916
2023-10-23,0.05,0.05,0.04,0.04,4401607,ADA-USD,148269.49786150135
2023-10-24,0.04,0.05,0.04,0.05,5923412,ADA-USD,350267.8456332564
2023-10-25,0.05,0.05,0.05,0.05,1733208,ADA-USD,96325.63314685907
2023-10-26,0.05,0.05,0.05,0.05,3345383,ADA-USD,142028.35976488213
2023-10-27,0.05,0.05,0.05,0.05,3236623,ADA-USD,159708.61400879113
2023-10-28,0.05,0.06,0.05,0.06,3059746,ADA-USD,194929.27520914297
2023-10-29,0.06,0.06,0.05,0.05,5130630,ADA-USD,303839.341476208
2023-10-30,0.05,0.05,0.05,0.05,6744653,ADA-USD,306067.4856778619
2023-10-31,0.05,0.05,0.04,0.04,4463711,ADA-USD,161696.80492376987
2023-11-01,0.04,0.04,0.04,0.04,2055724,ADA-USD,84474.06227686872
2023-11-02,0.04,0.04,0.04,0.04,3764756,ADA-USD,172117.28549207072
2023-11-03,0.04,0.04,0.04,0.04,4367768,ADA-USD,159309.7029420344
2023-11-04,0.04,0.04,0.04,0.04,3289012,ADA-USD,111869.83560421532
2023-11-05,0.04,0.04,0.04,0.04,3349923,ADA-USD,121461.78508164534
2023-11-06,0.04,0.04,0.04,0.04,3877076,ADA-USD,151923.51975950217
2023-11-07,0.04,0.04,0.04,0.04,1937956,ADA-USD,73175.77071800915
2023-11-08,0.04,0.05,0.04,0.05,2056001,ADA-USD,117653.13534793381
2023-11-09,0.05,0.05,0.05,0.05,2226193,ADA-USD,131031.29199777718
2023-11-10,0.05,0.05,0.05,0.05,2621030,ADA-USD,124679.76922979104
2023-11-11,0.05,0.05,0.05,0.05,2326004,ADA-USD,131345.78491139988
2023-11-12,0.05,0.06,0.05,0.05,1507154,ADA-USD,62354.31597565488
2023-11-13,0.05,0.06,0.05,0.06,4224729,ADA-USD,258928.9068262226
2023-11-14,0.06,0.06,0.05,0.06,5868864,ADA-USD,398853.21036873263
2023-11-15,0.06,0.06,0.05,0.06,2167292,ADA-USD,125804.70741666509
2023-11-16,0.06,0.06,0.06,0.06,2989685,ADA-USD,153796.60769707695
2023-11-17,0.06,0.06,0.06,0.06,1735066,ADA-USD,95113.128661796
2023-11-18,0.06,0.06,0.06,0.06,2203609,ADA-USD,131788.5620926704
2023-11-19,0.06,0.06,0.06,0.06,5107473,ADA-USD,348554.06208531826
2023-11-20,0.06,0.06,0.06,0.06,2827278,ADA-USD,186505.16634421304
2023-11-21,0.06,0.06,0.06,0.06,1300731,ADA-USD,65044.111070898434
2023-11-22,0.06,0.06,0.06,0.06,5276623,ADA-USD,322442.6976891554
2023-11-23,0.06,0.06,0.05,0.05,2888740,ADA-USD,165949.4922369423
2023-11-24,0.05,0.05,0.04,0.04,1936856,ADA-USD,79863.86284854019
2023-11-25,0.04,0.04,0.04,0.04,12542249,ADA-USD,414383.3759481424
2023-11-26,0.04,0.05,0.04,0.05,9492700,ADA-USD,535980.6841455362
2023-11-27,0.05,0.05,0.05,0.05,4092516,ADA-USD,237920.02991301293
2023-11-28,0.05,0.05,0.05,0.05,3428744,ADA-USD,163838.3455826355
2023-11-29,0.05,0.05,0.05,0.05,2844787,ADA-USD,131436.9470284703
2023-11-30,0.05,0.06,0.05,0.06,5950249,ADA-USD,363205.6695483913
2023-12-01,0.06,0.06,0.05,0.05,3158784,ADA-USD,188521.79335463134
2023-12-02,0.05,0.05,0.05,0.05,4661180,ADA-USD,264518.63287795306
2023-12-03,0.05,0.05,0.05,0.05,1983722,ADA-USD,111527.06436710463
2023-12-04,0.05,0.05,0.04,0.05,4291955,ADA-USD,188257.4656222398
2023-12-05,0.05,0.05,0.04,0.05,7689803,ADA-USD,445265.0277897431
2023-12-06,0.05,0.05,0.04,0.05,3906547,ADA-USD,199698.44270525587
2023-12-07,0.05,0.05,0.04,0.05,986506,ADA-USD,57550.365891767244
2023-12-08,0.05,0.06,0.05,0.06,5393775,ADA-USD,343265.536065241
2023-12-09,0.06,0.06,0.05,0.05,1756941,ADA-USD,99589.28811533183
2023-12-10,0.05,0.05,0.05,0.05,3175165,ADA-USD,137518.02928330033
2023-12-11,0.05,0.06,0.05,0.06,4529668,ADA-USD,294231.4479594929
2023-12-12,0.06,0.06,0.05,0.05,2833929,ADA-USD,127937.84581573975
2023-12-13,0.05,0.05,0.05,0.05,2805350,ADA-USD,121690.59556605863
2023-12-14,0.05,0.06,0.05,0.05,3580493,ADA-USD,184322.51423051083
2023-12-15,0.05,0.05,0.05,0.05,4431402,ADA-USD,230675.84354360987
2023-12-16,0.05,0.05,0.05,0.05,3445043,ADA-USD,171605.70886470226
2023-12-17,0.05,0.05,0.05,0.05,3907816,ADA-USD,163271.741656476
2023-12-18,0.05,0.05,0.05,0.05,3934286,ADA-USD,176629.69317293583
2023-12-19,0.05,0.05,0.04,0.04,3056849,ADA-USD,109334.97298903367
2023-12-20,0.04,0.05,0.04,0.05,3467817,ADA-USD,160469.90673299975
2023-12-21,0.05,0.05,0.05,0.05,4220959,ADA-USD,221859.1263355561
2023-12-22,0.05,0.05,0.05,0.05,1073353,ADA-USD,52336.41899479878
2023-12-23,0.05,0.05,0.05,0.05,1998261,ADA-USD,118632.16443030923
2023-12-24,0.05,0.05,0.05,0.05,6803793,ADA-USD,274307.7120063878
2023-12-25,0.05,0.05,0.05,0.05,7276632,ADA-USD,322486.27425858594
2023-12-26,0.05,0.05,0.05,0.05,2147503,ADA-USD,110528.00194495979
2023-12-27,0.05,0.05,0.05,0.05,3796760,ADA-USD,218643.22024658066
2023-12-28,0.05,0.05,0.05,0.05,1612244,ADA-USD,65583.09232667495
2023-12-29,0.05,0.05,0.05,0.05,3722967,ADA-USD,214711.77718055533
2023-12-30,0.05,0.05,0.05,0.05,3010233,ADA-USD,150949.5464237532
2023-12-31,0.05,0.05,0.05,0.05,3673948,ADA-USD,204674.42033390942
2024-01-01,0.05,0.05,0.05,0.05,4665564,ADA-USD,275142.4706150986
2024-01-02,0.05,0.05,0.05,0.05,2658625,ADA-USD,117798.59090924519
2024-01-03,0.05,0.05,0.05,0.05,5692329,ADA-USD,294624.69185351324
2024-01-04,0.05,0.05,0.04,0.04,6474508,ADA-USD,298725.402181608
2024-01-05,0.04,0.05,0.04,0.05,2111019,ADA-USD,120092.09952898885
2024-01-06,0.05,0.05,0.05,0.05,7662935,ADA-USD,386359.72492965293
2024-01-07,0.05,0.05,0.04,0.04,1832298,ADA-USD,86469.58048542014
2024-01-08,0.04,0.05,0.04,0.05,2431299,ADA-USD,131700.76977127988
2024-01-09,0.05,0.05,0.04,0.05,2634808,ADA-USD,133011.13044311307
2024-01-10,0.05,0.05,0.04,0.04,1869901,ADA-USD,61569.17557800091
2024-01-11,0.04,0.05,0.04,0.05,4789405,ADA-USD,238254.30185689032
2024-01-12,0.05,0.05,0.05,0.05,2049471,ADA-USD,99272.30111374137
2024-01-13,0.05,0.05,0.05,0.05,2479221,ADA-USD,114304.63429001038
2024-01-14,0.05,0.05,0.05,0.05,4096179,ADA-USD,241092.20013454792
2024-01-15,0.05,0.06,0.05,0.06,3368377,ADA-USD,236516.6554612639
2024-01-16,0.06,0.06,0.05,0.06,9149704,ADA-USD,513251.04499497626
2024-01-17,0.06,0.06,0.06,0.06,3614561,ADA-USD,211301.11665003767
2024-01-18,0.06,0.06,0.06,0.06,2539069,ADA-USD,167689.42082187126
2024-01-19,0.06,0.06,0.05,0.05,1888687,ADA-USD,107090.71116246174
2024-01-20,0.05,0.06,0.05,0.06,1476690,ADA-USD,74782.36732945176
2024-01-21,0.06,0.06,0.05,0.05,2233640,ADA-USD,111270.7810910563
2024-01-22,0.05,0.05,0.05,0.05,7171976,ADA-USD,418055.1343079431
2024-01-23,0.05,0.05,0.04,0.04,2721185,ADA-USD,116013.39151506062
2024-01-24,0.04,0.05,0.04,0.05,1492313,ADA-USD,75898.03509095513
2024-01-25,0.05,0.05,0.04,0.04,3250430,ADA-USD,141357.01228254885
2024-01-26,0.04,0.05,0.04,0.05,3908177,ADA-USD,208026.91870820994
2024-01-27,0.05,0.05,0.04,0.04,3715740,ADA-USD,174922.10928204647
2024-01-28,0.04,0.04,0.04,0.04,1161411,ADA-USD,54124.28646925586
2024-01-29,0.04,0.04,0.04,0.04,7258970,ADA-USD,278486.12839666347
2024-01-30,0.04,0.04,0.03,0.04,2255414,ADA-USD,73328.71418840646
2024-01-31,0.04,0.04,0.03,0.04,3681594,ADA-USD,137407.4914681848
2024-02-01,0.04,0.04,0.04,0.04,4965474,ADA-USD,175014.28081228526
2024-02-02,0.04,0.04,0.04,0.04,3561264,ADA-USD,121456.32655642138
2024-02-03,0.04,0.04,0.04,0.04,2699265,ADA-USD,124725.20825445409
2024-02-04,0.04,0.04,0.04,0.04,2440983,ADA-USD,105838.34285379304
2024-02-05,0.04,0.04,0.04,0.04,4919699,ADA-USD,159994.80487956235
2024-02-06,0.04,0.04,0.04,0.04,4168411,ADA-USD,194731.74462077615
2024-02-07,0.04,0.04,0.04,0.04,5481734,ADA-USD,254616.39406830983
2024-02-08,0.04,0.04,0.04,0.04,1719066,ADA-USD,81123.11764723093
2024-02-09,0.04,0.05,0.04,0.05,6343960,ADA-USD,359052.40270465275
2024-02-10,0.05,0.05,0.04,0.05,3086904,ADA-USD,128345.89121941854
2024-02-11,0.05,0.05,0.05,0.05,3681057,ADA-USD,193093.1691569411
2024-02-12,0.05,0.05,0.05,0.05,2251339,ADA-USD,93794.74322326925
2024-02-13,0.05,0.05,0.05,0.05,2575630,ADA-USD,139774.09987896978
2024-02-14,0.05,0.06,0.05,0.05,4032865,ADA-USD,177204.81489051427
2024-02-15,0.05,0.06,0.05,0.06,2116566,ADA-USD,149132.1737646807
2024-02-16,0.06,0.06,0.05,0.05,2172104,ADA-USD,127466.49407638374
2024-02-17,0.05,0.06,0.05,0.06,1690642,ADA-USD,105277.06083732254
2024-02-18,0.06,0.07,0.06,0.07,4198012,ADA-USD,323561.46252983675
2024-02-19,0.07,0.07,0.07,0.07,2307852,ADA-USD,184693.4688704687
2024-02-20,0.07,0.08,0.07,0.07,16955192,ADA-USD,1134236.1074710405
2024-02-21,0.07,0.08,0.07,0.07,2568319,ADA-USD,185477.18321682248
2024-02-22,0.07,0.08,0.07,0.07,2676040,ADA-USD,163047.5220757402
2024-02-23,0.07,0.08,0.07,0.08,3955457,ADA-USD,377888.06595398946
2024-02-24,0.08,0.09,0.08,0.09,3938341,ADA-USD,415331.6828963922
2024-02-25,0.09,0.09,0.08,0.09,1955481,ADA-USD,174826.15794601783
2024-02-26,0.09,0.09,0.08,0.08,2082520,ADA-USD,170155.83639723083
2024-02-27,0.08,0.08,0.08,0.08,2036124,ADA-USD,158765.37682647235
2024-02-28,0.08,0.08,0.08,0.08,1378588,ADA-USD,88302.99341779537
2024-02-29,0.08,0.08,0.08,0.08,1703816,ADA-USD,121584.19132001199
2024-03-01,0.08,0.08,0.08,0.08,2018527,ADA-USD,135751.47480636407
2024-03-02,0.08,0.08,0.08,0.08,1621054,ADA-USD,120497.42995100001
2024-03-03,0.08,0.08,0.08,0.08,6334444,ADA-USD,453289.8601055802
2024-03-04,0.08,0.08,0.08,0.08,2827413,ADA-USD,249865.63879695133
2024-03-05,0.08,0.08,0.08,0.08,3158796,ADA-USD,253188.56544354907
2024-03-06,0.08,0.08,0.08,0.08,2158806,ADA-USD,194603.01005561024
2024-03-07,0.08,0.08,0.08,0.08,8642230,ADA-USD,728905.8243936653
2024-03-08,0.08,0.08,0.08,0.08,2968627,ADA-USD,252331.06374296048
2024-03-09,0.08,0.09,0.08,0.09,3938837,ADA-USD,407846.1978696139
2024-03-10,0.09,0.1,0.09,0.1,1564614,ADA-USD,178190.22012052164
2024-03-11,0.1,0.1,0.09,0.1,2201871,ADA-USD,181724.52541666303
2024-03-12,0.1,0.1,0.1,0.1,2513015,ADA-USD,259177.18265834465
2024-03-13,0.1,0.1,0.1,0.1,2801144,ADA-USD,270376.50105899107
2024-03-14,0.1,0.1,0.1,0.1,4144106,ADA-USD,430926.9241736874
2024-03-15,0.1,0.1,0.1,0.1,10427905,ADA-USD,1194053.3112009862
2024-03-16,0.1,0.1,0.1,0.1,4699284,ADA-USD,378207.2063889753
2024-03-17,0.1,0.1,0.1,0.1,3591604,ADA-USD,288904.0315093145
2024-03-18,0.1,0.11,0.1,0.11,2444582,ADA-USD,221851.7119289984
2024-03-19,0.11,0.11,0.1,0.1,3801289,ADA-USD,437130.78790292883
2024-03-20,0.1,0.1,0.1,0.1,4069285,ADA-USD,383079.5392453031
2024-03-21,0.1,0.11,0.1,0.11,1991422,ADA-USD,207773.31178224678
2024-03-22,0.11,0.11,0.11,0.11,4153943,ADA-USD,428677.53907143686
2024-03-23,0.11,0.11,0.1,0.1,1594362,ADA-USD,142278.47378665936
2024-03-24,0.1,0.11,0.1,0.1,4328591,ADA-USD,353016.0792164429
2024-03-25,0.1,0.11,0.1,0.11,3708451,ADA-USD,474261.19049946725
2024-03-26,0.11,0.12,0.1,0.12,2109970,ADA-USD,226142.27385033655
2024-03-27,0.12,0.12,0.12,0.12,1773110,ADA-USD,246301.1839181211
2024-03-28,0.12,0.14,0.12,0.13,2933516,ADA-USD,450872.5984249499
2024-03-29,0.13,0.13,0.13,0.13,5606206,ADA-USD,751152.4763570952
2024-03-30,0.13,0.13,0.12,0.12,3221627,ADA-USD,366843.87627296185
2024-03-31,0.12,0.12,0.12,0.12,6824989,ADA-USD,906073.7285087752
2024-04-01,0.12,0.12,0.12,0.12,3210364,ADA-USD,312106.39182008646
2024-04-02,0.12,0.12,0.12,0.12,10046516,ADA-USD,1412395.5880234297
2024-04-03,0.12,0.12,0.11,0.11,1574831,ADA-USD,166850.6948745326
2024-04-04,0.11,0.11,0.11,0.11,1460164,ADA-USD,148321.26048209288
2024-04-05,0.11,0.12,0.11,0.12,1952177,ADA-USD,199303.3671766
2024-04-06,0.12,0.12,0.11,0.12,3494151,ADA-USD,495638.94359727396
2024-04-07,0.12,0.12,0.12,0.12,2860468,ADA-USD,385961.3399038874
2024-04-08,0.12,0.12,0.12,0.12,5508819,ADA-USD,720273.3680800508
2024-04-09,0.12,0.13,0.12,0.13,7073842,ADA-USD,1078125.3743927258
2024-04-10,0.13,0.14,0.13,0.14,1658838,ADA-USD,274953.3010921493
2024-04-11,0.14,0.14,0.14,0.14,2009948,ADA-USD,255329.78595425113
2024-04-12,0.14,0.14,0.14,0.14,2716367,ADA-USD,423876.569645701
2024-04-13,0.14,0.15,0.14,0.14,4766168,ADA-USD,738522.2665538782
2024-04-14,0.14,0.15,0.13,0.13,1809821,ADA-USD,240670.79649167755
2024-04-15,0.13,0.13,0.13,0.13,3270942,ADA-USD,365763.69013832085
2024-04-16,0.13,0.14,0.13,0.14,3077027,ADA-USD,506661.2552121002
2024-04-17,0.14,0.14,0.13,0.13,1670125,ADA-USD,201082.8415912722
2024-04-18,0.13,0.13,0.12,0.12,1252205,ADA-USD,155005.71045116353
2024-04-19,0.12,0.13,0.12,0.12,14610750,ADA-USD,1416223.6934303965
2024-04-20,0.12,0.12,0.12,0.12,3629962,ADA-USD,423249.7771962699
2024-04-21,0.12,0.12,0.11,0.11,2544361,ADA-USD,292966.2311709522
2024-04-22,0.11,0.11,0.1,0.1,1929580,ADA-USD,183770.09739581047
2024-04-23,0.1,0.11,0.1,0.11,6344239,ADA-USD,691475.5994767171
2024-04-24,0.11,0.11,0.11,0.11,2914700,ADA-USD,281120.2163895611
2024-04-25,0.11,0.11,0.11,0.11,2240091,ADA-USD,231647.26852671383
2024-04-26,0.11,0.11,0.11,0.11,1556146,ADA-USD,186469.90771813242
2024-04-27,0.11,0.11,0.1,0.1,1905932,ADA-USD,226402.7583855464
2024-04-28,0.1,0.11,0.1,0.11,7438628,ADA-USD,808032.9898850683
2024-04-29,0.11,0.11,0.11,0.11,4209559,ADA-USD,497511.1566385922
2024-04-30,0.11,0.11,0.11,0.11,2033422,ADA-USD,266281.23263421026
2024-05-01,0.11,0.11,0.11,0.11,2216280,ADA-USD,270587.4968538361
2024-05-02,0.11,0.11,0.1,0.1,1453412,ADA-USD,116861.9195709756
2024-05-03,0.1,0.11,0.1,0.11,2123610,ADA-USD,274293.5122619139
2024-05-04,0.11,0.11,0.11,0.11,1733648,ADA-USD,218663.16479156853
2024-05-05,0.11,0.11,0.1,0.1,3254544,ADA-USD,295657.4717474331
2024-05-06,0.1,0.1,0.09,0.09,4831407,ADA-USD,379438.6549518639
2024-05-07,0.09,0.09,0.09,0.09,2241808,ADA-USD,233982.14895127752
2024-05-08,0.09,0.1,0.09,0.1,3186559,ADA-USD,342706.87530058646
2024-05-09,0.1,0.1,0.09,0.09,2006636,ADA-USD,161597.7479662303
2024-05-10,0.09,0.09,0.09,0.09,5850538,ADA-USD,571596.0727050089
2024-05-11,0.09,0.1,0.09,0.1,4681953,ADA-USD,486965.21905190626
2024-05-12,0.1,0.1,0.1,0.1,1995766,ADA-USD,184346.11557712895
2024-05-13,0.1,0.1,0.1,0.1,6578322,ADA-USD,672771.0039494652
2024-05-14,0.1,0.1,0.1,0.1,2325526,ADA-USD,235089.04912895677
2024-05-15,0.1,0.1,0.1,0.1,7517614,ADA-USD,754700.5705071193
2024-05-16,0.1,0.1,0.1,0.1,2250866,ADA-USD,226650.1909069655
2024-05-17,0.1,0.11,0.1,0.11,3106841,ADA-USD,273457.4204614955
2024-05-18,0.11,0.11,0.08,0.08,3053103,ADA-USD,221643.88736661503
2024-05-19,0.08,0.09,0.08,0.08,2767146,ADA-USD,215250.04790789625
2024-05-20,0.08,0.09,0.08,0.08,7085327,ADA-USD,482313.1325879855
2024-05-21,0.08,0.08,0.08,0.08,7392028,ADA-USD,650300.821369184
2024-05-22,0.08,0.08,0.08,0.08,2896344,ADA-USD,263858.0524242741
2024-05-23,0.08,0.08,0.08,0.08,2881022,ADA-USD,259778.0372574858
2024-05-24,0.08,0.08,0.07,0.07,2813662,ADA-USD,193776.42021823523
2024-05-25,0.07,0.07,0.07,0.07,6041727,ADA-USD,455181.6121153091
2024-05-26,0.07,0.08,0.07,0.08,1501240,ADA-USD,99772.9459908044
2024-05-27,0.08,0.08,0.07,0.08,1764389,ADA-USD,124178.90215842558
2024-05-28,0.08,0.08,0.08,0.08,1356967,ADA-USD,88884.12805788933
2024-05-29,0.08,0.08,0.07,0.07,17956869,ADA-USD,1491000.604512258
2024-05-30,0.07,0.08,0.07,0.08,5520729,ADA-USD,454786.6204975399
2024-05-31,0.08,0.08,0.08,0.08,3739864,ADA-USD,260323.2589023037
2024-06-01,0.08,0.08,0.07,0.07,1577483,ADA-USD,119590.99396772259
2024-06-02,0.07,0.07,0.07,0.07,5382544,ADA-USD,375139.66764949664
2024-06-03,0.07,0.08,0.07,0.07,3092939,ADA-USD,210812.29010897674
2024-06-04,0.07,0.07,0.07,0.07,4360148,ADA-USD,355686.43774441455
2024-06-05,0.07,0.07,0.07,0.07,3628566,ADA-USD,275153.3263929814
2024-06-06,0.07,0.07,0.07,0.07,2797928,ADA-USD,210791.54043532073
2024-06-07,0.07,0.08,0.07,0.08,4216005,ADA-USD,282952.44693795574
2024-06-08,0.08,0.08,0.07,0.07,2425254,ADA-USD,142063.6262595295
2024-06-09,0.07,0.08,0.07,0.08,4379532,ADA-USD,373407.0672545566
2024-06-10,0.08,0.08,0.08,0.08,9305712,ADA-USD,642165.7546628502
2024-06-11,0.08,0.08,0.07,0.07,2279517,ADA-USD,156582.52362126924
2024-06-12,0.07,0.08,0.07,0.07,3093695,ADA-USD,222605.40798426964
2024-06-13,0.07,0.08,0.07,0.08,8977976,ADA-USD,686087.0464691382
2024-06-14,0.08,0.08,0.07,0.07,4755997,ADA-USD,277675.695632487
2024-06-15,0.07,0.08,0.07,0.08,3975746,ADA-USD,349019.7136863805
2024-06-16,0.08,0.08,0.07,0.07,3863420,ADA-USD,312090.52664753323
2024-06-17,0.07,0.07,0.07,0.07,2419530,ADA-USD,146447.21432859014
2024-06-18,0.07,0.07,0.07,0.07,2709546,ADA-USD,216533.09892220955
2024-06-19,0.07,0.07,0.07,0.07,2870543,ADA-USD,224142.00598870995
2024-06-20,0.07,0.07,0.07,0.07,2125307,ADA-USD,152571.7252524856
2024-06-21,0.07,0.08,0.07,0.08,2072054,ADA-USD,172136.32282024025
2024-06-22,0.08,0.08,0.08,0.08,3913823,ADA-USD,332088.5843886655
2024-06-23,0.08,0.08,0.08,0.08,4567647,ADA-USD,369031.01215987443
2024-06-24,0.08,0.08,0.08,0.08,4534862,ADA-USD,412758.4564899277
2024-06-25,0.08,0.09,0.08,0.09,5882862,ADA-USD,523972.11660719186
2024-06-26,0.09,0.09,0.08,0.09,1784103,ADA-USD,163591.3558498219
2024-06-27,0.09,0.09,0.08,0.09,2792929,ADA-USD,204787.48181112195
2024-06-28,0.09,0.09,0.09,0.09,4621734,ADA-USD,362725.2765558747
2024-06-29,0.09,0.09,0.08,0.08,12142553,ADA-USD,1128296.8993846476
2024-06-30,0.08,0.08,0.07,0.07,4555668,ADA-USD,270624.9869378529
2024-07-01,0.07,0.07,0.07,0.07,1761369,ADA-USD,143222.87627273385
2024-07-02,0.07,0.07,0.07,0.07,4593440,ADA-USD,339022.8852866557
2024-07-03,0.07,0.08,0.07,0.08,1831074,ADA-USD,171102.80447790408
2024-07-04,0.08,0.08,0.08,0.08,4133383,ADA-USD,372243.3296580193
2024-07-05,0.08,0.08,0.08,0.08,7174937,ADA-USD,657863.306056563
2024-07-06,0.08,0.08,0.08,0.08,3668713,ADA-USD,296359.56404078845
2024-07-07,0.08,0.08,0.08,0.08,1652813,ADA-USD,149430.0725570294
2024-07-08,0.08,0.09,0.08,0.09,3242548,ADA-USD,287221.65723419125
2024-07-09,0.09,0.09,0.08,0.08,2943335,ADA-USD,192533.94311030806
2024-07-10,0.08,0.08,0.08,0.08,2007186,ADA-USD,170296.61525746857
2024-07-11,0.08,0.08,0.07,0.08,1401862,ADA-USD,122397.27622021723
2024-07-12,0.08,0.08,0.07,0.08,3028674,ADA-USD,203676.99170392414
2024-07-13,0.08,0.08,0.07,0.08,4542448,ADA-USD,409315.5492833759
2024-07-14,0.08,0.08,0.08,0.08,3332410,ADA-USD,221290.55571085517
2024-07-15,0.08,0.08,0.08,0.08,3850936,ADA-USD,300879.99061389046
2024-07-16,0.08,0.08,0.08,0.08,3961226,ADA-USD,315367.29991548206
2024-07-17,0.08,0.08,0.08,0.08,5832122,ADA-USD,380115.67289813503
2024-07-18,0.08,0.08,0.08,0.08,2120287,ADA-USD,140163.1534279122
2024-07-19,0.08,0.08,0.08,0.08,916892,ADA-USD,71903.23294976586
2024-07-20,0.08,0.08,0.07,0.08,2135553,ADA-USD,157946.02559319555
2024-07-21,0.08,0.08,0.07,0.08,10781525,ADA-USD,971512.9590553358
2024-07-22,0.08,0.08,0.07,0.07,5780148,ADA-USD,390668.2653636179
2024-07-23,0.07,0.07,0.07,0.07,4296218,ADA-USD,253282.49298326552
2024-07-24,0.07,0.07,0.05,0.05,1865563,ADA-USD,80513.16656455159
2024-07-25,0.05,0.06,0.05,0.06,5849652,ADA-USD,375333.28643885267
2024-07-26,0.06,0.07,0.06,0.07,1844890,ADA-USD,152391.2871969699
2024-07-27,0.07,0.07,0.07,0.07,3847378,ADA-USD,309131.9157988671
2024-07-28,0.07,0.08,0.07,0.08,2246412,ADA-USD,153079.0916292194
2024-07-29,0.08,0.08,0.08,0.08,2273386,ADA-USD,146687.4584800978
2024-07-30,0.08,0.08,0.07,0.08,8968725,ADA-USD,581586.3067754875
2024-07-31,0.08,0.08,0.08,0.08,2620302,ADA-USD,214223.18110238182
2024-08-01,0.08,0.08,0.08,0.08,2625478,ADA-USD,208853.42689938738
2024-08-02,0.08,0.08,0.06,0.06,6361806,ADA-USD,307412.12503334787
2024-08-03,0.06,0.07,0.06,0.06,2924995,ADA-USD,144409.7689580284
2024-08-04,0.06,0.07,0.06,0.07,5814683,ADA-USD,488393.39542732696
2024-08-05,0.07,0.07,0.07,0.07,3428245,ADA-USD,284607.2590008113
2024-08-06,0.07,0.07,0.07,0.07,3058350,ADA-USD,182119.51871547417
2024-08-07,0.07,0.07,0.07,0.07,3018547,ADA-USD,182908.24295206927
2024-08-08,0.07,0.07,0.07,0.07,3581820,ADA-USD,290860.11732553714
2024-08-09,0.07,0.07,0.07,0.07,2428159,ADA-USD,170476.92411922323
2024-08-10,0.07,0.07,0.07,0.07,2020549,ADA-USD,167348.5857575786
2024-08-11,0.07,0.07,0.07,0.07,2236368,ADA-USD,157819.40069260678
2024-08-12,0.07,0.07,0.07,0.07,5361198,ADA-USD,386876.241288039
2024-08-13,0.07,0.07,0.06,0.06,2716183,ADA-USD,144727.08933494583
2024-08-14,0.06,0.07,0.06,0.07,4663472,ADA-USD,375549.9843421793
2024-08-15,0.07,0.07,0.06,0.06,3183168,ADA-USD,215818.98990900756
2024-08-16,0.06,0.07,0.06,0.07,6427037,ADA-USD,420635.73172328697
2024-08-17,0.07,0.07,0.07,0.07,1326797,ADA-USD,97050.48333527797
2024-08-18,0.07,0.07,0.06,0.07,970383,ADA-USD,63618.683714467654
2024-08-19,0.07,0.07,0.06,0.06,5416020,ADA-USD,320277.6354634946
2024-08-20,0.06,0.07,0.06,0.07,2039593,ADA-USD,162962.32740116416
2024-08-21,0.07,0.07,0.07,0.07,1333212,ADA-USD,90167.54997036385
2024-08-22,0.07,0.07,0.07,0.07,4353775,ADA-USD,346281.13897631434
2024-08-23,0.07,0.07,0.06,0.06,971733,ADA-USD,69034.83332858002
2024-08-24,0.06,0.06,0.06,0.06,5965930,ADA-USD,345977.74933769944
2024-08-25,0.06,0.06,0.05,0.06,2117021,ADA-USD,146203.09357004453
2024-08-26,0.06,0.06,0.05,0.06,4783552,ADA-USD,264509.37973617716
2024-08-27,0.06,0.06,0.05,0.06,3319549,ADA-USD,159566.55465911244
2024-08-28,0.06,0.06,0.05,0.05,3331193,ADA-USD,138876.86421455862
2024-08-29,0.05,0.05,0.04,0.04,2391731,ADA-USD,104742.5607396537
2024-08-30,0.04,0.04,0.04,0.04,5293880,ADA-USD,177889.7681717906
2024-08-31,0.04,0.04,0.04,0.04,2595628,ADA-USD,122063.44905572681
2024-09-01,0.04,0.04,0.04,0.04,2522757,ADA-USD,115706.93934942257
2024-09-02,0.04,0.04,0.04,0.04,1946034,ADA-USD,78303.7696220617
2024-09-03,0.04,0.04,0.04,0.04,4006402,ADA-USD,165481.07242254674
2024-09-04,0.04,0.04,0.04,0.04,1811323,ADA-USD,78085.35450144186
2024-09-05,0.04,0.04,0.04,0.04,2995730,ADA-USD,130925.67381639393
2024-09-06,0.04,0.04,0.04,0.04,2409258,ADA-USD,96031.35427415658
2024-09-07,0.04,0.04,0.04,0.04,2326101,ADA-USD,86099.2378241747
2024-09-08,0.04,0.04,0.04,0.04,1145796,ADA-USD,53352.66079416105
2024-09-09,0.04,0.04,0.04,0.04,4906623,ADA-USD,160667.84672957857
2024-09-10,0.04,0.04,0.04,0.04,3679055,ADA-USD,138690.61781093723
2024-09-11,0.04,0.04,0.04,0.04,3324038,ADA-USD,141817.06448114698
2024-09-12,0.04,0.04,0.04,0.04,1942950,ADA-USD,89875.317302383
2024-09-13,0.04,0.04,0.03,0.03,5597932,ADA-USD,139336.39007499992
2024-09-14,0.03,0.04,0.03,0.04,4150597,ADA-USD,176579.9680303284
2024-09-15,0.04,0.04,0.03,0.03,3296284,ADA-USD,98377.34764780557
2024-09-16,0.03,0.04,0.03,0.04,14662947,ADA-USD,630269.5113972051
2024-09-17,0.04,0.04,0.04,0.04,2275037,ADA-USD,84347.54471912418
2024-09-18,0.04,0.04,0.04,0.04,4261331,ADA-USD,184819.1264820007
2024-09-19,0.04,0.04,0.04,0.04,953369,ADA-USD,33257.50269490091
2024-09-20,0.04,0.04,0.04,0.04,3581019,ADA-USD,159020.13757085637
2024-09-21,0.04,0.04,0.04,0.04,3504205,ADA-USD,154148.53504057898
2024-09-22,0.04,0.04,0.04,0.04,1641484,ADA-USD,77393.65053921909
2024-09-23,0.04,0.04,0.03,0.04,1910670,ADA-USD,66437.01973985019
2024-09-24,0.04,0.04,0.03,0.03,3485794,ADA-USD,113859.91332653243
2024-09-25,0.03,0.04,0.03,0.03,3248069,ADA-USD,90529.531286218
2024-09-26,0.03,0.03,0.03,0.03,5328552,ADA-USD,145907.91367402696
2024-09-27,0.03,0.03,0.03,0.03,3726274,ADA-USD,107388.03946766708
2024-09-28,0.03,0.04,0.03,0.04,2902565,ADA-USD,106127.13719103612
2024-09-29,0.04,0.04,0.04,0.04,1248777,ADA-USD,44919.87776247071
2024-09-30,0.04,0.04,0.03,0.03,2783574,ADA-USD,92472.06221335026
2024-10-01,0.03,0.04,0.03,0.04,4478439,ADA-USD,193432.98846995397
2024-10-02,0.04,0.04,0.03,0.03,1559167,ADA-USD,39466.10590497981
2024-10-03,0.03,0.03,0.03,0.03,2949036,ADA-USD,90600.80631123003
2024-10-04,0.03,0.03,0.03,0.03,1817512,ADA-USD,50839.503553965784
2024-10-05,0.03,0.03,0.03,0.03,4241774,ADA-USD,151229.489995779
2024-10-06,0.03,0.03,0.03,0.03,2495168,ADA-USD,72610.66926348243
2024-10-07,0.03,0.03,0.03,0.03,4526483,ADA-USD,110839.46468724703
2024-10-08,0.03,0.03,0.03,0.03,3632809,ADA-USD,101648.15185207807
2024-10-09,0.03,0.03,0.03,0.03,2122617,ADA-USD,58907.913133349255
2024-10-10,0.03,0.03,0.03,0.03,2841150,ADA-USD,68379.71022356067
2024-10-11,0.03,0.03,0.03,0.03,938038,ADA-USD,28003.611919728537
2024-10-12,0.03,0.03,0.03,0.03,1655315,ADA-USD,57720.09513062076
2024-10-13,0.03,0.03,0.03,0.03,2489905,ADA-USD,83729.9249954177
2024-10-14,0.03,0.03,0.02,0.02,2520834,ADA-USD,54140.52560593253
2024-10-15,0.02,0.03,0.02,0.03,2000612,ADA-USD,56262.043742828886
2024-10-16,0.03,0.03,0.03,0.03,2393260,ADA-USD,64100.03426365347
2024-10-17,0.03,0.03,0.03,0.03,1999681,ADA-USD,56213.8290178414
2024-10-18,0.03,0.03,0.03,0.03,2162145,ADA-USD,55084.345742541394
2024-10-19,0.03,0.03,0.03,0.03,1445416,ADA-USD,36415.61102087501
2024-10-20,0.03,0.03,0.03,0.03,4975430,ADA-USD,153712.88956585884
2024-10-21,0.03,0.03,0.03,0.03,3124238,ADA-USD,105499.03968425718
2024-10-22,0.03,0.03,0.03,0.03,6600022,ADA-USD,166272.304859043
2024-10-23,0.03,0.03,0.03,0.03,4942654,ADA-USD,138504.26241364283
2024-10-24,0.03,0.03,0.03,0.03,3372746,ADA-USD,85914.12446014339
2024-10-25,0.03,0.03,0.03,0.03,4568721,ADA-USD,126671.3018188024
2024-10-26,0.03,0.04,0.03,0.03,4738095,ADA-USD,160920.67919230217
2024-10-27,0.03,0.04,0.03,0.03,1727114,ADA-USD,42172.94827260644
2024-10-28,0.03,0.03,0.03,0.03,12035170,ADA-USD,382315.99479357403
2024-10-29,0.03,0.03,0.03,0.03,6580552,ADA-USD,162658.34191469045
2024-10-30,0.03,0.03,0.03,0.03,2430811,ADA-USD,70781.6938705176
2024-10-31,0.03,0.03,0.03,0.03,16035812,ADA-USD,476081.3505407534
2024-11-01,0.03,0.03,0.03,0.03,3489518,ADA-USD,100561.35007740247
2024-11-02,0.03,0.03,0.03,0.03,4352615,ADA-USD,137754.28286919382
2024-11-03,0.03,0.03,0.03,0.03,2661641,ADA-USD,94977.89263538297
2024-11-04,0.03,0.04,0.03,0.04,1517941,ADA-USD,55066.03731606456
2024-11-05,0.04,0.04,0.03,0.03,3746298,ADA-USD,117323.66998965161
2024-11-06,0.03,0.03,0.03,0.03,2408276,ADA-USD,68057.25982626829
2024-11-07,0.03,0.03,0.03,0.03,2895856,ADA-USD,104233.46429296993
2024-11-08,0.03,0.03,0.03,0.03,3281268,ADA-USD,116196.13669604524
2024-11-09,0.03,0.03,0.03,0.03,2753997,ADA-USD,69182.70275150971
2024-11-10,0.03,0.03,0.03,0.03,4254904,ADA-USD,151828.3854763932
2024-11-11,0.03,0.03,0.03,0.03,5929450,ADA-USD,194837.31690021808
2024-11-12,0.03,0.03,0.03,0.03,2074307,ADA-USD,74484.49845024924
2024-11-13,0.03,0.03,0.02,0.02,2259857,ADA-USD,50095.61796180507
2024-11-14,0.02,0.03,0.02,0.02,2286996,ADA-USD,38950.899928529434
2024-11-15,0.02,0.03,0.02,0.03,2750081,ADA-USD,90768.14202418084
2024-11-16,0.03,0.03,0.03,0.03,2897094,ADA-USD,94791.55807099532
2024-11-17,0.03,0.03,0.03,0.03,2889640,ADA-USD,75133.03643572066
2024-11-18,0.03,0.03,0.03,0.03,878568,ADA-USD,29026.19415248943
2024-11-19,0.03,0.03,0.03,0.03,1946222,ADA-USD,62468.41528792474
2024-11-20,0.03,0.03,0.03,0.03,4454471,ADA-USD,160063.96754433017
2024-11-21,0.03,0.04,0.03,0.04,1793595,ADA-USD,75151.33118584246
2024-11-22,0.04,0.04,0.03,0.03,1262898,ADA-USD,36592.86772875586
2024-11-23,0.03,0.03,0.03,0.03,4652675,ADA-USD,164923.28014714588
2024-11-24,0.03,0.03,0.03,0.03,1484754,ADA-USD,46820.37872289002
2024-11-25,0.03,0.04,0.03,0.04,5583194,ADA-USD,209805.89927404263
2024-11-26,0.04,0.04,0.03,0.03,2643558,ADA-USD,64113.0173449721
2024-11-27,0.03,0.03,0.03,0.03,1698436,ADA-USD,56183.71058442628
2024-11-28,0.03,0.03,0.03,0.03,1998242,ADA-USD,50823.914840487996
2024-11-29,0.03,0.03,0.03,0.03,4487769,ADA-USD,157449.0338436648
2024-11-30,0.03,0.03,0.03,0.03,4925894,ADA-USD,175050.0177133868
2024-12-01,0.03,0.03,0.03,0.03,2962727,ADA-USD,79510.87095060632
2024-12-02,0.03,0.03,0.03,0.03,7595719,ADA-USD,192579.31127654822
2024-12-03,0.03,0.03,0.03,0.03,4214235,ADA-USD,131247.462135735
2024-12-04,0.03,0.03,0.03,0.03,5983677,ADA-USD,158955.07254867276
2024-12-05,0.03,0.04,0.03,0.04,9352359,ADA-USD,380355.1869551627
2024-12-06,0.04,0.04,0.04,0.04,5155076,ADA-USD,199126.53561941278
2024-12-07,0.04,0.04,0.04,0.04,3539813,ADA-USD,158131.96352712886
2024-12-08,0.04,0.04,0.04,0.04,1846046,ADA-USD,88606.11823153717
2024-12-09,0.04,0.04,0.04,0.04,3448718,ADA-USD,135565.21243770854
2024-12-10,0.04,0.04,0.04,0.04,3056062,ADA-USD,131289.2769009534
2024-12-11,0.04,0.04,0.04,0.04,5835800,ADA-USD,218660.9181576802
2024-12-12,0.04,0.04,0.04,0.04,2063360,ADA-USD,94501.93689997273
2024-12-13,0.04,0.04,0.04,0.04,2568717,ADA-USD,83717.67821679218
2024-12-14,0.04,0.04,0.04,0.04,2673730,ADA-USD,106672.08969953695
2024-12-15,0.04,0.04,0.04,0.04,3364392,ADA-USD,117176.41388016635
2024-12-16,0.04,0.04,0.04,0.04,2069781,ADA-USD,72089.42424277645
2024-12-17,0.04,0.04,0.04,0.04,3231019,ADA-USD,130946.51668354713
2024-12-18,0.04,0.04,0.04,0.04,2334606,ADA-USD,86204.8257795595
2024-12-19,0.04,0.04,0.03,0.03,2863400,ADA-USD,84493.37942681475
2024-12-20,0.03,0.03,0.03,0.03,1197323,ADA-USD,33127.43605729019
2024-12-21,0.03,0.04,0.03,0.03,6871704,ADA-USD,202446.0853627532
2024-12-22,0.03,0.03,0.03,0.03,1062305,ADA-USD,29140.13309271434
2024-12-23,0.03,0.03,0.03,0.03,2197411,ADA-USD,73926.65338284397
2024-12-24,0.03,0.03,0.03,0.03,4002407,ADA-USD,122849.62920953636
2024-12-25,0.03,0.03,0.03,0.03,3563433,ADA-USD,92425.4744584127
2024-12-26,0.03,0.03,0.03,0.03,4529329,ADA-USD,109163.60969736228
2024-12-27,0.03,0.03,0.03,0.03,2055574,ADA-USD,49765.309319983186
2024-12-28,0.03,0.03,0.03,0.03,2673352,ADA-USD,77688.36109031164
2024-12-29,0.03,0.03,0.03,0.03,10844401,ADA-USD,301142.7670198911
2024-12-30,0.03,0.03,0.03,0.03,4537376,ADA-USD,123168.58769532904
